timestamp,price_eur_mwh,ambient_temp_c,solar_irradiance
2023-01-01T00:00:00,41.6957189603305,1.85918284991671,0.0
2023-01-01T00:15:00,35.0150345655838,2.4421343343949617,0.0
2023-01-01T00:30:00,44.09549231311443,-0.12240687906009806,0.0
2023-01-01T00:45:00,45.259251535449806,-1.6025331653168735,0.0
2023-01-01T01:00:00,31.098441092507805,0.5246837305905885,0.0
2023-01-01T01:15:00,34.72263343734465,-0.49090025830484774,0.0
2023-01-01T01:30:00,42.333744927169036,-0.4528634660795848,0.0
2023-01-01T01:45:00,40.653465769186674,0.09611356370380986,0.0
2023-01-01T02:00:00,42.767619698348135,-1.030430802616577,0.0
2023-01-01T02:15:00,39.27752167763954,-0.9320470688196223,0.0
2023-01-01T02:30:00,48.702056630047785,-0.8272721002360176,0.0
2023-01-01T02:45:00,49.02429708912354,0.7041169834968275,0.0
2023-01-01T03:00:00,46.360151425633475,-0.7484138109429866,0.0
2023-01-01T03:15:00,52.62142329439713,-2.0013105353031486,0.0
2023-01-01T03:30:00,50.334451692644166,-1.9230310644405455,0.0
2023-01-01T03:45:00,44.76426658675012,-0.5239651758163497,0.0
2023-01-01T04:00:00,52.01588748197084,-1.7034663734819573,0.0
2023-01-01T04:15:00,46.531946753033324,-2.0223676789513627,0.0
2023-01-01T04:30:00,56.91071642079291,0.31377538080972234,0.0
2023-01-01T04:45:00,53.49371470056385,0.5247785386159459,0.0
2023-01-01T05:00:00,54.07144084178163,-0.34277237165705354,0.0
2023-01-01T05:15:00,52.86567939921608,0.5263582022798695,0.0
2023-01-01T05:30:00,63.67431641052747,0.6495181873915209,0.0
2023-01-01T05:45:00,58.091423566611475,1.3128971260386537,0.0
2023-01-01T06:00:00,58.03049445074282,1.5836258017639464,19.746113881592095
2023-01-01T06:15:00,61.677421277020834,-1.3403468931842073,62.23039568480527
2023-01-01T06:30:00,69.32648901026391,1.3284490524087136,106.26390353673149
2023-01-01T06:45:00,71.64141180917765,2.405999375003952,165.23895028571883
2023-01-01T07:00:00,74.9121775215887,1.8110599939044176,207.0552360820166
2023-01-01T07:15:00,77.8864493177918,2.6039870828892506,265.1888175568753
2023-01-01T07:30:00,89.14064193101066,3.6761159724309707,320.6740029111419
2023-01-01T07:45:00,78.88613238838381,3.3738050263766244,360.6972896568416
2023-01-01T08:00:00,80.60130097296724,5.176521731563174,405.8184379664383
2023-01-01T08:15:00,81.0728675683803,5.177960905127783,472.31338907990533
2023-01-01T08:30:00,89.91614664894625,4.319795278651688,487.00914320697655
2023-01-01T08:45:00,93.87558424777133,4.6310516388377945,527.476652080055
2023-01-01T09:00:00,88.74453189701491,2.371192479742067,566.2166386688584
2023-01-01T09:15:00,85.8798202469324,5.287433163433764,601.4718459831818
2023-01-01T09:30:00,86.40568168326287,4.651404845553214,634.6826722329881
2023-01-01T09:45:00,93.91268273440205,6.613288059040824,690.930525499837
2023-01-01T10:00:00,94.1992935500309,6.927301566678558,692.8203230275509
2023-01-01T10:15:00,92.72565983810661,7.846009132789179,717.4981932261506
2023-01-01T10:30:00,85.92877739313882,8.914287651082162,739.1036260090294
2023-01-01T10:45:00,89.40296420192486,7.848979296585471,758.7063670787619
2023-01-01T11:00:00,87.57407913304336,10.501932896866627,773.5344516803812
2023-01-01T11:15:00,86.62153363874435,8.78738942828095,795.7489731495127
2023-01-01T11:30:00,88.2404603553133,7.563868765279123,802.6436605941577
2023-01-01T11:45:00,83.2051826535046,8.615519600433727,798.2871385908828
2023-01-01T12:00:00,83.56670137691782,9.091410571754896,800.0
2023-01-01T12:15:00,80.46720737377487,10.324682580970675,798.2871385908828
2023-01-01T12:30:00,81.44662778248447,9.034386726461543,793.1558890990484
2023-01-01T12:45:00,82.94428029881566,9.912358375949307,784.6282243225844
2023-01-01T13:00:00,72.20487098806137,10.256628726853977,786.5640317364123
2023-01-01T13:15:00,77.51238006967395,10.154632226484019,765.6261585873597
2023-01-01T13:30:00,76.29786094032009,11.57620916169087,755.5837402838631
2023-01-01T13:45:00,74.91519915099539,11.544418750379421,717.4981932261506
2023-01-01T14:00:00,76.1169303811137,12.1836386777818,722.9875383932457
2023-01-01T14:15:00,84.27623236378123,10.775203086251615,678.6324600939707
2023-01-01T14:30:00,71.71004478891683,12.372713320834196,636.9273658698273
2023-01-01T14:45:00,80.05032148409529,9.844673038398007,613.5387776707413
2023-01-01T15:00:00,65.89992032721027,9.833132283953574,565.685424949238
2023-01-01T15:15:00,71.68462471363084,9.994868438283838,527.4766520800551
2023-01-01T15:30:00,73.16112746725778,11.179397445818385,487.0091432069767
2023-01-01T15:45:00,74.21464987874677,12.30860638394057,459.40532556052506
2023-01-01T16:00:00,73.72826646052262,10.414929462038211,401.6043207937792
2023-01-01T16:15:00,72.984643541938,10.426403956949628,353.83095217520105
2023-01-01T16:30:00,66.08217684761794,10.548775824701814,306.1467458920719
2023-01-01T16:45:00,64.28916390429875,11.175581157527217,257.1515722425294
2023-01-01T17:00:00,69.63839386989453,9.94004370429549,235.55214849831262
2023-01-01T17:15:00,63.11741837747284,9.676917300842204,156.0722576129029
2023-01-01T17:30:00,56.404225789269766,8.636241363333152,104.42095377604126
2023-01-01T17:45:00,55.81376007614381,9.160834318640175,52.32250338411449
2023-01-01T18:00:00,55.57487213155029,10.64161902499805,25.090449552532682
2023-01-01T18:15:00,63.30776758052508,9.268517484022322,0.0
2023-01-01T18:30:00,62.15602407404795,8.134230648747844,0.0
2023-01-01T18:45:00,65.46300537705096,9.791081955789979,0.0
2023-01-01T19:00:00,60.35948942782527,7.636303082883244,0.0
2023-01-01T19:15:00,63.6674641460095,9.295204305739905,0.0
2023-01-01T19:30:00,66.25301860189145,8.921224157034072,0.0
2023-01-01T19:45:00,61.67992716294567,7.2061650031370705,0.0
2023-01-01T20:00:00,65.44639080611198,5.275881328186871,0.0
2023-01-01T20:15:00,59.60929218350235,8.681559132385958,0.0
2023-01-01T20:30:00,60.67052314289461,6.391949794528287,0.0
2023-01-01T20:45:00,59.94820071017248,5.2900483356037,0.0
2023-01-01T21:00:00,55.0507997098822,6.177644499718489,0.0
2023-01-01T21:15:00,62.441872736513865,5.5314005965839215,0.0
2023-01-01T21:30:00,56.44694244905605,5.749297781509561,0.0
2023-01-01T21:45:00,57.463404896815184,3.388626864166766,0.0
2023-01-01T22:00:00,58.24573983716571,3.987075727102702,0.0
2023-01-01T22:15:00,56.36763471542283,2.107009562879526,0.0
2023-01-01T22:30:00,55.628070173994765,3.5917503864941276,0.0
2023-01-01T22:45:00,49.87252498423993,2.5448390740022377,0.0
2023-01-01T23:00:00,46.23712547555622,2.502525840430243,0.0
2023-01-01T23:15:00,45.8980883844381,1.7417454629853497,0.0
2023-01-01T23:30:00,35.788849840829805,1.3179591903027488,0.0
2023-01-01T23:45:00,34.93728561797161,0.39721052032830473,0.0
2023-01-02T00:00:00,33.730718054455444,1.8067849758407437,0.0
2023-01-02T00:15:00,35.400803513447975,2.2376606401433694,0.0
2023-01-02T00:30:00,42.51419002236844,-0.05779295238170101,0.0
2023-01-02T00:45:00,36.20111523136254,0.8237182794316176,0.0
2023-01-02T01:00:00,39.13488682024915,0.49502665022940595,0.0
2023-01-02T01:15:00,47.901755015255674,-0.11414318957147605,0.0
2023-01-02T01:30:00,40.08530561069459,-1.810877480156641,0.0
2023-01-02T01:45:00,46.09433912790912,-1.7241826798054307,0.0
2023-01-02T02:00:00,38.3556196404893,-1.317541460610185,0.0
2023-01-02T02:15:00,42.6876360808384,-2.7647209577155185,0.0
2023-01-02T02:30:00,39.72703903584984,0.7183570099385477,0.0
2023-01-02T02:45:00,43.6122545871451,-0.36045486197611115,0.0
2023-01-02T03:00:00,50.403621179783485,-0.770965600123326,0.0
2023-01-02T03:15:00,38.520697698264335,-2.9183939104236534,0.0
2023-01-02T03:30:00,50.34110575378233,-2.513544574987467,0.0
2023-01-02T03:45:00,50.421489467496805,-0.6280576223305452,0.0
2023-01-02T04:00:00,47.37346633774349,1.4339304560253625,0.0
2023-01-02T04:15:00,44.26815303990515,-1.12122952456792,0.0
2023-01-02T04:30:00,53.051195007495004,0.5795162676205137,0.0
2023-01-02T04:45:00,51.267963264845214,-0.6021434085952956,0.0
2023-01-02T05:00:00,56.33121627095056,0.11808228485803021,0.0
2023-01-02T05:15:00,56.5516704035221,1.4848616233534562,0.0
2023-01-02T05:30:00,65.74258672843101,0.15292377636184007,0.0
2023-01-02T05:45:00,57.83937539425948,0.05785169534979906,0.0
2023-01-02T06:00:00,55.22672865311814,2.434425315281275,38.56005106119038
2023-01-02T06:15:00,64.50654975891267,1.348478378788978,74.5832759939997
2023-01-02T06:30:00,67.93700905702512,2.6976319648096347,104.42095377604126
2023-01-02T06:45:00,76.78221191822857,1.2403251567734956,156.0722576129026
2023-01-02T07:00:00,77.19615324785077,3.665669657236772,211.18994791425132
2023-01-02T07:15:00,77.68878215316904,2.8788905814963988,269.1249908399688
2023-01-02T07:30:00,85.92100093742528,3.397682480299916,328.037711396741
2023-01-02T07:45:00,75.14647475336176,3.461987967886001,353.83095217520105
2023-01-02T08:00:00,80.1358395092453,3.20060619566417,408.74885244122487
2023-01-02T08:15:00,80.68093405726118,4.086770705684055,444.4561864156817
2023-01-02T08:30:00,85.05928307495905,4.03324805696612,487.00914320697655
2023-01-02T08:45:00,81.51937460105445,5.826122735539723,556.5549021558041
2023-01-02T09:00:00,92.66210647403042,5.055938281207133,565.6854249492379
2023-01-02T09:15:00,89.14157170092028,4.1549069958627545,601.4718459831818
2023-01-02T09:30:00,83.3461388438749,4.362728866606822,639.0985742239476
2023-01-02T09:45:00,85.75390594390996,4.702819228052141,692.9242731254882
2023-01-02T10:00:00,92.22267448593378,7.429880476444861,699.3282320492574
2023-01-02T10:15:00,94.37260389072165,6.036127928721321,717.4981932261506
2023-01-02T10:30:00,99.41206294271034,7.855181818304901,739.1036260090294
2023-01-02T10:45:00,102.98355247129703,8.049302107081216,759.4990322546729
2023-01-02T11:00:00,89.23477980838882,8.194286853366018,772.7406610312546
2023-01-02T11:15:00,80.75248260960909,9.030822049775779,787.3619502006975
2023-01-02T11:30:00,73.39516761658493,9.069867559418647,797.0757913643871
2023-01-02T11:45:00,83.59784477601949,6.50534059609526,798.2871385908828
2023-01-02T12:00:00,76.27951063967583,9.178010894546592,836.2950858789762
2023-01-02T12:15:00,78.22460828010111,10.19513742721309,810.0964826895687
2023-01-02T12:30:00,77.11262934840462,11.659398300778205,817.3877066749319
2023-01-02T12:45:00,79.25596729221014,11.934270738673565,803.0398594880169
2023-01-02T13:00:00,84.99263379594704,9.09199735739717,772.7406610312546
2023-01-02T13:15:00,80.0680615433563,10.290506598159153,757.5441035960846
2023-01-02T13:30:00,78.02863258125976,9.236157829635518,739.1036260090294
2023-01-02T13:45:00,73.10340218275216,12.460461300356513,731.1202382761555
2023-01-02T14:00:00,69.29130946839445,12.067406614158756,692.820323027551
2023-01-02T14:15:00,74.54206881691171,11.494295017558352,699.6763486827277
2023-01-02T14:30:00,75.94237016796056,11.373759477778869,634.6826722329881
2023-01-02T14:45:00,84.22066183370642,12.62678008805689,605.7613474291225
2023-01-02T15:00:00,75.13772434732283,12.470320643035935,565.685424949238
2023-01-02T15:15:00,78.44482997334413,12.404193684363538,527.4766520800551
2023-01-02T15:30:00,70.02296670370612,11.664344476300919,530.4560802562489
2023-01-02T15:45:00,65.53090194453438,10.794478831181015,444.4561864156817
2023-01-02T16:00:00,65.5186323050656,11.821675238027764,399.99999999999994
2023-01-02T16:15:00,65.56385959792873,11.756618130501543,353.83095217520105
2023-01-02T16:30:00,78.64023342570508,10.611635173751555,306.96755820585037
2023-01-02T16:45:00,62.66607202616876,10.288982978637685,257.1515722425294
2023-01-02T17:00:00,69.7130430369596,11.588461140540637,207.05523608201682
2023-01-02T17:15:00,59.7313866661149,11.911929230860675,156.0722576129029
2023-01-02T17:30:00,67.61260502499971,9.269719709108442,116.6146846317205
2023-01-02T17:45:00,63.57703353135964,9.506657617701686,72.86224037255357
2023-01-02T18:00:00,59.561026627937004,9.85256921184978,0.4800122593097026
2023-01-02T18:15:00,60.7902337842482,9.70166933662482,0.0
2023-01-02T18:30:00,58.342039471217284,8.389197663086827,0.0
2023-01-02T18:45:00,64.41302216879164,10.475937476737453,0.0
2023-01-02T19:00:00,60.392917812473144,8.681090713820966,0.0
2023-01-02T19:15:00,56.918819426458796,8.444110998060356,0.0
2023-01-02T19:30:00,56.90746131512578,9.313980123978089,0.0
2023-01-02T19:45:00,64.26168200482657,6.738570614850176,0.0
2023-01-02T20:00:00,71.23005345504622,6.723477842448644,0.0
2023-01-02T20:15:00,63.89096251137191,5.176215151350938,0.0
2023-01-02T20:30:00,62.064683299839665,5.869802129342527,0.0
2023-01-02T20:45:00,63.458103432845945,4.162486699721291,0.0
2023-01-02T21:00:00,67.73208920103063,6.006844802468969,0.0
2023-01-02T21:15:00,61.276005394074346,5.28657342296493,0.0
2023-01-02T21:30:00,56.9114005505701,4.198768987916945,0.0
2023-01-02T21:45:00,63.1044604081453,3.988029808361178,0.0
2023-01-02T22:00:00,58.15787128961334,4.467547592849664,0.0
2023-01-02T22:15:00,61.98584134992218,2.1945625695669286,0.0
2023-01-02T22:30:00,53.38939936990947,3.1670627215377807,0.0
2023-01-02T22:45:00,44.41468980285366,3.304773113420534,0.0
2023-01-02T23:00:00,41.68490359421777,0.47672137086855315,0.0
2023-01-02T23:15:00,54.72340165479545,2.6105120558602035,0.0
2023-01-02T23:30:00,53.01593316920555,-0.06763558903809286,0.0
2023-01-02T23:45:00,41.44733446834316,1.18532607382385,0.0
2023-01-03T00:00:00,38.6002600665526,-0.10667100972958177,0.0
2023-01-03T00:15:00,47.86623966867148,2.2195685159010807,0.0
2023-01-03T00:30:00,35.15207103453889,-0.6178803144148288,0.0
2023-01-03T00:45:00,36.4268559693888,-1.3396467842957254,0.0
2023-01-03T01:00:00,44.414314119896396,0.23656050037461376,0.0
2023-01-03T01:15:00,39.60456846803248,-0.49557864773202315,0.0
2023-01-03T01:30:00,42.012996688406446,-1.748521642246723,0.0
2023-01-03T01:45:00,41.761527348956214,0.1435952036691457,0.0
2023-01-03T02:00:00,44.883561340538435,-2.4876932386991593,0.0
2023-01-03T02:15:00,50.92421373275022,-1.6215918735175774,0.0
2023-01-03T02:30:00,45.10205440091656,-1.2245266571787174,0.0
2023-01-03T02:45:00,48.699094489037286,0.11442963420844998,0.0
2023-01-03T03:00:00,36.12320054334647,0.5948291484980821,0.0
2023-01-03T03:15:00,47.08568836058057,0.41498948938088254,0.0
2023-01-03T03:30:00,44.12481674059377,-0.8025821772201647,0.0
2023-01-03T03:45:00,43.31072670972236,-3.0126591457296086,0.0
2023-01-03T04:00:00,46.125434837588784,-0.10534115503092145,0.0
2023-01-03T04:15:00,49.99980566434845,1.0883537437389097,0.0
2023-01-03T04:30:00,57.44204073671081,0.9898739942307784,0.0
2023-01-03T04:45:00,47.45544377747149,0.3810733420325195,0.0
2023-01-03T05:00:00,55.49297323315422,-1.0862944055601544,0.0
2023-01-03T05:15:00,54.19354306524208,-0.214763895958756,0.0
2023-01-03T05:30:00,56.2673073560217,2.4730551384831934,0.0
2023-01-03T05:45:00,64.2219232141527,-0.628407598053067,0.0
2023-01-03T06:00:00,63.20677385725217,-0.0911211337847404,9.990401304954426
2023-01-03T06:15:00,70.4691426773499,2.285837442049801,52.32250338411445
2023-01-03T06:30:00,66.23647779692187,1.2156329626270783,104.42095377604126
2023-01-03T06:45:00,66.67854153967795,0.7841842611626952,204.33383234829998
2023-01-03T07:00:00,72.07328348988047,3.827331960207946,207.0552360820166
2023-01-03T07:15:00,77.28889136978269,3.1066846183160624,289.9505100990202
2023-01-03T07:30:00,79.65933382960111,2.6214590229172137,335.08400724568907
2023-01-03T07:45:00,75.84033021981426,2.2249491537664454,363.91282230689404
2023-01-03T08:00:00,83.95902663713849,5.793853074729744,399.99999999999994
2023-01-03T08:15:00,86.62693597098841,4.104367030641553,445.07733622294097
2023-01-03T08:30:00,99.76768283441258,5.913531690634115,487.00914320697655
2023-01-03T08:45:00,97.95900895124942,5.8005755507135115,527.8784659088645
2023-01-03T09:00:00,85.3921155431694,4.778459219821696,565.6854249492379
2023-01-03T09:15:00,88.98774893467336,5.178838441876008,616.5970049641828
2023-01-03T09:30:00,83.55494086320824,7.528832832739159,654.3823727752094
2023-01-03T09:45:00,88.05024683613532,7.932420046201678,688.576175883375
2023-01-03T10:00:00,92.40511082263959,4.97535907597932,692.8203230275509
2023-01-03T10:15:00,96.383219711696,7.777777834286092,717.4981932261506
2023-01-03T10:30:00,85.95496985153845,7.474246570951849,746.1372543384451
2023-01-03T10:45:00,85.31548849692648,6.919769759860431,792.6655900390593
2023-01-03T11:00:00,76.59826804932064,8.561106876202128,774.1284537235252
2023-01-03T11:15:00,85.05882416304895,7.283185388616149,793.6741660448264
2023-01-03T11:30:00,78.91530751694873,8.485474000891154,793.1558890990483
2023-01-03T11:45:00,79.78407088347501,8.456961939315377,798.2871385908828
2023-01-03T12:00:00,76.1318927813946,9.042210204448217,813.16551877209
2023-01-03T12:15:00,80.00206236574182,9.738921132696804,798.2871385908828
2023-01-03T12:30:00,71.55645194292559,9.043914161326855,801.226347329635
2023-01-03T12:45:00,72.7966760533422,11.8613574841735,794.7783614681249
2023-01-03T13:00:00,90.48094875815539,10.988796437585687,779.6909978140328
2023-01-03T13:15:00,73.0176863557645,12.475160259063115,768.7012099838394
2023-01-03T13:30:00,73.50985943018507,10.682558007474631,739.1036260090294
2023-01-03T13:45:00,87.63821914449287,10.432151596158455,717.4981932261506
2023-01-03T14:00:00,92.36204059412336,12.853331353712369,692.820323027551
2023-01-03T14:15:00,71.28775577415675,10.606012724030327,665.1756898420364
2023-01-03T14:30:00,74.54201869411709,11.069737927738668,634.6826722329881
2023-01-03T14:45:00,77.26077057651463,12.006561731413866,606.2918519114754
2023-01-03T15:00:00,83.30182051799144,10.061634973187651,583.8497735659188
2023-01-03T15:15:00,68.76882758209273,11.9978090057102,551.2268895631248
2023-01-03T15:30:00,71.46503602269641,11.831377015892397,515.2543806599199
2023-01-03T15:45:00,75.5142892129333,12.453397781942146,444.4561864156817
2023-01-03T16:00:00,72.69002704456562,11.984960242229482,399.99999999999994
2023-01-03T16:15:00,67.48119012046207,12.280919911333136,353.83095217520105
2023-01-03T16:30:00,67.50075049695413,10.73221607604424,307.75247671221945
2023-01-03T16:45:00,60.07050693644587,9.817926911974,257.1515722425294
2023-01-03T17:00:00,64.50170885440964,12.605498618274925,207.05523608201682
2023-01-03T17:15:00,63.086065662510336,8.761482839778235,156.0722576129029
2023-01-03T17:30:00,64.28756996476484,8.632967744358535,114.08723022469133
2023-01-03T17:45:00,59.04762316274032,10.375527666867626,52.32250338411449
2023-01-03T18:00:00,62.87388928495823,11.166987516781566,46.86714345174215
2023-01-03T18:15:00,66.2296060600296,9.44498651799951,0.0
2023-01-03T18:30:00,62.565105142711644,9.951233055239463,0.0
2023-01-03T18:45:00,64.11342375938233,6.636979452130585,0.0
2023-01-03T19:00:00,63.10559250807147,7.799815819303793,0.0
2023-01-03T19:15:00,63.21925076675719,6.079145115655678,0.0
2023-01-03T19:30:00,59.861339575014725,8.37587233390413,0.0
2023-01-03T19:45:00,65.15319428058758,5.680766246714886,0.0
2023-01-03T20:00:00,63.02014473693167,5.574456206067409,0.0
2023-01-03T20:15:00,73.72882654416277,6.983927918543104,0.0
2023-01-03T20:30:00,70.69662999877038,7.144342286822969,0.0
2023-01-03T20:45:00,64.13018605362082,5.532811448636572,0.0
2023-01-03T21:00:00,57.55877500002775,5.869533285593441,0.0
2023-01-03T21:15:00,54.78901608334306,5.444730172977165,0.0
2023-01-03T21:30:00,65.09373202618819,4.300776768722148,0.0
2023-01-03T21:45:00,59.05874353958663,3.034113366501912,0.0
2023-01-03T22:00:00,58.58678667026841,4.31133791775445,0.0
2023-01-03T22:15:00,45.75611201107634,3.9838196804410435,0.0
2023-01-03T22:30:00,57.28240014759593,3.897284590384651,0.0
2023-01-03T22:45:00,52.98111720853306,2.957695064249821,0.0
2023-01-03T23:00:00,43.14552672437878,1.130860868005603,0.0
2023-01-03T23:15:00,44.283118512394545,2.6562795447364986,0.0
2023-01-03T23:30:00,45.88817114307675,1.6454111272042673,0.0
2023-01-03T23:45:00,42.77924508254246,0.8605484465611741,0.0
2023-01-04T00:00:00,39.22716833900542,0.8053240991384535,0.0
2023-01-04T00:15:00,40.213404462921325,0.14130460018720736,0.0
2023-01-04T00:30:00,39.59924014951257,1.471324360558469,0.0
2023-01-04T00:45:00,41.835131220470934,-1.064331783943842,0.0
2023-01-04T01:00:00,48.72696760720762,-0.847037734061599,0.0
2023-01-04T01:15:00,28.9161294734646,-0.3674087104163738,0.0
2023-01-04T01:30:00,41.02618229524904,1.413074276622731,0.0
2023-01-04T01:45:00,43.633131544231674,0.7153003955736663,0.0
2023-01-04T02:00:00,44.847486140769924,-2.093795137530184,0.0
2023-01-04T02:15:00,42.19905911536584,0.8092360297845549,0.0
2023-01-04T02:30:00,36.03734854980558,0.7433516721922724,0.0
2023-01-04T02:45:00,47.2912055370142,-1.818561242002812,0.0
2023-01-04T03:00:00,55.18263971511317,-3.178857647144994,0.0
2023-01-04T03:15:00,39.83180094144113,-0.7167745383274116,0.0
2023-01-04T03:30:00,52.83193575633973,0.5163558645084112,0.0
2023-01-04T03:45:00,47.93399349201669,1.049150910832271,0.0
2023-01-04T04:00:00,50.38140253887896,-1.323781598644209,0.0
2023-01-04T04:15:00,46.577757910123424,1.4129989511437828,0.0
2023-01-04T04:30:00,51.362074758942015,-2.42860896743297,0.0
2023-01-04T04:45:00,60.75945793545476,-0.40668643957396666,0.0
2023-01-04T05:00:00,58.424919575911325,-0.27076246847092783,0.0
2023-01-04T05:15:00,65.44777585475035,1.5061199745604832,0.0
2023-01-04T05:30:00,63.964559868510634,1.8807830476438199,0.0
2023-01-04T05:45:00,61.57539507806822,1.7857854340109833,0.0
2023-01-04T06:00:00,69.40769689886217,-0.250590112413728,0.8431711515306778
2023-01-04T06:15:00,66.14894552961833,2.24914476464996,52.32250338411445
2023-01-04T06:30:00,71.32077467294732,2.1990740179926194,104.42095377604126
2023-01-04T06:45:00,68.84722742614858,0.3379448400542475,176.06335906907327
2023-01-04T07:00:00,73.69713424936965,0.27558679464976477,207.0552360820166
2023-01-04T07:15:00,72.76111589271585,3.72685777215822,275.5705011039601
2023-01-04T07:30:00,83.89621430609748,2.8664007282816684,309.8189291798787
2023-01-04T07:45:00,75.54258006119743,2.1287817391776063,353.83095217520105
2023-01-04T08:00:00,87.59015703687808,3.5815144241275583,418.1163077056673
2023-01-04T08:15:00,84.70436662855876,4.536099772467884,458.07681728696696
2023-01-04T08:30:00,93.20837570987024,4.476592343463595,495.42008463093725
2023-01-04T08:45:00,92.50095843428804,3.3981956949445067,547.7946561356633
2023-01-04T09:00:00,98.93339067998815,7.228157527015561,569.7473913410096
2023-01-04T09:15:00,94.25036679390313,6.739237367820202,601.4718459831818
2023-01-04T09:30:00,83.18377718991772,5.790380325098294,634.6826722329881
2023-01-04T09:45:00,90.8408436372524,6.218047899645933,665.1756898420361
2023-01-04T10:00:00,85.13887743750446,7.255002288779751,705.9676195517236
2023-01-04T10:15:00,87.93437999121412,6.1416160195300895,735.42219001201
2023-01-04T10:30:00,97.32835880243076,7.961377654178959,757.9376708516903
2023-01-04T10:45:00,91.9457173475446,6.665600327904693,767.3259975806806
2023-01-04T11:00:00,84.01188865091085,8.272066406606285,792.0991636190406
2023-01-04T11:15:00,80.97539452936215,7.507450521712205,784.6282243225844
2023-01-04T11:30:00,84.56311763641851,7.877085215177061,793.1558890990483
2023-01-04T11:45:00,76.52029486919041,10.944398127670075,798.2871385908828
2023-01-04T12:00:00,77.3323228810403,9.64446720485529,800.0
2023-01-04T12:15:00,82.20525009055149,10.061045953726483,830.612173309538
2023-01-04T12:30:00,86.29348167603288,8.09134080411754,815.0206327461423
2023-01-04T12:45:00,83.34753723721002,9.734416538745675,797.8739324520728
2023-01-04T13:00:00,68.55009325081406,10.99996516486243,772.7406610312546
2023-01-04T13:15:00,81.14846050307662,10.917973338595086,757.5441035960846
2023-01-04T13:30:00,79.52578278441183,8.731847997165467,742.844179684718
2023-01-04T13:45:00,80.69493052554043,11.231319317079166,739.7117098625968
2023-01-04T14:00:00,86.08958075196801,11.50471438473555,701.0177528127357
2023-01-04T14:15:00,67.0012251300504,12.511074304069533,665.1756898420364
2023-01-04T14:30:00,73.59957394789238,10.636038672755971,636.7748901753048
2023-01-04T14:45:00,78.67935203156952,9.0876854427474,601.4718459831819
2023-01-04T15:00:00,66.92218789448444,10.345829871646297,581.7691016113582
2023-01-04T15:15:00,81.25468581029212,10.232689124014515,527.4766520800551
2023-01-04T15:30:00,74.7050359117009,12.02797866947429,487.0091432069767
2023-01-04T15:45:00,76.03234885763226,8.510575717475517,460.8147996703258
2023-01-04T16:00:00,67.83330596041422,10.68979912111324,411.1875567436797
2023-01-04T16:15:00,73.60261652223429,12.44997687399934,358.4789314234853
2023-01-04T16:30:00,73.68405069527019,10.893090281352807,349.98090483509293
2023-01-04T16:45:00,68.28120367477227,11.620153888824007,269.8515689676485
2023-01-04T17:00:00,67.0364096335671,8.896954712606995,207.05523608201682
2023-01-04T17:15:00,65.9415469047544,8.729428784060401,166.45633496260172
2023-01-04T17:30:00,58.981821788727316,11.539963123044098,104.42095377604126
2023-01-04T17:45:00,61.2584434514243,9.95485483408257,77.65767982205453
2023-01-04T18:00:00,59.925411605761404,9.68851567277988,5.619544136608661
2023-01-04T18:15:00,63.25482388848859,8.180522685944869,0.0
2023-01-04T18:30:00,66.95890733471144,9.095950926454009,0.0
2023-01-04T18:45:00,57.23378890328493,7.530084453228968,0.0
2023-01-04T19:00:00,62.3865982143749,9.5294710723571,0.0
2023-01-04T19:15:00,70.79793413538565,10.724163474633631,0.0
2023-01-04T19:30:00,59.9230161944568,8.12264227130732,0.0
2023-01-04T19:45:00,59.6313004815601,6.636291029808878,0.0
2023-01-04T20:00:00,64.68993628394574,4.361856563571919,0.0
2023-01-04T20:15:00,67.65673854772706,4.828678441005882,0.0
2023-01-04T20:30:00,63.058813359988115,7.680619607798897,0.0
2023-01-04T20:45:00,69.01758383881392,4.705827555561236,0.0
2023-01-04T21:00:00,65.82985855712488,4.97176574176494,0.0
2023-01-04T21:15:00,64.73200137350112,5.6055078226497725,0.0
2023-01-04T21:30:00,62.08042736315499,6.0417332694929335,0.0
2023-01-04T21:45:00,69.55509051137203,3.9724717701908436,0.0
2023-01-04T22:00:00,55.33208880477079,3.3850194831702947,0.0
2023-01-04T22:15:00,44.633258081405394,3.485584860143166,0.0
2023-01-04T22:30:00,60.83830714318139,2.418862212621696,0.0
2023-01-04T22:45:00,48.592345958467774,2.1150492788444897,0.0
2023-01-04T23:00:00,49.408909963957,2.7544807409853242,0.0
2023-01-04T23:15:00,53.36032356973758,2.194470743168326,0.0
2023-01-04T23:30:00,36.730115011790176,3.8216373559577135,0.0
2023-01-04T23:45:00,36.4305026160212,1.825374549486468,0.0
2023-01-05T00:00:00,32.8532583017802,2.297207022251534,0.0
2023-01-05T00:15:00,36.93178807247528,-0.19362186032000328,0.0
2023-01-05T00:30:00,43.22893378998323,1.1537394095598519,0.0
2023-01-05T00:45:00,43.86488159337371,-0.32309685913933994,0.0
2023-01-05T01:00:00,42.922502358235874,0.588003001866918,0.0
2023-01-05T01:15:00,34.85721597801052,0.6959803101957027,0.0
2023-01-05T01:30:00,30.831540153985507,-0.10470618978925408,0.0
2023-01-05T01:45:00,43.19396108367261,2.114447105781151,0.0
2023-01-05T02:00:00,41.18025974349401,1.0211269726510346,0.0
2023-01-05T02:15:00,46.52718459990662,0.6812358116867061,0.0
2023-01-05T02:30:00,48.50234931265611,0.20431918540414273,0.0
2023-01-05T02:45:00,46.51405899808833,1.1649094395754158,0.0
2023-01-05T03:00:00,50.518177790522785,-2.048267136192224,0.0
2023-01-05T03:15:00,48.81878855594843,0.7718317398359478,0.0
2023-01-05T03:30:00,51.33474293520739,-1.5512113189653929,0.0
2023-01-05T03:45:00,46.224877012633016,-1.0603486402091202,0.0
2023-01-05T04:00:00,49.961590918217176,0.15453964760424999,0.0
2023-01-05T04:15:00,52.99775466627922,0.9403415498170817,0.0
2023-01-05T04:30:00,57.30862171715976,-1.30815166547269,0.0
2023-01-05T04:45:00,52.46215282018837,-0.5050791655968693,0.0
2023-01-05T05:00:00,58.289103363984616,0.2900818110716705,0.0
2023-01-05T05:15:00,55.628647587475,0.21351848276600688,0.0
2023-01-05T05:30:00,57.66141330633278,1.4826141807647681,0.0
2023-01-05T05:45:00,63.69918061289197,4.313590932387649,0.0
2023-01-05T06:00:00,50.89434613210369,1.565382182683587,6.708721335655881
2023-01-05T06:15:00,57.64324181490429,0.6974308325142629,59.43821760900326
2023-01-05T06:30:00,59.94153052109919,0.43962525658567264,119.42465108033376
2023-01-05T06:45:00,58.83362531393186,1.7300268495737734,156.0722576129026
2023-01-05T07:00:00,70.144706688649,1.4484522752482025,207.0552360820166
2023-01-05T07:15:00,80.1670282272072,3.2025198119384073,257.15157224252926
2023-01-05T07:30:00,77.6954980205616,3.54462320287068,306.1467458920718
2023-01-05T07:45:00,82.59467230583228,2.996897164933066,361.96896760919924
2023-01-05T08:00:00,89.296116527695,5.820742904445651,420.9816407233652
2023-01-05T08:15:00,92.46767629677427,3.4827129099403282,444.4561864156817
2023-01-05T08:30:00,87.1780742882542,4.486113940058509,495.712127004682
2023-01-05T08:45:00,95.68616665782997,5.6354460517859515,527.476652080055
2023-01-05T09:00:00,90.46241690327595,6.280757055046821,565.6854249492379
2023-01-05T09:15:00,86.58112593842384,7.058697458201049,642.5830668583751
2023-01-05T09:30:00,88.2436004265415,6.60035579359054,634.6826722329881
2023-01-05T09:45:00,83.94455065826959,7.6101567941617585,665.1756898420361
2023-01-05T10:00:00,86.72986785116154,6.276508259864177,697.1146309686571
2023-01-05T10:15:00,88.9073194820246,8.235420913446344,722.8686227953659
2023-01-05T10:30:00,93.96176545229142,8.58953190562393,752.4482688328283
2023-01-05T10:45:00,97.5335211682373,9.555320977344536,797.5686646662826
2023-01-05T11:00:00,80.76725693627064,6.7202661690484495,772.7406610312546
2023-01-05T11:15:00,88.179742422215,7.814940443793538,784.6282243225844
2023-01-05T11:30:00,79.36811119560079,9.864411704696618,825.3319990451854
2023-01-05T11:45:00,85.14820477776331,6.693412571996007,817.0696139009985
2023-01-05T12:00:00,80.20421473393583,10.123349022184627,816.0016267552346
2023-01-05T12:15:00,71.66229732290887,10.959545431082223,798.2871385908828
2023-01-05T12:30:00,85.33003017269309,9.572446955473964,815.6736535072935
2023-01-05T12:45:00,77.45035003139542,9.947329834980351,800.6918807262051
2023-01-05T13:00:00,77.50866332128805,9.51071723674372,776.5314063936419
2023-01-05T13:15:00,74.44948852082813,10.248391490741719,757.5441035960846
2023-01-05T13:30:00,76.06582225416241,10.439410854382954,741.2375370967983
2023-01-05T13:45:00,80.93655502150281,10.387441663782104,750.4679309958161
2023-01-05T14:00:00,77.2339343583812,10.446578941226905,692.820323027551
2023-01-05T14:15:00,79.13235024483778,11.00240905880798,665.1756898420364
2023-01-05T14:30:00,78.53632406284338,11.054267013863733,634.6826722329881
2023-01-05T14:45:00,82.49975241459484,13.24998760056967,601.4718459831819
2023-01-05T15:00:00,73.28785285678352,10.994517018159982,565.685424949238
2023-01-05T15:15:00,66.66227520514718,11.72000591690047,546.6480726440933
2023-01-05T15:30:00,78.37098865040879,10.760488363043553,496.23742549532597
2023-01-05T15:45:00,70.31361178728022,10.683818067854917,445.6730074257503
2023-01-05T16:00:00,76.43261021026134,9.47988658127878,405.53986950160686
2023-01-05T16:15:00,71.62230735766684,9.498916690436532,366.3107713824646
2023-01-05T16:30:00,67.85762898365954,9.724981076691712,306.1467458920719
2023-01-05T16:45:00,69.03231676366917,10.953635445233193,278.58325607762146
2023-01-05T17:00:00,75.79109169005638,11.661028239268209,207.05523608201682
2023-01-05T17:15:00,75.1463570729658,8.590855308196748,156.0722576129029
2023-01-05T17:30:00,63.817077507439386,9.599745401675587,111.22966021011298
2023-01-05T17:45:00,62.96866353856271,8.532850296800508,52.32250338411449
2023-01-05T18:00:00,66.2408487747064,9.367065754262727,9.738608821866888
2023-01-05T18:15:00,57.28117312223564,10.420546545584557,0.0
2023-01-05T18:30:00,63.796761682602515,8.59438833372134,0.0
2023-01-05T18:45:00,62.56877879275896,8.674606587194909,0.0
2023-01-05T19:00:00,64.75280814261183,9.843930557669307,0.0
2023-01-05T19:15:00,59.395436086695014,8.500335233098909,0.0
2023-01-05T19:30:00,55.86474359132604,6.924710899650729,0.0
2023-01-05T19:45:00,53.54925710740652,7.476254238931688,0.0
2023-01-05T20:00:00,58.26310847919301,6.114067420489827,0.0
2023-01-05T20:15:00,61.313059889955056,6.979726106109763,0.0
2023-01-05T20:30:00,61.70734886829228,6.687199468670061,0.0
2023-01-05T20:45:00,72.23056041812782,4.413961236159398,0.0
2023-01-05T21:00:00,67.24747921318,5.563851578662767,0.0
2023-01-05T21:15:00,55.88406917669394,4.878710127900215,0.0
2023-01-05T21:30:00,61.220010838140574,5.150222405128794,0.0
2023-01-05T21:45:00,56.05305754724124,5.0495072801993555,0.0
2023-01-05T22:00:00,55.10770177825181,4.313237494786475,0.0
2023-01-05T22:15:00,55.74912150816614,3.1568720160782706,0.0
2023-01-05T22:30:00,56.084514639823915,4.0259315879504545,0.0
2023-01-05T22:45:00,49.35617441318309,1.861907243652734,0.0
2023-01-05T23:00:00,54.360389125264895,1.0681801679074918,0.0
2023-01-05T23:15:00,41.27450273407419,-1.14000592140142,0.0
2023-01-05T23:30:00,44.94473174824741,1.6659926354875154,0.0
2023-01-05T23:45:00,55.84873103888233,0.6110808311831438,0.0
2023-01-06T00:00:00,42.14641568760072,1.5927655230370095,0.0
2023-01-06T00:15:00,48.23991104273314,-1.0446145048372877,0.0
2023-01-06T00:30:00,41.65972063786418,0.030353141434032782,0.0
2023-01-06T00:45:00,44.31919684305872,0.9191039661301565,0.0
2023-01-06T01:00:00,41.428584476729526,-0.7883368349746682,0.0
2023-01-06T01:15:00,41.240376478751216,0.46567203349767583,0.0
2023-01-06T01:30:00,38.65601434062151,-0.6626480560548164,0.0
2023-01-06T01:45:00,45.24506893860835,-0.27673735266968724,0.0
2023-01-06T02:00:00,39.452822952856735,0.23725478276338974,0.0
2023-01-06T02:15:00,47.729550909990586,0.5057370747768747,0.0
2023-01-06T02:30:00,50.59038519087919,-0.41852502284131154,0.0
2023-01-06T02:45:00,47.82687786108095,-1.363512100229421,0.0
2023-01-06T03:00:00,45.457637682964936,-1.0203871282987058,0.0
2023-01-06T03:15:00,50.11392856901645,0.08745355773628194,0.0
2023-01-06T03:30:00,47.31242311656787,-1.5322710176445244,0.0
2023-01-06T03:45:00,54.59734794140805,-0.6251265449786441,0.0
2023-01-06T04:00:00,41.87398655339873,-0.7437873220149407,0.0
2023-01-06T04:15:00,50.50720632950109,-0.34729082620865426,0.0
2023-01-06T04:30:00,43.42328835155256,-1.114907990236153,0.0
2023-01-06T04:45:00,47.126923517275095,-1.795529067327298,0.0
2023-01-06T05:00:00,62.673947221493485,0.7622419273339556,0.0
2023-01-06T05:15:00,61.60513544401021,1.4129654837543217,0.0
2023-01-06T05:30:00,54.82309196364937,-1.1146432651646236,0.0
2023-01-06T05:45:00,52.210437109667005,1.295539050133297,0.0
2023-01-06T06:00:00,46.2083727852661,2.278193961806836,35.23552761140452
2023-01-06T06:15:00,61.57949490271482,2.077487890242854,57.6229748675201
2023-01-06T06:30:00,79.6259015566502,1.3684129813525538,104.42095377604126
2023-01-06T06:45:00,72.84749625759152,1.1607339662125735,161.78417835955858
2023-01-06T07:00:00,70.90953644627733,2.518629813430934,207.0552360820166
2023-01-06T07:15:00,78.91662876316992,3.031704651613817,257.15157224252926
2023-01-06T07:30:00,71.48649557460216,3.2373586510463044,313.21922251989236
2023-01-06T07:45:00,80.29047406973473,3.3288803121444093,371.42624673774816
2023-01-06T08:00:00,84.51878539631963,2.8020857393430623,399.99999999999994
2023-01-06T08:15:00,85.57011136343047,4.689798093293026,444.4561864156817
2023-01-06T08:30:00,91.6491635574352,5.125349075174158,487.00914320697655
2023-01-06T08:45:00,90.81283232826316,5.246055084161758,527.476652080055
2023-01-06T09:00:00,93.51478268874529,5.548645379152202,565.6854249492379
2023-01-06T09:15:00,87.49762463350726,7.509319997207908,601.4718459831818
2023-01-06T09:30:00,95.87604821668782,5.596430102827858,634.6826722329881
2023-01-06T09:45:00,99.66328694631453,7.88962876363437,676.5336803845993
2023-01-06T10:00:00,86.49115850867264,6.256541535474231,702.0768439504694
2023-01-06T10:15:00,86.43029363092384,8.475239098856342,721.4900612813545
2023-01-06T10:30:00,96.79413102409947,8.967119878352026,755.4333816959115
2023-01-06T10:45:00,88.14432106603198,7.7983326719930695,757.5441035960845
2023-01-06T11:00:00,94.86864046058852,10.098614788141777,772.7406610312546
2023-01-06T11:15:00,84.17429550855438,9.240109018944647,784.6282243225844
2023-01-06T11:30:00,92.01742775984192,8.212947866992701,793.1558890990483
2023-01-06T11:45:00,83.60351740657445,9.019570030292147,798.2871385908828
2023-01-06T12:00:00,82.32216109108784,10.813054727306879,800.0
2023-01-06T12:15:00,88.81178554759595,10.871755280831456,820.3841496945273
2023-01-06T12:30:00,79.0510618147297,9.139731374449065,809.1729577114056
2023-01-06T12:45:00,75.94111210291418,10.28721209570572,795.131901461706
2023-01-06T13:00:00,78.10671246011394,10.837327139564088,775.3730218959942
2023-01-06T13:15:00,82.23128931759217,10.311283594201466,786.5220741189253
2023-01-06T13:30:00,71.67981226379752,13.338728652523383,739.1036260090294
2023-01-06T13:45:00,82.15582631838373,11.352896254456903,717.4981932261506
2023-01-06T14:00:00,75.65766846207441,11.171394500912305,715.3062285013217
2023-01-06T14:15:00,83.39947252419309,12.513214460758416,665.7277877788106
2023-01-06T14:30:00,64.9267822557967,11.021107367484971,634.6826722329881
2023-01-06T14:45:00,72.13498424853306,12.432232884129888,612.5103385183113
2023-01-06T15:00:00,66.7408118420348,9.76991933849796,565.685424949238
2023-01-06T15:15:00,70.08678594465597,10.971151227266999,527.4766520800551
2023-01-06T15:30:00,74.44457506019349,12.435391320701052,487.0091432069767
2023-01-06T15:45:00,71.24628850761762,12.892561137089999,450.887173636202
2023-01-06T16:00:00,69.76412912973429,10.459910978809361,404.1163099326132
2023-01-06T16:15:00,69.08086642195408,10.22941087483293,384.16588750832005
2023-01-06T16:30:00,69.70162682487587,11.548375359519124,306.1467458920719
2023-01-06T16:45:00,62.41712607082205,10.195854288359362,257.1515722425294
2023-01-06T17:00:00,69.74164608102004,10.365226239032182,235.84790669255514
2023-01-06T17:15:00,68.24615326672435,11.302874432633375,175.7851934784547
2023-01-06T17:30:00,65.56673050715588,9.653669594214344,107.31891985129604
2023-01-06T17:45:00,65.12174677283353,7.983264827419123,52.32250338411449
2023-01-06T18:00:00,62.51310697851765,8.379207985594348,9.797174393178826e-14
2023-01-06T18:15:00,71.8562137868276,9.403682210401639,0.0
2023-01-06T18:30:00,61.86730795134857,7.226797159660384,0.0
2023-01-06T18:45:00,61.33404592795524,8.473912714901237,0.0
2023-01-06T19:00:00,59.586998170637045,7.045555217836952,0.0
2023-01-06T19:15:00,58.57233575065274,9.73132288226055,0.0
2023-01-06T19:30:00,57.76159110696539,9.898894923037156,0.0
2023-01-06T19:45:00,59.64155670830827,6.308091423557846,0.0
2023-01-06T20:00:00,63.667996122980576,7.2473246847339885,0.0
2023-01-06T20:15:00,65.44928094424017,5.647789934180864,0.0
2023-01-06T20:30:00,63.60038608139678,5.911493285346743,0.0
2023-01-06T20:45:00,58.88809720593156,7.633539837417608,0.0
2023-01-06T21:00:00,66.3898041708432,4.97096318635446,0.0
2023-01-06T21:15:00,64.5629571070067,4.759195496462973,0.0
2023-01-06T21:30:00,58.85459602587559,3.711965313532937,0.0
2023-01-06T21:45:00,54.995236992769186,5.413299179649038,0.0
2023-01-06T22:00:00,59.44302955970116,0.6214707609417953,0.0
2023-01-06T22:15:00,55.93373018561963,3.066217620730354,0.0
2023-01-06T22:30:00,45.91939174497159,3.0956650457549473,0.0
2023-01-06T22:45:00,50.88393453978102,2.1228422629160235,0.0
2023-01-06T23:00:00,50.52267950906489,3.301197241812111,0.0
2023-01-06T23:15:00,42.657088919447325,3.306257619933807,0.0
2023-01-06T23:30:00,46.03362238772317,0.37304364714910765,0.0
2023-01-06T23:45:00,35.757618966714105,3.5750634972513358,0.0
2023-01-07T00:00:00,47.88301094905438,-0.1764646744243359,0.0
2023-01-07T00:15:00,47.48465190951862,2.2670266738504425,0.0
2023-01-07T00:30:00,40.1105965500025,0.8791424938367483,0.0
2023-01-07T00:45:00,43.403646530124284,-0.003083933880622225,0.0
2023-01-07T01:00:00,29.833954094212793,-0.11608451533400282,0.0
2023-01-07T01:15:00,36.481739557764755,0.0746855971920211,0.0
2023-01-07T01:30:00,41.25559519800714,0.15457550384452723,0.0
2023-01-07T01:45:00,37.90396051120547,-1.112300291293694,0.0
2023-01-07T02:00:00,47.45355478645805,-0.5400600783643351,0.0
2023-01-07T02:15:00,54.55917085668259,-1.165949668298512,0.0
2023-01-07T02:30:00,39.451940046022315,-1.6742838582682704,0.0
2023-01-07T02:45:00,41.97796727898802,-1.3150304048410524,0.0
2023-01-07T03:00:00,48.23718666681223,-1.660539795646974,0.0
2023-01-07T03:15:00,56.07074488949026,-0.9178736151336737,0.0
2023-01-07T03:30:00,42.9149803061196,-0.02675942572598128,0.0
2023-01-07T03:45:00,51.335856400136194,-0.2745664911929549,0.0
2023-01-07T04:00:00,60.30857470305907,1.668224655974706,0.0
2023-01-07T04:15:00,44.097510903717165,-2.4025989536420855,0.0
2023-01-07T04:30:00,47.143065767462566,0.4154986081949339,0.0
2023-01-07T04:45:00,52.65525811062611,0.1146186263766871,0.0
2023-01-07T05:00:00,53.42275748266606,1.1089527567138002,0.0
2023-01-07T05:15:00,61.36328044743918,1.2170823675436029,0.0
2023-01-07T05:30:00,59.79985520369669,0.564323045165877,0.0
2023-01-07T05:45:00,51.01920756618003,1.1510472770313576,0.0
2023-01-07T06:00:00,63.77913246349759,0.502724937010696,29.879780287133553
2023-01-07T06:15:00,61.58034148011891,2.1470399258025066,52.32250338411445
2023-01-07T06:30:00,74.06712605463855,-0.042009789126559616,104.42095377604126
2023-01-07T06:45:00,67.70620069260785,2.93283987758017,186.97333837311066
2023-01-07T07:00:00,70.69538493553277,2.466261392812356,207.0552360820166
2023-01-07T07:15:00,79.46794924421023,2.3486406579033687,257.15157224252926
2023-01-07T07:30:00,83.27698322577822,2.9608010434112004,330.7251681968125
2023-01-07T07:45:00,84.1886511774231,3.401601810641115,378.11127719388224
2023-01-07T08:00:00,75.76447491883607,5.233824326913842,413.202327456927
2023-01-07T08:15:00,88.86185029669613,7.552386568200208,458.16497245091557
2023-01-07T08:30:00,82.69465616513197,5.926148507878538,487.00914320697655
2023-01-07T08:45:00,90.43705022954337,4.5316902757778506,554.9401937586388
2023-01-07T09:00:00,83.22554389572917,6.119216661333745,565.6854249492379
2023-01-07T09:15:00,93.34216025689554,6.555182778486808,601.4718459831818
2023-01-07T09:30:00,87.52504012761739,5.3474312679215545,642.440154856263
2023-01-07T09:45:00,85.27649243141113,5.3991774719245536,665.1756898420361
2023-01-07T10:00:00,95.08207026386087,6.979068178746801,696.9542570083461
2023-01-07T10:15:00,92.24805799239957,8.22577923156887,726.1135348117551
2023-01-07T10:30:00,87.21638881005299,6.173727163637576,774.6658207965404
2023-01-07T10:45:00,96.52799871913177,7.422269110708067,766.2185953074127
2023-01-07T11:00:00,85.81733486692619,9.062086546038872,772.7406610312546
2023-01-07T11:15:00,86.71857591238916,8.864579848436659,798.1579834863071
2023-01-07T11:30:00,86.25783059140053,10.558277031699784,793.1558890990483
2023-01-07T11:45:00,80.0188221264233,8.034142273572536,816.5502490784037
2023-01-07T12:00:00,83.55776191599317,12.084240457617206,801.2925583913851
2023-01-07T12:15:00,78.49199717794198,8.46248123835275,806.2980149140218
2023-01-07T12:30:00,78.97278606538869,8.220391159967615,793.1558890990484
2023-01-07T12:45:00,87.63099925607484,10.41933973136643,784.6282243225844
2023-01-07T13:00:00,75.31766671221273,9.551128331509087,772.7406610312546
2023-01-07T13:15:00,68.07678138424819,10.831915622199716,792.459520710054
2023-01-07T13:30:00,87.73435607427874,10.95898515316152,739.1036260090294
2023-01-07T13:45:00,91.88617504268231,10.975241401911669,732.1443892659292
2023-01-07T14:00:00,76.49624219743565,10.442578762586097,692.820323027551
2023-01-07T14:15:00,68.14728249194351,11.806802672047539,665.1756898420364
2023-01-07T14:30:00,75.51672737383852,11.120766890524157,634.6826722329881
2023-01-07T14:45:00,74.80776184936973,12.58025324723485,634.3474145394118
2023-01-07T15:00:00,74.39459686761319,11.30906258452016,577.3755355650666
2023-01-07T15:15:00,68.82205654138566,10.511940953613497,535.1773148864621
2023-01-07T15:30:00,76.27511474155034,9.750393453447943,512.9431118492006
2023-01-07T15:45:00,74.936021985816,11.202037088019477,444.4561864156817
2023-01-07T16:00:00,63.730052349896994,10.015785223420252,421.3668595390286
2023-01-07T16:15:00,73.543837911848,9.82105376001432,371.85700407837567
2023-01-07T16:30:00,79.11917400602478,11.560169341263173,323.94473315694256
2023-01-07T16:45:00,68.49067141724207,9.093001225081204,257.1515722425294
2023-01-07T17:00:00,64.69183554070142,12.09778063808801,207.05523608201682
2023-01-07T17:15:00,64.3938708172785,10.637968895259279,156.0722576129029
2023-01-07T17:30:00,66.88888812823737,10.205712247770915,104.42095377604126
2023-01-07T17:45:00,53.8567850060603,8.965707741371745,52.32250338411449
2023-01-07T18:00:00,62.024033963880036,10.496447820510689,7.336955236521616
2023-01-07T18:15:00,59.89959100037739,9.442604794051483,0.0
2023-01-07T18:30:00,71.71296734591053,8.45590676835999,0.0
2023-01-07T18:45:00,62.16966182512251,9.022680931817668,0.0
2023-01-07T19:00:00,71.86513760254071,6.806649381609085,0.0
2023-01-07T19:15:00,58.386009089151074,6.507839846813334,0.0
2023-01-07T19:30:00,67.0913093535039,6.665349345937926,0.0
2023-01-07T19:45:00,65.85360806793818,7.76759889647715,0.0
2023-01-07T20:00:00,59.8472252664362,7.03909078585746,0.0
2023-01-07T20:15:00,64.83584934945549,7.708956034700989,0.0
2023-01-07T20:30:00,69.57833344731316,5.352602138200198,0.0
2023-01-07T20:45:00,61.2678785461663,6.456521452910666,0.0
2023-01-07T21:00:00,53.60013157941376,5.375564284653185,0.0
2023-01-07T21:15:00,60.94914308763391,4.153970866926679,0.0
2023-01-07T21:30:00,55.31178556354229,5.091585354441074,0.0
2023-01-07T21:45:00,56.719176497292516,4.252881046706463,0.0
2023-01-07T22:00:00,56.46401458164574,3.3074013722879445,0.0
2023-01-07T22:15:00,46.636664642630706,3.602797132373588,0.0
2023-01-07T22:30:00,45.25279981996262,3.063803856920535,0.0
2023-01-07T22:45:00,53.80523347184985,2.6820146272169563,0.0
2023-01-07T23:00:00,46.769970442363764,2.076841687137665,0.0
2023-01-07T23:15:00,34.50290461730244,0.8510649000372159,0.0
2023-01-07T23:30:00,49.17968908109581,1.911631678891016,0.0
2023-01-07T23:45:00,44.564643643893426,0.7306455727266378,0.0
2023-01-08T00:00:00,37.80341360095023,0.2810665709652209,0.0
2023-01-08T00:15:00,34.83145820106937,0.7922974367521031,0.0
2023-01-08T00:30:00,45.722929975228126,1.5179426281533412,0.0
2023-01-08T00:45:00,43.50383522587018,0.7408319596042826,0.0
2023-01-08T01:00:00,53.967282608771654,-0.18325850533564658,0.0
2023-01-08T01:15:00,44.53512812485522,-0.40854638133541343,0.0
2023-01-08T01:30:00,44.83371277721699,0.6365721928496224,0.0
2023-01-08T01:45:00,42.60069323993606,-2.5342804206892997,0.0
2023-01-08T02:00:00,48.13615898144783,0.5458461571936448,0.0
2023-01-08T02:15:00,47.868821481322506,-2.214691331621147,0.0
2023-01-08T02:30:00,51.764345958133916,-1.820040950837269,0.0
2023-01-08T02:45:00,43.72937697836668,-0.9573832449662716,0.0
2023-01-08T03:00:00,45.053614732681886,1.7141602686594193,0.0
2023-01-08T03:15:00,45.790355564571364,1.2343019463112206,0.0
2023-01-08T03:30:00,53.15156774685318,0.30185471328284796,0.0
2023-01-08T03:45:00,57.753255262224265,0.015866821604641757,0.0
2023-01-08T04:00:00,49.078585255386145,-2.1137958000183104,0.0
2023-01-08T04:15:00,50.40314527778716,0.019213511638639352,0.0
2023-01-08T04:30:00,55.28950519317984,-0.5484625878991168,0.0
2023-01-08T04:45:00,53.71519091500491,-0.6538696570902778,0.0
2023-01-08T05:00:00,60.956675084781686,0.5026867929966017,0.0
2023-01-08T05:15:00,46.21209482771485,0.08410844246660443,0.0
2023-01-08T05:30:00,54.62873864214714,1.6532156299500134,0.0
2023-01-08T05:45:00,56.15264346672256,-0.9029574867579564,0.0
2023-01-08T06:00:00,49.77100765920193,1.3764068609552718,0.0
2023-01-08T06:15:00,59.82055096719227,0.7088640116141179,59.08404717352836
2023-01-08T06:30:00,63.28981666284186,1.4818317227605569,121.40473970234046
2023-01-08T06:45:00,70.00932237433743,2.5152411470902027,175.8892661498271
2023-01-08T07:00:00,79.6139980814844,1.4267282631185079,207.0552360820166
2023-01-08T07:15:00,75.70769520637319,3.0545361237270314,257.15157224252926
2023-01-08T07:30:00,74.47898948487689,3.035597326328771,306.1467458920718
2023-01-08T07:45:00,81.83408892381357,2.954812468732716,381.5241993350586
2023-01-08T08:00:00,89.60903688510598,3.5205493691025302,404.4195078716049
2023-01-08T08:15:00,81.46259128861948,4.218942302444879,444.4561864156817
2023-01-08T08:30:00,83.48402927603584,3.9930424598450527,487.00914320697655
2023-01-08T08:45:00,92.22412174011231,5.158711825673327,527.476652080055
2023-01-08T09:00:00,89.4072427662096,5.265859504062499,565.6854249492379
2023-01-08T09:15:00,94.51868024486672,5.325172364042472,620.1842003560869
2023-01-08T09:30:00,91.6605079623169,7.917035512951868,654.933557220729
2023-01-08T09:45:00,95.3686911953007,7.129817980386965,665.1756898420361
2023-01-08T10:00:00,86.50828628338479,6.7142381637207444,707.8836442591829
2023-01-08T10:15:00,91.1501194022136,7.618533348372253,730.5133311996592
2023-01-08T10:30:00,89.40353001734081,6.813316583145605,739.1036260090294
2023-01-08T10:45:00,83.36335712564492,7.760996660263999,757.5441035960845
2023-01-08T11:00:00,80.37391450757059,8.223958675290326,779.5570607944029
2023-01-08T11:15:00,90.15748999104692,7.630663613936305,787.8929326969316
2023-01-08T11:30:00,83.32920871405678,9.583958747775316,793.1558890990483
2023-01-08T11:45:00,78.17645766096885,8.99449831371616,800.9107876812152
2023-01-08T12:00:00,80.891893036516,9.431210145400454,812.7252978286335
2023-01-08T12:15:00,86.97006047265124,9.486355111479082,829.8790219682332
2023-01-08T12:30:00,69.79799572174925,13.263246758119084,793.1558890990484
2023-01-08T12:45:00,73.50529987968063,9.870238649369833,784.6282243225844
2023-01-08T13:00:00,76.07687203743768,8.67151159454938,772.7406610312546
2023-01-08T13:15:00,87.61728464463641,9.32534060396587,763.3684220224224
2023-01-08T13:30:00,81.26331328595487,11.846615943491729,741.0439813614865
2023-01-08T13:45:00,83.14682875409255,12.562069594382338,729.5843529854925
2023-01-08T14:00:00,72.99249120119028,10.657793892090131,692.820323027551
2023-01-08T14:15:00,72.40450059083093,12.707697477783421,673.1127636279674
2023-01-08T14:30:00,79.47892311057092,12.23429529381398,634.6826722329881
2023-01-08T14:45:00,76.70095552538943,11.341709534174106,601.4718459831819
2023-01-08T15:00:00,78.25861743918423,11.283589841958038,599.8456974943622
2023-01-08T15:15:00,73.62134906849177,11.712059891575848,527.4766520800551
2023-01-08T15:30:00,74.9387349335802,12.370161116125077,487.0091432069767
2023-01-08T15:45:00,73.27478780605024,11.826042373742979,444.4561864156817
2023-01-08T16:00:00,75.26162466655728,10.662782781664289,403.0613594910354
2023-01-08T16:15:00,74.25360293523504,11.051409855672897,374.7956104830014
2023-01-08T16:30:00,60.927096396475605,13.068576775518219,309.5398482689573
2023-01-08T16:45:00,56.56523425049161,11.176486372220896,257.1515722425294
2023-01-08T17:00:00,71.55789561144061,11.609513975317821,233.62328266305786
2023-01-08T17:15:00,71.21321962776491,11.07273878679308,162.68230630834577
2023-01-08T17:30:00,58.88019646796699,10.57751391147369,120.81227490227747
2023-01-08T17:45:00,53.381673273007365,10.163773870617508,66.62765112101718
2023-01-08T18:00:00,61.86796182616865,10.684067438172839,9.797174393178826e-14
2023-01-08T18:15:00,66.6768091515832,10.218753251639672,0.0
2023-01-08T18:30:00,71.63252216544099,9.460498177792447,0.0
2023-01-08T18:45:00,65.79272062679368,8.1836949982983,0.0
2023-01-08T19:00:00,61.83782333615376,8.929594931277046,0.0
2023-01-08T19:15:00,59.60976674227592,8.130760330574498,0.0
2023-01-08T19:30:00,64.38297724998233,7.531880808574038,0.0
2023-01-08T19:45:00,62.93099050169488,10.151448892513613,0.0
2023-01-08T20:00:00,59.287829249255154,5.557899088635873,0.0
2023-01-08T20:15:00,74.36335430272635,7.6730909168828285,0.0
2023-01-08T20:30:00,72.61228854565492,5.464522334795054,0.0
2023-01-08T20:45:00,68.73778775751556,6.067650390452829,0.0
2023-01-08T21:00:00,57.62640010835606,8.112623644818761,0.0
2023-01-08T21:15:00,65.48276111364665,4.189248355523654,0.0
2023-01-08T21:30:00,63.19274035713348,4.0370063175810005,0.0
2023-01-08T21:45:00,60.81431658377131,4.3559804564802045,0.0
2023-01-08T22:00:00,63.290987037429346,3.1439048974820905,0.0
2023-01-08T22:15:00,58.51248870915379,4.499455684849906,0.0
2023-01-08T22:30:00,57.20186997022681,2.713406095474741,0.0
2023-01-08T22:45:00,54.750137983222395,3.544313624563905,0.0
2023-01-08T23:00:00,51.25822823536181,1.2148469939285043,0.0
2023-01-08T23:15:00,38.57927794997347,0.4037832254567373,0.0
2023-01-08T23:30:00,45.84428155724704,1.6624825727232033,0.0
2023-01-08T23:45:00,40.59254234541572,0.01945339709056637,0.0
2023-01-09T00:00:00,35.14388341844271,2.877067646227211,0.0
2023-01-09T00:15:00,49.99499283837486,-0.4394029147878158,0.0
2023-01-09T00:30:00,50.359167683595125,-0.19636730883706277,0.0
2023-01-09T00:45:00,48.723485600056264,1.0262416322403838,0.0
2023-01-09T01:00:00,43.50063876514083,-0.18107695218759168,0.0
2023-01-09T01:15:00,49.35761122150399,-1.2981849984826879,0.0
2023-01-09T01:30:00,43.1257634594262,2.098126385585286,0.0
2023-01-09T01:45:00,44.619619760477946,-1.0817751595491614,0.0
2023-01-09T02:00:00,38.75522327864413,-0.3903733446499128,0.0
2023-01-09T02:15:00,46.89865248308611,-0.4924647819443664,0.0
2023-01-09T02:30:00,45.97795104294019,0.3630794043047614,0.0
2023-01-09T02:45:00,39.99303147289095,0.07663834182048496,0.0
2023-01-09T03:00:00,47.144967023828876,-1.225361617149959,0.0
2023-01-09T03:15:00,47.95752408535739,-0.7115413362938807,0.0
2023-01-09T03:30:00,58.3556654596916,-0.5741521812036313,0.0
2023-01-09T03:45:00,54.90275018881782,0.4656872363602259,0.0
2023-01-09T04:00:00,51.600315402100144,-1.3624374520119649,0.0
2023-01-09T04:15:00,53.9412509512682,1.9379692003661946,0.0
2023-01-09T04:30:00,54.11048144986201,-0.7010211619461176,0.0
2023-01-09T04:45:00,54.099728976601845,0.21145357462832282,0.0
2023-01-09T05:00:00,50.95457131765097,-0.7547024418188273,0.0
2023-01-09T05:15:00,56.8860223782856,-0.6855372648748415,0.0
2023-01-09T05:30:00,55.20207307897922,-0.033109030243988924,0.0
2023-01-09T05:45:00,53.98344792742422,0.11987735804292798,0.0
2023-01-09T06:00:00,64.09919727938049,0.9445417093069313,15.89604700294725
2023-01-09T06:15:00,66.76536697421263,0.6663995012168927,52.32250338411445
2023-01-09T06:30:00,59.10236017074125,2.6444232678229325,111.66074736667801
2023-01-09T06:45:00,70.5717229449661,1.4850341271450584,175.29843299924286
2023-01-09T07:00:00,79.19797603819285,1.7076239271291316,221.29853329679764
2023-01-09T07:15:00,82.39941764231845,2.55473841514977,281.82100936015667
2023-01-09T07:30:00,84.93254278616901,4.298177705086802,352.71571185113004
2023-01-09T07:45:00,82.48372814989867,3.887678802372476,367.88950764233994
2023-01-09T08:00:00,80.30824262356363,3.948835620078452,399.99999999999994
2023-01-09T08:15:00,81.09419171791386,2.997852718515598,454.6926473720777
2023-01-09T08:30:00,89.93022870490503,3.6755738073970274,496.3855115367849
2023-01-09T08:45:00,91.49807760107716,3.9306107051605643,539.7468659502626
2023-01-09T09:00:00,97.12187938839908,6.908290644253393,595.5857498939854
2023-01-09T09:15:00,96.95145552853992,6.524421319093553,601.4718459831818
2023-01-09T09:30:00,91.23789912414767,5.522976064977162,664.9594320595828
2023-01-09T09:45:00,85.80964404605866,6.207609708852161,702.1840272031984
2023-01-09T10:00:00,90.25844435404366,6.329063514958837,704.1817362929552
2023-01-09T10:15:00,92.46699911571773,6.644214996019308,729.3408948506133
2023-01-09T10:30:00,89.61686434771974,8.357841045987765,739.1036260090294
2023-01-09T10:45:00,86.72364169128745,7.967635341110741,757.6705833924186
2023-01-09T11:00:00,89.62602880727368,10.68260716487851,786.6997042142176
2023-01-09T11:15:00,84.3792565931307,10.185220643215658,797.2992721779909
2023-01-09T11:30:00,82.11394069202994,10.563488335100093,807.570083699116
2023-01-09T11:45:00,85.01542372623285,10.228871286129587,810.8205100229485
2023-01-09T12:00:00,79.53312530599678,9.421421037193143,817.9677994828473
2023-01-09T12:15:00,82.72078861630663,10.710269149984494,814.0201119905958
2023-01-09T12:30:00,82.73800554837962,10.0127267677998,793.1558890990484
2023-01-09T12:45:00,75.46164880924955,12.22053314512468,801.273585192742
2023-01-09T13:00:00,78.45539911309712,11.2018712263376,809.9123933595791
2023-01-09T13:15:00,87.67057549612724,11.245036228380192,757.5441035960846
2023-01-09T13:30:00,74.21028129319711,11.271789278078275,769.093224968679
2023-01-09T13:45:00,68.89727079244392,13.023286624912538,717.4981932261506
2023-01-09T14:00:00,69.55437051611902,9.963244044478671,692.820323027551
2023-01-09T14:15:00,78.31803018557707,13.324438930669155,665.1756898420364
2023-01-09T14:30:00,77.56474140263101,11.36395478136977,662.2670972814641
2023-01-09T14:45:00,75.99183007909674,10.182443984197016,634.2813770713589
2023-01-09T15:00:00,81.75617297501627,10.84922968893799,565.685424949238
2023-01-09T15:15:00,61.3658323431295,9.937785697289083,550.8978825332922
2023-01-09T15:30:00,75.69798615897135,12.20376533440955,520.0216757650434
2023-01-09T15:45:00,80.46168387605272,10.44785815265391,444.4561864156817
2023-01-09T16:00:00,65.90418438218424,11.565662044520156,402.59503223593964
2023-01-09T16:15:00,68.48982945207337,12.417237227717528,368.5032595677407
2023-01-09T16:30:00,65.4322972678015,10.47269968708263,306.1467458920719
2023-01-09T16:45:00,63.5001472823184,10.714572176752785,259.35352414682063
2023-01-09T17:00:00,65.08815908357803,9.494225233371663,249.91097820605557
2023-01-09T17:15:00,72.5823210653879,10.201899985445122,156.0722576129029
2023-01-09T17:30:00,73.34054542848143,12.935583087601831,121.49747859017154
2023-01-09T17:45:00,61.17145466604494,10.890411429565352,62.79859230685473
2023-01-09T18:00:00,71.06838927696516,9.579349688806728,9.797174393178826e-14
2023-01-09T18:15:00,62.37080089026385,8.945826274999746,0.0
2023-01-09T18:30:00,71.583305172285,9.211374598976938,0.0
2023-01-09T18:45:00,62.91504000352913,9.0649115708923,0.0
2023-01-09T19:00:00,64.52199643482312,8.182369713435289,0.0
2023-01-09T19:15:00,66.07309269892455,8.785230757666183,0.0
2023-01-09T19:30:00,80.39028967397691,6.944092524711177,0.0
2023-01-09T19:45:00,68.85404238085526,6.571688537415749,0.0
2023-01-09T20:00:00,60.99714661365207,7.524549148246377,0.0
2023-01-09T20:15:00,69.13486588529935,5.60333959911342,0.0
2023-01-09T20:30:00,62.04758433538272,7.1136138267638955,0.0
2023-01-09T20:45:00,60.779093910742546,5.979577583564971,0.0
2023-01-09T21:00:00,66.94395938237241,3.773530201863834,0.0
2023-01-09T21:15:00,61.53339291652619,5.318519770761136,0.0
2023-01-09T21:30:00,61.55778836771317,3.133135642671742,0.0
2023-01-09T21:45:00,58.841815057587674,5.1242594981399385,0.0
2023-01-09T22:00:00,58.8958768207478,3.7998108207153276,0.0
2023-01-09T22:15:00,57.630762967538324,5.523886845268897,0.0
2023-01-09T22:30:00,43.98726461068822,4.376651670763115,0.0
2023-01-09T22:45:00,55.068770394919184,1.8870147730352154,0.0
2023-01-09T23:00:00,44.814474581709945,0.5806995567396283,0.0
2023-01-09T23:15:00,40.45613840625751,1.512916765672061,0.0
2023-01-09T23:30:00,45.30442043641101,0.7276122436983536,0.0
2023-01-09T23:45:00,43.96370764174379,3.4711026168577277,0.0
2023-01-10T00:00:00,38.24540061895337,1.4086723653713111,0.0
2023-01-10T00:15:00,45.91091226538258,2.084007671080051,0.0
2023-01-10T00:30:00,35.17315838248403,0.616476757472751,0.0
2023-01-10T00:45:00,40.06250708988737,0.49314254967482973,0.0
2023-01-10T01:00:00,39.470044241368406,0.43284826655520797,0.0
2023-01-10T01:15:00,42.54139250021597,1.3869305811670642,0.0
2023-01-10T01:30:00,44.62966221482523,0.42997527237762695,0.0
2023-01-10T01:45:00,38.73601186304329,-1.0772869086765506,0.0
2023-01-10T02:00:00,48.01383675340715,1.4885868921227554,0.0
2023-01-10T02:15:00,45.398551037437365,-0.5158994696349475,0.0
2023-01-10T02:30:00,36.38613336943052,-0.7425615803487631,0.0
2023-01-10T02:45:00,36.88317809025008,-3.155031129909907,0.0
2023-01-10T03:00:00,47.50919935343727,0.29602730293208535,0.0
2023-01-10T03:15:00,47.42117855088163,-0.22451318799898884,0.0
2023-01-10T03:30:00,49.0206022937672,-0.18711579987021168,0.0
2023-01-10T03:45:00,50.461614498771645,-0.6259086417594524,0.0
2023-01-10T04:00:00,52.84073063936568,-0.7091450860964446,0.0
2023-01-10T04:15:00,57.60540568667624,-0.38953349203031545,0.0
2023-01-10T04:30:00,48.50373828992518,0.5815113878303078,0.0
2023-01-10T04:45:00,49.42428417124757,0.9195090356079685,0.0
2023-01-10T05:00:00,51.06993125032745,0.23444370068951786,0.0
2023-01-10T05:15:00,59.25570833733574,1.6217475322722361,0.0
2023-01-10T05:30:00,65.32714449064598,0.8225334890058592,0.0
2023-01-10T05:45:00,58.248171666014365,0.6463624487732295,0.0
2023-01-10T06:00:00,49.20443222101651,1.617402599558828,0.0
2023-01-10T06:15:00,56.45892259666653,0.346166402676475,52.32250338411445
2023-01-10T06:30:00,64.04055734877355,2.241777446797673,134.05671528486576
2023-01-10T06:45:00,68.56634493013762,0.7860242081267637,156.0722576129026
2023-01-10T07:00:00,72.34736920759157,1.6339007517869846,207.0552360820166
2023-01-10T07:15:00,77.4660477979134,0.9892041637401161,257.15157224252926
2023-01-10T07:30:00,78.41447015280255,3.190410164908709,306.1467458920718
2023-01-10T07:45:00,87.70570340328037,5.342624622260873,353.83095217520105
2023-01-10T08:00:00,81.3232259701745,3.9916367800741885,413.4197389499079
2023-01-10T08:15:00,82.3709392924984,5.134671159107106,444.4561864156817
2023-01-10T08:30:00,90.77142510892752,7.230784455762828,493.2557150140741
2023-01-10T08:45:00,82.09331031479272,5.6732647845099855,527.9915055977065
2023-01-10T09:00:00,92.80352559214573,4.896415667182726,565.6854249492379
2023-01-10T09:15:00,92.1341664306328,5.426477884415769,606.0188455843373
2023-01-10T09:30:00,91.33167319238466,6.445443073314064,634.6826722329881
2023-01-10T09:45:00,100.1418972112813,6.199274998606594,681.9925778585771
2023-01-10T10:00:00,88.91278334779653,6.656454982572441,692.8203230275509
2023-01-10T10:15:00,101.85217722945745,8.575518412849208,717.4981932261506
2023-01-10T10:30:00,89.66996656369822,8.983884586733499,739.1036260090294
2023-01-10T10:45:00,83.39787324199655,6.668467371036092,771.3335748842399
2023-01-10T11:00:00,88.88104587257028,7.843458193870529,783.6295393014326
2023-01-10T11:15:00,81.68766253376188,8.531044722974968,784.6282243225844
2023-01-10T11:30:00,81.66533510676128,9.913285231988326,798.2407478246118
2023-01-10T11:45:00,85.61316928996507,10.760778190876817,798.2871385908828
2023-01-10T12:00:00,84.4908418850654,12.606236333163917,800.0
2023-01-10T12:15:00,78.55927140531556,9.70699326036195,798.2871385908828
2023-01-10T12:30:00,86.47885439452298,10.006019039176131,793.1558890990484
2023-01-10T12:45:00,87.11617583998506,11.239015401223734,794.6446087645627
2023-01-10T13:00:00,88.21295675041259,10.175563415522522,787.1421923528452
2023-01-10T13:15:00,83.2986010673455,10.901902299476362,757.5441035960846
2023-01-10T13:30:00,87.007665652469,10.789866798054923,739.1036260090294
2023-01-10T13:45:00,70.24639413259825,8.721554566837202,717.4981932261506
2023-01-10T14:00:00,77.44390677436124,11.580415899656703,692.820323027551
2023-01-10T14:15:00,74.00729740624855,11.36397843488734,665.1756898420364
2023-01-10T14:30:00,78.17612755327644,12.88152793027051,661.6442289007352
2023-01-10T14:45:00,73.89248149541064,11.654271658738724,601.4718459831819
2023-01-10T15:00:00,75.02427785579707,10.406880233456576,565.685424949238
2023-01-10T15:15:00,84.3107221448364,11.390682378222845,527.4766520800551
2023-01-10T15:30:00,73.0395610398873,9.519214036876981,527.1145008347319
2023-01-10T15:45:00,74.89329768815789,10.335421558990488,444.4561864156817
2023-01-10T16:00:00,70.5515847921936,12.092688637658156,399.99999999999994
2023-01-10T16:15:00,70.93727168597897,11.095868048787718,353.83095217520105
2023-01-10T16:30:00,69.39668349129693,12.127413146336535,306.33318196341696
2023-01-10T16:45:00,70.38334107774381,9.075971910088832,262.5549133430032
2023-01-10T17:00:00,72.71585002160109,10.615318737153627,207.05523608201682
2023-01-10T17:15:00,73.851707870154,10.174932887198237,175.84671362734218
2023-01-10T17:30:00,65.87155569576164,11.377596336131365,109.84222546181144
2023-01-10T17:45:00,65.96872845659566,10.845429324811235,69.36048875941813
2023-01-10T18:00:00,55.95860889588694,10.546520548978332,9.797174393178826e-14
2023-01-10T18:15:00,61.923378028434584,11.159112640455264,0.0
2023-01-10T18:30:00,67.68614059836949,8.946109176536506,0.0
2023-01-10T18:45:00,67.88121967905431,10.33012994518908,0.0
2023-01-10T19:00:00,65.09459920373962,7.617421560891012,0.0
2023-01-10T19:15:00,68.84753336872211,7.234482103319062,0.0
2023-01-10T19:30:00,67.1196980572803,8.710474877459626,0.0
2023-01-10T19:45:00,70.7689890330999,6.085523765180917,0.0
2023-01-10T20:00:00,66.1501082833669,7.787307610804833,0.0
2023-01-10T20:15:00,62.68122819123686,6.933482837588846,0.0
2023-01-10T20:30:00,65.70579654064151,7.51663759374593,0.0
2023-01-10T20:45:00,48.74471618115667,5.994602522196717,0.0
2023-01-10T21:00:00,64.48522450000907,5.717676658066276,0.0
2023-01-10T21:15:00,43.30574408676847,5.778473929314797,0.0
2023-01-10T21:30:00,51.71743499329901,4.21582100839066,0.0
2023-01-10T21:45:00,61.200575188138096,3.7848794721837575,0.0
2023-01-10T22:00:00,59.77045110922657,4.583142880999045,0.0
2023-01-10T22:15:00,49.863632814829884,3.703703110821142,0.0
2023-01-10T22:30:00,50.28143229999257,2.95821320027593,0.0
2023-01-10T22:45:00,58.75845523011414,2.925111470759074,0.0
2023-01-10T23:00:00,47.47426425817003,4.256187219609077,0.0
2023-01-10T23:15:00,59.05207888124145,1.885187906913244,0.0
2023-01-10T23:30:00,45.75672062499465,1.537039524436411,0.0
2023-01-10T23:45:00,45.75382674474981,-0.001891403492159771,0.0
2023-01-11T00:00:00,49.96663909092548,1.4395895389316322,0.0
2023-01-11T00:15:00,42.58022421462747,1.8704278305745605,0.0
2023-01-11T00:30:00,37.04164996750223,1.8006612381414895,0.0
2023-01-11T00:45:00,41.71792423189638,0.8439830920232926,0.0
2023-01-11T01:00:00,42.385696891700626,1.4842643145822842,0.0
2023-01-11T01:15:00,36.11995624752251,1.0745771168921445,0.0
2023-01-11T01:30:00,42.12551609150259,1.2942561988325756,0.0
2023-01-11T01:45:00,40.233851797791495,1.0273050427149606,0.0
2023-01-11T02:00:00,49.18354780868084,1.499006402580874,0.0
2023-01-11T02:15:00,45.42593422330781,-0.3298216847775993,0.0
2023-01-11T02:30:00,44.60122154686989,-1.5511440463963384,0.0
2023-01-11T02:45:00,46.31456129574002,0.40114836846183266,0.0
2023-01-11T03:00:00,48.85574156673232,0.5051363535308092,0.0
2023-01-11T03:15:00,51.779421794879966,1.307425018157552,0.0
2023-01-11T03:30:00,44.708477374911126,1.0572043521348768,0.0
2023-01-11T03:45:00,45.56292427493405,1.7853439376532156,0.0
2023-01-11T04:00:00,57.40566317544509,0.5488821868001559,0.0
2023-01-11T04:15:00,50.97480893302876,0.2718129791760272,0.0
2023-01-11T04:30:00,47.14438798814627,-1.2036771521854337,0.0
2023-01-11T04:45:00,57.672541339284734,0.6514432495259829,0.0
2023-01-11T05:00:00,59.022735226545464,-0.024072615369917005,0.0
2023-01-11T05:15:00,50.326884371826345,0.9472755038252326,0.0
2023-01-11T05:30:00,60.419151831349446,1.0189763087702777,0.0
2023-01-11T05:45:00,64.25211997597145,1.6852779081843043,0.0
2023-01-11T06:00:00,63.75419935696377,1.3846117675502376,10.997399689817936
2023-01-11T06:15:00,68.30812998514305,2.7035284643402044,70.00201489675332
2023-01-11T06:30:00,61.353731128917524,-0.651139722719349,113.4484409540949
2023-01-11T06:45:00,73.17952579921234,2.581155341248264,167.17006928150712
2023-01-11T07:00:00,73.04554920313063,3.9270729433605953,207.0552360820166
2023-01-11T07:15:00,75.02852704600325,4.94089953135024,293.3586498748804
2023-01-11T07:30:00,84.49531551063109,4.1604439084025575,306.1467458920718
2023-01-11T07:45:00,90.02471356055214,5.480829394971602,360.01850446515056
2023-01-11T08:00:00,93.84449842820081,4.340604889351651,399.99999999999994
2023-01-11T08:15:00,93.42590410402332,4.556903808038326,444.4561864156817
2023-01-11T08:30:00,87.99771216479195,5.470841654115475,487.00914320697655
2023-01-11T08:45:00,91.70445713617268,5.32897010593611,530.1917695069347
2023-01-11T09:00:00,94.8585170810846,4.942225696190672,572.5205785763908
2023-01-11T09:15:00,92.39662591511645,5.601761695456992,601.4718459831818
2023-01-11T09:30:00,92.89204223815088,5.395587411452185,634.6826722329881
2023-01-11T09:45:00,96.48861799153356,7.423502191170047,693.0491742911618
2023-01-11T10:00:00,91.89674300075812,7.288889247323635,692.8203230275509
2023-01-11T10:15:00,88.07358735158641,7.292933839268905,717.4981932261506
2023-01-11T10:30:00,88.8940941372771,7.454000001561282,756.3187189673362
2023-01-11T10:45:00,93.12184301213406,8.883371651721667,759.0951998610129
2023-01-11T11:00:00,88.7157500802136,9.505031344818104,775.7637596277459
2023-01-11T11:15:00,88.93927407631507,7.927490565820463,805.074271296431
2023-01-11T11:30:00,88.94384621345739,8.08946706848474,793.1558890990483
2023-01-11T11:45:00,81.92313113201723,10.635168010429462,798.2871385908828
2023-01-11T12:00:00,85.66350791658147,8.592090612838723,800.0
2023-01-11T12:15:00,83.73365858049648,10.783108842904381,798.2871385908828
2023-01-11T12:30:00,75.53709889135125,12.101612404709458,819.946330798002
2023-01-11T12:45:00,88.70949666242828,12.332635641416438,784.6282243225844
2023-01-11T13:00:00,78.69705990542921,11.658608177546757,772.7406610312546
2023-01-11T13:15:00,72.54539297240864,11.814629128726285,757.5441035960846
2023-01-11T13:30:00,75.13463920072667,13.519767809472208,767.1375050227488
2023-01-11T13:45:00,74.7144961256946,9.071768278284896,717.4981932261506
2023-01-11T14:00:00,79.46364176740889,11.055802445861808,692.820323027551
2023-01-11T14:15:00,77.14240681675216,12.457786695704018,665.1756898420364
2023-01-11T14:30:00,76.06517406605418,11.335965324608939,634.6826722329881
2023-01-11T14:45:00,80.01757307542438,12.951515012246688,618.8022804000212
2023-01-11T15:00:00,77.72377952812691,11.685229103897841,570.7445659146973
2023-01-11T15:15:00,76.64942275365524,11.84348056397725,527.4766520800551
2023-01-11T15:30:00,76.10663796525031,11.39857766820496,487.0091432069767
2023-01-11T15:45:00,76.07434509883566,11.086783887819355,444.4561864156817
2023-01-11T16:00:00,61.34250038954522,10.973028158794792,402.93829527851756
2023-01-11T16:15:00,68.90584964149016,11.677330238015443,353.83095217520105
2023-01-11T16:30:00,58.63488542328687,10.493295393452886,319.2445690516295
2023-01-11T16:45:00,68.49135603848465,12.05902449689545,274.8529431754308
2023-01-11T17:00:00,67.03548313936113,11.573961511517489,207.05523608201682
2023-01-11T17:15:00,71.01173491270342,11.812817278993146,170.58890148833697
2023-01-11T17:30:00,70.43096290643906,9.355778849962446,104.42095377604126
2023-01-11T17:45:00,64.20420492429714,8.536145462295453,75.26526301569075
2023-01-11T18:00:00,59.38046171144794,9.963038095695556,40.683013201161714
2023-01-11T18:15:00,64.95790295985904,12.579458668367968,0.0
2023-01-11T18:30:00,60.51444074394765,10.64336051635493,0.0
2023-01-11T18:45:00,63.71374888636947,8.503558253818934,0.0
2023-01-11T19:00:00,69.13656778118586,9.149095298639374,0.0
2023-01-11T19:15:00,61.7960424975529,9.105902212965724,0.0
2023-01-11T19:30:00,68.86359336514137,6.652295517665711,0.0
2023-01-11T19:45:00,68.32380024188245,9.022845825061609,0.0
2023-01-11T20:00:00,60.09868906954491,7.110073308002218,0.0
2023-01-11T20:15:00,69.4985260667967,6.804444251696944,0.0
2023-01-11T20:30:00,67.6887576394516,6.531524976962198,0.0
2023-01-11T20:45:00,64.0766531539015,7.261542078896786,0.0
2023-01-11T21:00:00,58.928514184563234,4.969401006006626,0.0
2023-01-11T21:15:00,57.4211137765822,3.6251943840427234,0.0
2023-01-11T21:30:00,57.815774802428656,5.264381303787767,0.0
2023-01-11T21:45:00,61.82404015651064,2.5103831459381345,0.0
2023-01-11T22:00:00,52.77401424250327,3.87056529845737,0.0
2023-01-11T22:15:00,58.03267361524656,4.982820662247882,0.0
2023-01-11T22:30:00,47.80250052161296,4.007576473526233,0.0
2023-01-11T22:45:00,51.0547430214669,4.113207088619302,0.0
2023-01-11T23:00:00,50.611989345521124,3.3449345294108612,0.0
2023-01-11T23:15:00,60.23246370113878,4.801496254873829,0.0
2023-01-11T23:30:00,39.049077269892216,1.483774962498896,0.0
2023-01-11T23:45:00,51.243054349411814,2.1666399506159433,0.0
2023-01-12T00:00:00,42.80025706862259,1.1095259645017177,0.0
2023-01-12T00:15:00,44.149726123993936,2.2360495478746603,0.0
2023-01-12T00:30:00,42.81388733815101,0.9685922050357463,0.0
2023-01-12T00:45:00,44.65897348159775,2.520314328462426,0.0
2023-01-12T01:00:00,41.964102951094745,0.06331874472504517,0.0
2023-01-12T01:15:00,50.382693316071375,1.8161771993545075,0.0
2023-01-12T01:30:00,41.291098627336844,0.8401494583099045,0.0
2023-01-12T01:45:00,49.77476302892867,0.07624527677603916,0.0
2023-01-12T02:00:00,41.50870132193231,0.5371745029591679,0.0
2023-01-12T02:15:00,45.12039352062885,0.1668398279434633,0.0
2023-01-12T02:30:00,40.82416543141039,0.19757263484260074,0.0
2023-01-12T02:45:00,49.28936745084425,-0.4037374896923577,0.0
2023-01-12T03:00:00,55.13453915958791,-0.9113013847213377,0.0
2023-01-12T03:15:00,48.47734779758054,-0.5319375365604974,0.0
2023-01-12T03:30:00,48.89138792499224,-1.841527023357431,0.0
2023-01-12T03:45:00,45.36655552295452,0.7475237729468966,0.0
2023-01-12T04:00:00,50.904581730924654,-1.2404318070762361,0.0
2023-01-12T04:15:00,45.241299895698525,-0.10894070937267991,0.0
2023-01-12T04:30:00,49.83298641779026,0.8950549692469668,0.0
2023-01-12T04:45:00,56.756185923168644,1.2484473907374345,0.0
2023-01-12T05:00:00,63.46973008534276,-1.180517236710217,0.0
2023-01-12T05:15:00,72.19529286451115,0.7096213737933047,0.0
2023-01-12T05:30:00,56.50759572893066,1.4899117805350643,0.0
2023-01-12T05:45:00,67.91948319731054,1.331264387222117,0.0
2023-01-12T06:00:00,63.26980740069444,2.891721393387914,0.0
2023-01-12T06:15:00,64.56076223285795,1.0124053323186382,52.32250338411445
2023-01-12T06:30:00,70.70682677825579,0.08867741859113298,104.42095377604126
2023-01-12T06:45:00,72.00268534288492,3.2671917414845617,160.91779739020683
2023-01-12T07:00:00,75.27940452879771,2.2532010032151666,208.7430462387901
2023-01-12T07:15:00,75.56958992574688,1.3780143839336478,294.31512458129345
2023-01-12T07:30:00,73.32076706479195,3.3356741380766413,315.8083769337155
2023-01-12T07:45:00,75.07899289482434,5.092208306946386,392.0142978414951
2023-01-12T08:00:00,88.3076504718589,2.974120234405831,414.30278807979846
2023-01-12T08:15:00,85.63714219631898,6.9557411446841515,466.17032128178244
2023-01-12T08:30:00,85.7347164749158,4.169248374976682,487.00914320697655
2023-01-12T08:45:00,90.15216235491049,5.484879201578545,527.476652080055
2023-01-12T09:00:00,95.16784188699528,4.5711547049860455,565.6854249492379
2023-01-12T09:15:00,92.86133378400488,6.224316246910526,601.4718459831818
2023-01-12T09:30:00,89.12672451564208,6.439696454395286,634.6826722329881
2023-01-12T09:45:00,98.67009501065115,5.471335152599336,665.1756898420361
2023-01-12T10:00:00,100.2578616460497,10.169028362399688,701.1570768759661
2023-01-12T10:15:00,94.36158321032275,7.223586745633929,717.4981932261506
2023-01-12T10:30:00,96.0035549234306,7.591925159718163,739.1036260090294
2023-01-12T10:45:00,96.33086900778817,9.413055143501316,757.5441035960845
2023-01-12T11:00:00,94.52005810649014,10.604542006182122,772.7406610312546
2023-01-12T11:15:00,90.47749797779026,10.25014538895557,784.6282243225844
2023-01-12T11:30:00,88.75396313807462,8.241675573859391,793.1558890990483
2023-01-12T11:45:00,86.56441921349155,9.960271022928728,810.296024696467
2023-01-12T12:00:00,76.56435662595098,8.151555327567943,811.488860937267
2023-01-12T12:15:00,85.5118392477562,11.203031049029873,798.2871385908828
2023-01-12T12:30:00,75.10087237052963,8.915219026050604,793.1558890990484
2023-01-12T12:45:00,77.69375333112554,9.975903473039688,784.6282243225844
2023-01-12T13:00:00,87.887386863508,10.983238041508976,785.8535572269257
2023-01-12T13:15:00,85.1907484020593,11.616530133170796,775.328028176976
2023-01-12T13:30:00,87.96562709734124,11.072629694506055,746.1614244296965
2023-01-12T13:45:00,78.6301279109035,12.990951576537169,741.526914246059
2023-01-12T14:00:00,73.61030886799114,12.309081662760343,727.4043654199385
2023-01-12T14:15:00,77.47825125938539,12.319723559317245,665.1756898420364
2023-01-12T14:30:00,78.42826829071377,10.509555389091853,664.413937312718
2023-01-12T14:45:00,77.48278472996579,13.476808559810676,601.4718459831819
2023-01-12T15:00:00,81.86158301620065,10.987221978555143,586.0823988944393
2023-01-12T15:15:00,73.43160917567035,13.514983095252369,541.6481014535104
2023-01-12T15:30:00,75.98644593787523,13.761151348002088,487.0091432069767
2023-01-12T15:45:00,68.2193139119052,12.18765533761681,444.4561864156817
2023-01-12T16:00:00,74.30263138890525,12.617855178247485,399.99999999999994
2023-01-12T16:15:00,70.91236155399442,8.38894813674742,353.83095217520105
2023-01-12T16:30:00,65.95564695456541,11.138561902410997,323.73304555998504
2023-01-12T16:45:00,67.30068749387517,12.273689211949323,298.5270093449307
2023-01-12T17:00:00,66.3065471681605,11.910949813854371,207.05523608201682
2023-01-12T17:15:00,64.60207579232329,9.55938145854905,173.15539092023047
2023-01-12T17:30:00,73.51827505442564,10.256685124713192,134.11346012985615
2023-01-12T17:45:00,62.86687757174966,7.764960462506371,56.48913738776969
2023-01-12T18:00:00,60.83156444779951,10.445920650125693,9.797174393178826e-14
2023-01-12T18:15:00,52.213620509333396,7.863033612207244,0.0
2023-01-12T18:30:00,58.85177007092558,10.57333353967355,0.0
2023-01-12T18:45:00,62.57412292155821,10.306433381668676,0.0
2023-01-12T19:00:00,60.94540071575257,8.315920308427154,0.0
2023-01-12T19:15:00,71.66221509464276,8.96529519460175,0.0
2023-01-12T19:30:00,64.17928919220151,7.869288992963685,0.0
2023-01-12T19:45:00,71.54779254526596,7.96083230966749,0.0
2023-01-12T20:00:00,65.34994922570462,6.19594197020563,0.0
2023-01-12T20:15:00,64.98397250807133,7.583321678170334,0.0
2023-01-12T20:30:00,63.9207215742853,4.932259045929547,0.0
2023-01-12T20:45:00,63.754782875399265,4.35277573588513,0.0
2023-01-12T21:00:00,71.50288439020454,5.668358806166663,0.0
2023-01-12T21:15:00,50.28786813595771,5.186625067841517,0.0
2023-01-12T21:30:00,50.66513686500413,5.279431700065094,0.0
2023-01-12T21:45:00,56.56399158502403,3.9702377005005554,0.0
2023-01-12T22:00:00,57.793557389451855,6.123064518004121,0.0
2023-01-12T22:15:00,59.46441239622102,4.022255320394127,0.0
2023-01-12T22:30:00,56.54549205639606,3.727068307159341,0.0
2023-01-12T22:45:00,50.322634279512044,3.3337888589266926,0.0
2023-01-12T23:00:00,55.327746939113645,3.7931969917817305,0.0
2023-01-12T23:15:00,53.3265678918616,3.0328831392005062,0.0
2023-01-12T23:30:00,47.02472260410563,2.5797364484896113,0.0
2023-01-12T23:45:00,48.865047279649104,2.5701963370988317,0.0
2023-01-13T00:00:00,43.5824414472023,-0.20853520601981312,0.0
2023-01-13T00:15:00,39.454621531355166,-0.4391663773129777,0.0
2023-01-13T00:30:00,45.879402097565475,1.0225413310978086,0.0
2023-01-13T00:45:00,43.15657513487044,0.6722285616494889,0.0
2023-01-13T01:00:00,42.90739783803273,1.2423775394882401,0.0
2023-01-13T01:15:00,50.645380401087415,0.4975005711340389,0.0
2023-01-13T01:30:00,31.487263837115485,0.8973078575331546,0.0
2023-01-13T01:45:00,37.193339448590045,-1.0684559283852557,0.0
2023-01-13T02:00:00,38.96335492248103,0.052420590003559114,0.0
2023-01-13T02:15:00,43.773519646146724,-1.3670483022305029,0.0
2023-01-13T02:30:00,45.0791074753868,0.29690888427520185,0.0
2023-01-13T02:45:00,39.64579074159687,-2.0067184636482773,0.0
2023-01-13T03:00:00,43.15128934475657,0.20703021668754357,0.0
2023-01-13T03:15:00,44.72809043542242,-1.5974328021820687,0.0
2023-01-13T03:30:00,62.3311070102467,-0.4734768433179936,0.0
2023-01-13T03:45:00,60.116520208385346,0.8689361271765303,0.0
2023-01-13T04:00:00,50.16046804161841,0.2905451490106713,0.0
2023-01-13T04:15:00,51.55552487412763,-1.468520882548271,0.0
2023-01-13T04:30:00,48.81952649679838,-0.35695092161508013,0.0
2023-01-13T04:45:00,46.24977375785209,-1.0238948565262684,0.0
2023-01-13T05:00:00,56.45843329594862,-1.0321908041651615,0.0
2023-01-13T05:15:00,53.32814877349896,0.987565620465367,0.0
2023-01-13T05:30:00,59.18443862733058,1.6588984199593557,0.0
2023-01-13T05:45:00,52.91012330022141,1.7882871939884901,0.0
2023-01-13T06:00:00,58.409342838490375,2.2187062459071303,0.0
2023-01-13T06:15:00,66.22830607445945,1.8907343766604323,52.32250338411445
2023-01-13T06:30:00,70.54307263990019,1.9327613253443723,124.74214440307227
2023-01-13T06:45:00,73.94863284955066,1.4522293929667365,159.34219653459158
2023-01-13T07:00:00,68.2931511113069,2.4186404463961653,214.83552997628644
2023-01-13T07:15:00,82.05285452191352,1.8836395915064856,265.5437774381967
2023-01-13T07:30:00,76.47842701213243,2.7174539968292057,306.1467458920718
2023-01-13T07:45:00,86.12957861182674,4.019010196765736,359.8885305037909
2023-01-13T08:00:00,85.15640280371727,4.187999759990618,418.1490756640401
2023-01-13T08:15:00,80.30687528271328,7.75290622394467,467.2623910230948
2023-01-13T08:30:00,87.30234258164616,3.729767367321347,501.4344097072356
2023-01-13T08:45:00,92.10462306296903,5.341202621934023,537.7392452518956
2023-01-13T09:00:00,94.42617765614561,4.434988006942939,565.6854249492379
2023-01-13T09:15:00,91.42274471300627,5.863353017557571,601.4718459831818
2023-01-13T09:30:00,100.23406378320765,6.294784089351789,634.6826722329881
2023-01-13T09:45:00,97.74435421869467,7.874142076476572,690.8190474809633
2023-01-13T10:00:00,91.24683368049824,6.961967849543867,715.4279128750919
2023-01-13T10:15:00,95.80757912574867,7.596037309909475,717.4981932261506
2023-01-13T10:30:00,100.97237492400654,7.724502749864982,739.1036260090294
2023-01-13T10:45:00,100.09166215898972,7.111400515403462,762.5142924662266
2023-01-13T11:00:00,82.89773225171055,8.206617746353556,790.7564861810353
2023-01-13T11:15:00,82.94250666779686,8.81020480118046,784.6282243225844
2023-01-13T11:30:00,93.35499196772493,9.585114575605372,793.1558890990483
2023-01-13T11:45:00,78.84288122392631,10.373742295971901,799.0501088076993
2023-01-13T12:00:00,75.60650946358327,9.866764295554919,800.0
2023-01-13T12:15:00,79.7454229413185,10.117582699039179,801.4585867871241
2023-01-13T12:30:00,84.14924590489079,8.898027001407023,805.0000445707033
2023-01-13T12:45:00,81.32293720505079,11.387272309218286,809.3498224891399
2023-01-13T13:00:00,78.28491355379506,10.358974653703255,772.7406610312546
2023-01-13T13:15:00,77.78675541132124,11.98707980557257,760.7677365187877
2023-01-13T13:30:00,77.13512045820386,12.71843726106858,752.133822802236
2023-01-13T13:45:00,75.75912181740071,11.352385868424292,717.4981932261506
2023-01-13T14:00:00,90.94788759211075,10.630963795115182,711.127278982583
2023-01-13T14:15:00,80.33616273202034,11.726733187479748,670.6625363465894
2023-01-13T14:30:00,82.52007720789005,12.156091284408165,634.6826722329881
2023-01-13T14:45:00,74.81062393902658,11.530353656331563,604.2994574276938
2023-01-13T15:00:00,75.43156736784236,11.29468170876734,565.685424949238
2023-01-13T15:15:00,71.83836152519126,12.409405868275698,543.0781310850125
2023-01-13T15:30:00,61.13590203562007,12.304967561083721,487.0091432069767
2023-01-13T15:45:00,66.44057340619437,11.39714216023889,448.9979962832589
2023-01-13T16:00:00,63.166121730139686,10.000208910620383,399.99999999999994
2023-01-13T16:15:00,59.816070044663654,11.996679080496751,353.83095217520105
2023-01-13T16:30:00,63.89608890585295,10.634670119773007,309.5774017302689
2023-01-13T16:45:00,75.27278283301305,11.454297642713103,257.1515722425294
2023-01-13T17:00:00,67.17341519357032,11.206029772532332,223.06684191099328
2023-01-13T17:15:00,72.5738403819701,8.95859036491927,167.91690825644537
2023-01-13T17:30:00,66.88465185894707,10.69992184430565,104.42095377604126
2023-01-13T17:45:00,67.44007184322031,10.884291488394984,56.59811202157813
2023-01-13T18:00:00,57.71473015351878,10.738513220576436,9.797174393178826e-14
2023-01-13T18:15:00,65.48880019970292,9.932160759843391,0.0
2023-01-13T18:30:00,67.13454813255017,7.534102648249398,0.0
2023-01-13T18:45:00,61.17442371402697,10.469222578450914,0.0
2023-01-13T19:00:00,67.34053608107209,9.269742785689244,0.0
2023-01-13T19:15:00,67.7527860519834,7.309132930090194,0.0
2023-01-13T19:30:00,62.42438509488766,7.36705767217893,0.0
2023-01-13T19:45:00,59.6598992686752,8.018581119260155,0.0
2023-01-13T20:00:00,59.28895452731688,8.091418582060045,0.0
2023-01-13T20:15:00,65.39853116692623,6.541299193895734,0.0
2023-01-13T20:30:00,66.16792328814985,7.467402678846049,0.0
2023-01-13T20:45:00,59.941342596357856,4.458372064427344,0.0
2023-01-13T21:00:00,63.210006212941195,4.816261107052878,0.0
2023-01-13T21:15:00,64.90677708176169,3.401937332923724,0.0
2023-01-13T21:30:00,63.93198929187948,4.178157821956661,0.0
2023-01-13T21:45:00,67.2074164722725,6.196255370593989,0.0
2023-01-13T22:00:00,64.2739922721097,6.363608082116944,0.0
2023-01-13T22:15:00,51.1756032399737,4.164673794558137,0.0
2023-01-13T22:30:00,62.76615724530425,2.924190316687571,0.0
2023-01-13T22:45:00,49.75715145249178,2.983348075981714,0.0
2023-01-13T23:00:00,55.62506266653243,3.3320600089796852,0.0
2023-01-13T23:15:00,48.68369413770885,0.9623178683899698,0.0
2023-01-13T23:30:00,44.21185668681842,1.6336523681131374,0.0
2023-01-13T23:45:00,35.18144524969569,3.3375383019965,0.0
2023-01-14T00:00:00,41.52890510897776,0.6415111155259925,0.0
2023-01-14T00:15:00,34.632633018759385,0.6697981278382334,0.0
2023-01-14T00:30:00,47.394326611797155,1.1829354862076698,0.0
2023-01-14T00:45:00,50.35498533769113,1.2241864576630768,0.0
2023-01-14T01:00:00,39.08365618779469,0.1087054030675364,0.0
2023-01-14T01:15:00,44.95797878275374,0.6255898060294657,0.0
2023-01-14T01:30:00,40.28217939979389,0.9945242106453602,0.0
2023-01-14T01:45:00,41.30684917872179,2.209732918766654,0.0
2023-01-14T02:00:00,48.93869310369759,0.008062534804449684,0.0
2023-01-14T02:15:00,45.56464410479153,0.0038528742136953453,0.0
2023-01-14T02:30:00,55.217901063889855,1.5086450497102883,0.0
2023-01-14T02:45:00,44.93876911696535,-0.606457525756075,0.0
2023-01-14T03:00:00,53.241273698700994,-1.3944911607885402,0.0
2023-01-14T03:15:00,49.68687842284703,0.19295730820098267,0.0
2023-01-14T03:30:00,54.190389128606256,1.0573677288186936,0.0
2023-01-14T03:45:00,49.03953471301772,0.40619732475394354,0.0
2023-01-14T04:00:00,52.13893347230159,0.03729125669198481,0.0
2023-01-14T04:15:00,52.9634594591848,-1.200112278131832,0.0
2023-01-14T04:30:00,50.55277343852876,0.32821543163754757,0.0
2023-01-14T04:45:00,59.268346026905036,1.7817803490938469,0.0
2023-01-14T05:00:00,60.46159178590091,-0.5004076322722129,0.0
2023-01-14T05:15:00,61.452694694264764,0.6962970243550981,0.0
2023-01-14T05:30:00,67.4610320852467,0.7822570980678685,0.0
2023-01-14T05:45:00,68.32538908163816,0.721118456462032,0.0
2023-01-14T06:00:00,60.51200421081383,1.9351441893733616,32.513388235276196
2023-01-14T06:15:00,67.51794472013404,2.4170922226292353,52.32250338411445
2023-01-14T06:30:00,65.76153373470727,2.7101202027147533,104.42095377604126
2023-01-14T06:45:00,72.1455621664312,1.6196307102409027,156.0722576129026
2023-01-14T07:00:00,72.0643613165156,1.2838781776399584,250.92210380351287
2023-01-14T07:15:00,86.0472899469338,3.5385181671903614,270.3937321728519
2023-01-14T07:30:00,82.46548877687434,3.12784223630045,306.1467458920718
2023-01-14T07:45:00,82.04265592828595,5.839537459841457,387.6940539605438
2023-01-14T08:00:00,91.34520157610797,6.261457297373463,427.1232476777206
2023-01-14T08:15:00,76.5032482591438,6.750009734272911,444.4561864156817
2023-01-14T08:30:00,78.9803306602435,4.206593817618618,487.00914320697655
2023-01-14T08:45:00,94.4245101587669,6.106812183334876,527.476652080055
2023-01-14T09:00:00,91.8312055243773,6.800814389225125,565.6854249492379
2023-01-14T09:15:00,93.54742823155,7.080634880898901,601.4718459831818
2023-01-14T09:30:00,86.11070134362748,6.358621081100091,648.9219111617839
2023-01-14T09:45:00,92.75814433952789,8.379568707035736,665.1756898420361
2023-01-14T10:00:00,102.71516384452156,7.483251128955288,698.6803339870296
2023-01-14T10:15:00,96.34548069406111,7.98660478872805,740.8681527348048
2023-01-14T10:30:00,92.31945275379752,6.688129014387036,747.1080307944399
2023-01-14T10:45:00,88.26148213456774,9.228358982860637,757.5441035960845
2023-01-14T11:00:00,87.23237992649392,8.66945015840123,772.7406610312546
2023-01-14T11:15:00,77.09669530760037,9.728062132191779,801.2450617645715
2023-01-14T11:30:00,87.38611266867932,9.817544145830583,793.1558890990483
2023-01-14T11:45:00,88.52921455054162,10.066873339237825,803.1429748127853
2023-01-14T12:00:00,74.50863102420644,10.126788986626241,800.5103146610663
2023-01-14T12:15:00,79.0368216632975,11.227500451507959,820.799359115077
2023-01-14T12:30:00,76.4283017263686,10.491089376835985,793.1558890990484
2023-01-14T12:45:00,77.1756772940803,9.46348212633593,784.6282243225844
2023-01-14T13:00:00,81.97265231995037,11.694969901054206,772.7406610312546
2023-01-14T13:15:00,70.90331947501926,10.502092796258133,766.2897890880928
2023-01-14T13:30:00,83.93567050207056,10.148877224359222,739.1036260090294
2023-01-14T13:45:00,84.09345784038167,10.589199314801677,717.4981932261506
2023-01-14T14:00:00,78.45172279556373,12.008749209064971,692.820323027551
2023-01-14T14:15:00,66.61257735618771,11.718054751298173,675.9177997712945
2023-01-14T14:30:00,73.27170133587227,9.745848010543655,634.6826722329881
2023-01-14T14:45:00,83.58803348015253,11.533359468352591,601.4718459831819
2023-01-14T15:00:00,62.6388918801476,13.099093096948405,583.6126534595857
2023-01-14T15:15:00,73.83602690109329,11.465719740471883,527.4766520800551
2023-01-14T15:30:00,68.66195234789762,11.713054486788913,506.11804492666283
2023-01-14T15:45:00,77.52098382837573,12.857564991720176,444.4561864156817
2023-01-14T16:00:00,69.0111578993422,12.520906087912586,399.99999999999994
2023-01-14T16:15:00,73.25227156811759,12.633193736595986,356.9569376139254
2023-01-14T16:30:00,72.86769840320677,8.700585456987657,333.8924712350084
2023-01-14T16:45:00,77.99664616477284,13.044621359611881,283.26902876673483
2023-01-14T17:00:00,66.54839884373308,11.762414730108201,230.11997684586353
2023-01-14T17:15:00,68.16875594849513,13.380155959813063,156.0722576129029
2023-01-14T17:30:00,57.571974108823355,9.907655882946768,104.42095377604126
2023-01-14T17:45:00,69.64685806113108,8.677450111198596,67.53833264533263
2023-01-14T18:00:00,58.584183419702676,10.179721015818103,27.535194046016436
2023-01-14T18:15:00,60.232787138318685,9.610564432816894,0.0
2023-01-14T18:30:00,63.54725051795022,10.236094429640788,0.0
2023-01-14T18:45:00,56.41075097851403,10.33821161467761,0.0
2023-01-14T19:00:00,65.85419690265378,8.842567727094144,0.0
2023-01-14T19:15:00,69.92669115375215,8.342885967474922,0.0
2023-01-14T19:30:00,66.80432984804237,8.748682285680307,0.0
2023-01-14T19:45:00,57.49676613915439,7.602169998100114,0.0
2023-01-14T20:00:00,64.75806224517778,7.142794041691979,0.0
2023-01-14T20:15:00,68.84366050223421,8.137538742745697,0.0
2023-01-14T20:30:00,55.31044264439158,7.972796882197523,0.0
2023-01-14T20:45:00,58.69765420957671,7.4062468912175925,0.0
2023-01-14T21:00:00,67.62731005673615,5.761632159248116,0.0
2023-01-14T21:15:00,63.57208160207354,3.3976541088396,0.0
2023-01-14T21:30:00,63.06840615920459,4.998498632260482,0.0
2023-01-14T21:45:00,68.91300243979445,4.0013399271998225,0.0
2023-01-14T22:00:00,60.399364533668326,4.24722258234793,0.0
2023-01-14T22:15:00,59.639012985940155,3.3301341874370634,0.0
2023-01-14T22:30:00,68.06946636372362,3.6130214223175003,0.0
2023-01-14T22:45:00,51.51052371483575,2.2368541014280696,0.0
2023-01-14T23:00:00,46.578797316185664,1.649144435255261,0.0
2023-01-14T23:15:00,50.65025552870691,3.8191319564269213,0.0
2023-01-14T23:30:00,48.63507125606558,1.3076356845536656,0.0
2023-01-14T23:45:00,41.75386511885716,1.9741186066295813,0.0
2023-01-15T00:00:00,37.391547853387635,2.7155654629611163,0.0
2023-01-15T00:15:00,54.145576596840186,2.406956584833275,0.0
2023-01-15T00:30:00,44.35885307562578,2.0384194666455064,0.0
2023-01-15T00:45:00,39.27640043608688,1.3177401441638288,0.0
2023-01-15T01:00:00,47.8146679367785,1.531542189307784,0.0
2023-01-15T01:15:00,43.06920460345309,1.9955429868875905,0.0
2023-01-15T01:30:00,42.81153506934698,0.8854367024052199,0.0
2023-01-15T01:45:00,47.42744248008057,-1.515091820307251,0.0
2023-01-15T02:00:00,38.77361353431465,-0.32039686040694026,0.0
2023-01-15T02:15:00,47.68727672469683,0.8153496927802717,0.0
2023-01-15T02:30:00,56.251240183995925,-0.5720737984747006,0.0
2023-01-15T02:45:00,49.84762511256888,1.6366439035045899,0.0
2023-01-15T03:00:00,46.530336808513596,-0.05948852468886498,0.0
2023-01-15T03:15:00,46.83109024701928,0.10178653540538235,0.0
2023-01-15T03:30:00,48.32660450426191,1.17976633413644,0.0
2023-01-15T03:45:00,50.17231490053092,-0.06387027625110883,0.0
2023-01-15T04:00:00,50.66450028737051,0.38441338147134246,0.0
2023-01-15T04:15:00,58.28931635215467,1.2212340105060449,0.0
2023-01-15T04:30:00,46.23381878781515,-1.0118565074238397,0.0
2023-01-15T04:45:00,60.43474389715931,0.3371566918938865,0.0
2023-01-15T05:00:00,55.47871942339865,1.6366921761500546,0.0
2023-01-15T05:15:00,60.53646543931617,1.0804737780048894,0.0
2023-01-15T05:30:00,54.30806955575652,2.710905073807635,0.0
2023-01-15T05:45:00,67.88862570080619,-0.08327089958321521,0.0
2023-01-15T06:00:00,68.78170775202125,0.07104884841214854,0.0
2023-01-15T06:15:00,70.61744104781587,2.8173029294998715,94.22842694272835
2023-01-15T06:30:00,61.472568593133005,3.2169299443580175,104.42095377604126
2023-01-15T06:45:00,76.34119623229105,2.47701989852812,156.0722576129026
2023-01-15T07:00:00,77.25418929139084,3.4040857035232914,207.0552360820166
2023-01-15T07:15:00,70.08738745669308,4.095166139794966,257.15157224252926
2023-01-15T07:30:00,80.69231639740781,2.8937275034352816,306.1467458920718
2023-01-15T07:45:00,85.12227930507675,3.368206136609298,353.83095217520105
2023-01-15T08:00:00,88.3242903770442,4.640503212061079,399.99999999999994
2023-01-15T08:15:00,88.4094374339675,5.737238331274517,444.4561864156817
2023-01-15T08:30:00,90.6738060099092,4.0545772237992725,487.00914320697655
2023-01-15T08:45:00,97.98017913503588,5.413324896161689,543.9124405587168
2023-01-15T09:00:00,97.82583812444622,5.759454671773128,589.7081372539628
2023-01-15T09:15:00,78.12672725243485,6.814069183901189,601.4718459831818
2023-01-15T09:30:00,91.32229437713418,6.778150086789042,634.6826722329881
2023-01-15T09:45:00,92.21786304716233,6.628349651771477,665.1756898420361
2023-01-15T10:00:00,84.10392921998236,8.805171354850097,694.2407369942794
2023-01-15T10:15:00,92.86220317734572,7.393070613675716,722.097468469227
2023-01-15T10:30:00,97.88151418123834,8.00769553464665,739.1036260090294
2023-01-15T10:45:00,85.19071767824184,7.065925808871951,765.4656031514735
2023-01-15T11:00:00,91.0540541703926,8.29006542663167,778.9148366722751
2023-01-15T11:15:00,83.33037265822063,9.85318877793423,784.6282243225844
2023-01-15T11:30:00,82.9051557367775,9.976861833884751,817.0168393736275
2023-01-15T11:45:00,91.8555724700849,10.559283184143741,798.2871385908828
2023-01-15T12:00:00,79.84074385060275,10.79731427654252,833.5114320383398
2023-01-15T12:15:00,84.82177386098707,12.602444184646583,806.6955503792674
2023-01-15T12:30:00,73.02633959833314,10.015952517778068,832.5745517064851
2023-01-15T12:45:00,91.48082636620089,9.373085233858049,808.1336077087133
2023-01-15T13:00:00,84.88531170847573,10.149290730112675,777.2844535940718
2023-01-15T13:15:00,80.57963632781268,10.681275916842106,757.5441035960846
2023-01-15T13:30:00,83.90885615138708,10.572641561928375,739.1036260090294
2023-01-15T13:45:00,73.44189063707658,11.778932928093054,728.1588789258011
2023-01-15T14:00:00,85.78669473561393,13.051901166768998,695.6828447033694
2023-01-15T14:15:00,77.56300131973063,13.428062058866864,665.1756898420364
2023-01-15T14:30:00,77.4002521817444,12.456668973567034,651.343871185189
2023-01-15T14:45:00,75.132051025914,14.132117058363203,602.2472725903025
2023-01-15T15:00:00,73.7924115611649,11.647318246911148,582.4656212552526
2023-01-15T15:15:00,79.21380231130529,10.35832580090676,527.4766520800551
2023-01-15T15:30:00,76.0082957818574,13.005538539608597,506.9985765671401
2023-01-15T15:45:00,76.9236783185691,10.049808594147887,454.4760978026273
2023-01-15T16:00:00,72.50955950373401,11.044243238512172,423.951393289238
2023-01-15T16:15:00,73.9653058109278,12.205384312870997,373.3795621895278
2023-01-15T16:30:00,68.11295787883847,11.444587018496506,306.1467458920719
2023-01-15T16:45:00,80.13098146427285,11.193974989802191,257.1515722425294
2023-01-15T17:00:00,59.890261771059805,10.019053693364192,242.71585593383566
2023-01-15T17:15:00,72.76002600929937,10.981706587859502,156.0722576129029
2023-01-15T17:30:00,72.00359404916776,11.76747383396277,119.38962775279813
2023-01-15T17:45:00,59.600801505936765,10.534698064887449,52.32250338411449
2023-01-15T18:00:00,73.69990100394173,9.416106110955791,9.797174393178826e-14
2023-01-15T18:15:00,68.18081466458638,8.712227733480649,0.0
2023-01-15T18:30:00,68.6809898174132,8.846665294574311,0.0
2023-01-15T18:45:00,64.53208893144503,9.729446454009539,0.0
2023-01-15T19:00:00,63.79102125801808,9.347293565837276,0.0
2023-01-15T19:15:00,64.20912094503142,7.856916344195906,0.0
2023-01-15T19:30:00,67.45911900325588,6.089032475686048,0.0
2023-01-15T19:45:00,72.61399062631986,8.352340858968702,0.0
2023-01-15T20:00:00,66.45048509723554,6.658898175117442,0.0
2023-01-15T20:15:00,60.743103162752675,7.863295714589621,0.0
2023-01-15T20:30:00,68.98932707724839,6.030738814670126,0.0
2023-01-15T20:45:00,68.8440433017416,5.408209625188616,0.0
2023-01-15T21:00:00,66.68469496966985,6.156863210737152,0.0
2023-01-15T21:15:00,66.1159042548144,7.968971758123078,0.0
2023-01-15T21:30:00,59.82071288888415,5.969564141273829,0.0
2023-01-15T21:45:00,55.13738785712737,4.969368670586649,0.0
2023-01-15T22:00:00,53.88243877903579,4.809628569243412,0.0
2023-01-15T22:15:00,48.33906198258734,2.323938650173001,0.0
2023-01-15T22:30:00,55.8672870764641,2.585250338534472,0.0
2023-01-15T22:45:00,52.3291078802576,0.839030297116421,0.0
2023-01-15T23:00:00,48.53507790273196,4.733565198054189,0.0
2023-01-15T23:15:00,33.89998470684827,4.197655934515703,0.0
2023-01-15T23:30:00,40.370334051752636,2.743941255640155,0.0
2023-01-15T23:45:00,50.158450626706404,2.182731515961358,0.0
2023-01-16T00:00:00,39.396451575025395,0.285955845787649,0.0
2023-01-16T00:15:00,44.56536149885319,1.3498477302799594,0.0
2023-01-16T00:30:00,35.937257197988565,3.1124583720609955,0.0
2023-01-16T00:45:00,50.2974033790726,1.2227848597849562,0.0
2023-01-16T01:00:00,42.68092674928631,0.3193876464859865,0.0
2023-01-16T01:15:00,45.231180967856616,-1.059120573795229,0.0
2023-01-16T01:30:00,55.87088988452374,1.9172150680676,0.0
2023-01-16T01:45:00,52.36432724763431,0.3285219574062246,0.0
2023-01-16T02:00:00,43.86624539321699,-1.4721022756927244,0.0
2023-01-16T02:15:00,43.12408840493835,-0.7287908290864098,0.0
2023-01-16T02:30:00,45.22478971191869,-1.1460206501964785,0.0
2023-01-16T02:45:00,50.23227666814419,-0.03871052973907757,0.0
2023-01-16T03:00:00,48.05132528035575,0.2875255050173334,0.0
2023-01-16T03:15:00,47.55644454832232,-0.41018406830563026,0.0
2023-01-16T03:30:00,57.88025924871185,0.9085639636485344,0.0
2023-01-16T03:45:00,51.03712745605983,0.2742770934575739,0.0
2023-01-16T04:00:00,64.21752704052764,1.3469439629422346,0.0
2023-01-16T04:15:00,54.327520589721885,0.041411680353162006,0.0
2023-01-16T04:30:00,63.99250489916289,3.5822349323479403,0.0
2023-01-16T04:45:00,58.07738938283096,0.13446136273442677,0.0
2023-01-16T05:00:00,62.35800353953788,-0.01929587905798913,0.0
2023-01-16T05:15:00,55.19471987742986,0.06506831149348602,0.0
2023-01-16T05:30:00,55.84026161800296,1.109125767102798,0.0
2023-01-16T05:45:00,63.710048765813134,-0.15038840033513234,0.0
2023-01-16T06:00:00,67.66234778766764,2.1321086921130408,8.397676943268436
2023-01-16T06:15:00,66.186819553247,0.2188078752392948,92.05456481793921
2023-01-16T06:30:00,62.7804244208614,2.589288885409422,106.4264446920923
2023-01-16T06:45:00,65.56034766969334,1.3955133931905486,156.0722576129026
2023-01-16T07:00:00,68.26028046646027,2.6988931280244226,239.9414485064849
2023-01-16T07:15:00,69.44168175183819,4.030994793222867,257.15157224252926
2023-01-16T07:30:00,81.5272787376765,6.088123625090329,306.1467458920718
2023-01-16T07:45:00,89.09087509262973,3.073549222804388,359.2658150022191
2023-01-16T08:00:00,85.64288369748358,4.376954815362999,408.34350164526444
2023-01-16T08:15:00,76.38710543671314,4.185885928532203,444.4561864156817
2023-01-16T08:30:00,88.42989524817875,4.42715905952341,487.00914320697655
2023-01-16T08:45:00,89.96417581478654,4.972794430054112,527.476652080055
2023-01-16T09:00:00,102.3417109501992,6.904253011041454,578.1196862156892
2023-01-16T09:15:00,85.34236108092998,5.984549446554993,625.1394436772395
2023-01-16T09:30:00,91.1221477625058,9.11265638699568,634.6826722329881
2023-01-16T09:45:00,101.73643021178408,7.666707723396018,685.0888889029934
2023-01-16T10:00:00,95.28036241452914,6.623090144845564,711.4358979140442
2023-01-16T10:15:00,95.37390187794547,7.642118145078408,717.4981932261506
2023-01-16T10:30:00,92.3766961284844,7.574440139555064,739.1036260090294
2023-01-16T10:45:00,92.4393232936603,9.533987329665235,757.5441035960845
2023-01-16T11:00:00,93.42614575251511,7.4414068788392616,772.7406610312546
2023-01-16T11:15:00,84.02810707441817,8.072656553086318,815.4616412587683
2023-01-16T11:30:00,90.82105737389607,9.141208990707698,793.1558890990483
2023-01-16T11:45:00,77.7696378389862,10.719208219143253,798.2871385908828
2023-01-16T12:00:00,84.36142143949874,11.555887497346571,802.9569710990388
2023-01-16T12:15:00,83.57046485654476,11.97176757105122,798.2871385908828
2023-01-16T12:30:00,79.46701336185671,11.370108097099457,803.4426901031754
2023-01-16T12:45:00,82.22186080677743,10.986114672861765,784.6282243225844
2023-01-16T13:00:00,78.92539733779465,12.070964770425139,772.7406610312546
2023-01-16T13:15:00,76.29967753093445,10.316922367168935,765.0539445647224
2023-01-16T13:30:00,79.42909851749857,9.778806508456007,774.1082996650738
2023-01-16T13:45:00,75.13709322913651,12.198404890061637,761.4539444308685
2023-01-16T14:00:00,81.65407697149607,10.870063075990075,692.820323027551
2023-01-16T14:15:00,73.59854635063014,11.899591485658416,665.1756898420364
2023-01-16T14:30:00,82.14653349612101,12.14848271952019,644.9933179337353
2023-01-16T14:45:00,71.8489823852765,12.315459634014433,624.847632949356
2023-01-16T15:00:00,74.03024262116698,13.017978073929568,565.685424949238
2023-01-16T15:15:00,72.78348083626653,12.899415263127867,529.2233884581811
2023-01-16T15:30:00,81.52054379988967,12.223855770815067,487.0091432069767
2023-01-16T15:45:00,75.48243596381606,11.522882937354492,444.4561864156817
2023-01-16T16:00:00,71.66091256261907,11.983503581815246,399.99999999999994
2023-01-16T16:15:00,74.0589525850697,11.165556895700227,353.83095217520105
2023-01-16T16:30:00,59.837288485994414,11.427034808466065,307.323046291721
2023-01-16T16:45:00,68.93270293319975,14.07959640818106,277.31362944781233
2023-01-16T17:00:00,77.88353336641529,11.458528658994688,214.14219838365813
2023-01-16T17:15:00,67.28312054767699,11.519249226257337,175.02304635625595
2023-01-16T17:30:00,65.66967126558876,10.134825928121565,104.95544049298651
2023-01-16T17:45:00,66.7682860581549,11.611298796708247,52.32250338411449
2023-01-16T18:00:00,67.19760779191279,11.083099645187225,9.797174393178826e-14
2023-01-16T18:15:00,53.38207840958967,10.803613980660014,0.0
2023-01-16T18:30:00,55.57971099852269,9.947646356210303,0.0
2023-01-16T18:45:00,65.60948307592557,10.447798029288899,0.0
2023-01-16T19:00:00,61.468817863803096,10.351871732039248,0.0
2023-01-16T19:15:00,71.9823400155082,9.017017596067816,0.0
2023-01-16T19:30:00,64.09664269641137,8.261674770594732,0.0
2023-01-16T19:45:00,56.101454196763974,8.903394317338247,0.0
2023-01-16T20:00:00,59.36989304788765,6.728975499459898,0.0
2023-01-16T20:15:00,51.71798980446543,6.53276818688596,0.0
2023-01-16T20:30:00,63.86261270308812,6.810043345839923,0.0
2023-01-16T20:45:00,63.46241755762491,4.7312482423472275,0.0
2023-01-16T21:00:00,61.45513240270061,6.90778180896794,0.0
2023-01-16T21:15:00,67.94885354151735,4.724853872557834,0.0
2023-01-16T21:30:00,67.33400134643584,4.825538360582447,0.0
2023-01-16T21:45:00,59.0964402001789,4.696365007627974,0.0
2023-01-16T22:00:00,47.71598621903459,4.566559086359942,0.0
2023-01-16T22:15:00,59.768834751517105,3.807896467162504,0.0
2023-01-16T22:30:00,57.62539378545642,3.7167148939836276,0.0
2023-01-16T22:45:00,54.459358271354475,3.366826761700094,0.0
2023-01-16T23:00:00,55.80846379610027,2.6331555777773876,0.0
2023-01-16T23:15:00,43.019986970447604,1.9735706796481378,0.0
2023-01-16T23:30:00,56.816746955328355,3.509091885707795,0.0
2023-01-16T23:45:00,39.92315722816041,0.01970594253739888,0.0
2023-01-17T00:00:00,46.63093896481036,1.710969054437596,0.0
2023-01-17T00:15:00,34.49090739196726,1.1793865838082844,0.0
2023-01-17T00:30:00,38.40460366497963,1.8179963455454395,0.0
2023-01-17T00:45:00,50.85096195436816,-0.28378556976791725,0.0
2023-01-17T01:00:00,42.26180868802048,0.46338713661612824,0.0
2023-01-17T01:15:00,48.145834764567965,0.675728717380478,0.0
2023-01-17T01:30:00,45.59201062217659,1.6861213158691037,0.0
2023-01-17T01:45:00,44.42257871815146,0.8099290903911543,0.0
2023-01-17T02:00:00,52.38356787778077,-0.8197182680369075,0.0
2023-01-17T02:15:00,45.072137959495684,-0.21286350057367787,0.0
2023-01-17T02:30:00,38.11406698516403,1.0967070849841924,0.0
2023-01-17T02:45:00,43.83182771946802,-1.0286035047883235,0.0
2023-01-17T03:00:00,51.49864734858361,0.08068063219399357,0.0
2023-01-17T03:15:00,51.67545355861725,0.16305090860846838,0.0
2023-01-17T03:30:00,42.87430449745449,-0.17512732759726218,0.0
2023-01-17T03:45:00,48.151707071373046,2.970365000945897,0.0
2023-01-17T04:00:00,49.97621758279486,-0.04896151661559467,0.0
2023-01-17T04:15:00,52.211702553854934,0.9275092829635281,0.0
2023-01-17T04:30:00,48.351587738496534,-0.1502534147206398,0.0
2023-01-17T04:45:00,53.31417948214547,1.3058364433696381,0.0
2023-01-17T05:00:00,54.06539100045804,1.8339600747116676,0.0
2023-01-17T05:15:00,62.84068418729312,0.5825431900049952,0.0
2023-01-17T05:30:00,64.31990703935628,1.34450304360042,0.0
2023-01-17T05:45:00,60.84770945375915,0.7530062858016277,0.0
2023-01-17T06:00:00,60.92462534945244,0.772280401397188,26.711434913281877
2023-01-17T06:15:00,66.8504013569053,3.2400454424661578,69.20154936753788
2023-01-17T06:30:00,65.29475831246705,1.9527553806303926,121.05736865660154
2023-01-17T06:45:00,66.79272184376781,0.41229117394068115,156.67419666510037
2023-01-17T07:00:00,70.86009918622793,4.9246810570599875,229.882678176705
2023-01-17T07:15:00,75.27096925014284,2.7034974361897506,288.5666644837713
2023-01-17T07:30:00,75.32772569494475,3.616851262627795,322.30722614831075
2023-01-17T07:45:00,84.44119603286902,5.87159461424171,353.83095217520105
2023-01-17T08:00:00,89.5237837544912,4.4646685357636,399.99999999999994
2023-01-17T08:15:00,79.91893047287624,4.825446366267731,455.92958707520353
2023-01-17T08:30:00,89.67458385939669,4.147994702695522,503.76404128789943
2023-01-17T08:45:00,89.84373457508295,4.13207242555794,527.476652080055
2023-01-17T09:00:00,93.73450338022106,5.992938635970236,565.6854249492379
2023-01-17T09:15:00,92.72859955847484,6.914553450022117,633.1559857307384
2023-01-17T09:30:00,85.97278212930865,7.248007462097446,634.6826722329881
2023-01-17T09:45:00,87.06046306824047,6.848605752193918,665.1756898420361
2023-01-17T10:00:00,93.3428313391863,7.732496970528431,692.8203230275509
2023-01-17T10:15:00,97.86648386255592,6.2507516970573676,717.4981932261506
2023-01-17T10:30:00,80.89807984161503,8.915592515452381,764.0505235514095
2023-01-17T10:45:00,92.68348125284692,8.974462886650418,783.1607587263486
2023-01-17T11:00:00,95.65145088102568,11.132985794749223,772.7406610312546
2023-01-17T11:15:00,87.47565204131598,9.500225945113025,794.5545122337201
2023-01-17T11:30:00,89.3470197129523,8.869224122472609,793.1558890990483
2023-01-17T11:45:00,81.28455027238992,10.064676657077957,798.2871385908828
2023-01-17T12:00:00,82.2879933324217,10.074165787669811,844.3621401534887
2023-01-17T12:15:00,74.7374352020374,11.105071614210624,825.7819378922824
2023-01-17T12:30:00,70.99200501418792,10.946337004038963,800.2442772056426
2023-01-17T12:45:00,87.21435894299708,9.888195873328993,784.6282243225844
2023-01-17T13:00:00,77.27836621596525,9.719734035078977,772.7406610312546
2023-01-17T13:15:00,79.54578769369105,11.80346955239551,757.5441035960846
2023-01-17T13:30:00,74.43020371268086,13.085716636703323,741.0552708275989
2023-01-17T13:45:00,73.77243064404047,11.920253561588718,723.6966567181377
2023-01-17T14:00:00,79.33614390402178,12.768177212220982,692.820323027551
2023-01-17T14:15:00,75.86633060417877,13.056845737189347,665.1756898420364
2023-01-17T14:30:00,80.64174612460428,12.374785914603894,677.3238519473058
2023-01-17T14:45:00,80.18431257328359,11.331986952136576,606.2223809198089
2023-01-17T15:00:00,78.63120818416007,12.354632985611929,574.8172649531266
2023-01-17T15:15:00,77.26474458544969,13.353551327598465,527.4766520800551
2023-01-17T15:30:00,82.94889393363994,12.63788461840914,487.0091432069767
2023-01-17T15:45:00,68.6582601439737,12.792281925814402,444.4561864156817
2023-01-17T16:00:00,72.6101499977915,11.49233361660895,399.99999999999994
2023-01-17T16:15:00,77.39404723578406,11.638551917791515,368.0216397895926
2023-01-17T16:30:00,76.86119202279806,11.583874784733718,324.2682973595953
2023-01-17T16:45:00,62.204795388146465,11.4892233472257,272.4521618367168
2023-01-17T17:00:00,66.49942802257716,12.523435639285355,226.8206828003598
2023-01-17T17:15:00,73.57723624846497,8.800968846043471,192.14557376243485
2023-01-17T17:30:00,68.03574369920244,10.949983246895613,112.21798856675238
2023-01-17T17:45:00,65.16920207080781,10.590867369745375,74.30681980031117
2023-01-17T18:00:00,61.796400861632804,9.030464446241501,9.877211476714665
2023-01-17T18:15:00,61.615649998965274,10.787167007754244,0.0
2023-01-17T18:30:00,65.59768147639448,9.087393282673764,0.0
2023-01-17T18:45:00,63.46139874903745,9.135713649330818,0.0
2023-01-17T19:00:00,64.99555032153346,11.008106808320408,0.0
2023-01-17T19:15:00,65.98044998844885,9.823030691419428,0.0
2023-01-17T19:30:00,62.447399756835026,9.02991243390202,0.0
2023-01-17T19:45:00,68.59999749820179,8.468738627029738,0.0
2023-01-17T20:00:00,80.44642862764977,7.5475591487361475,0.0
2023-01-17T20:15:00,56.74667945945297,9.329244098033238,0.0
2023-01-17T20:30:00,66.81854576391761,7.7446496853269124,0.0
2023-01-17T20:45:00,60.768630504317336,5.80219376198197,0.0
2023-01-17T21:00:00,66.6297015926714,4.7592226223487115,0.0
2023-01-17T21:15:00,62.95248846647301,6.333744127174777,0.0
2023-01-17T21:30:00,65.31591878752974,5.32029861736761,0.0
2023-01-17T21:45:00,65.9911579529684,3.559844801523427,0.0
2023-01-17T22:00:00,59.51680289872481,5.034996795662824,0.0
2023-01-17T22:15:00,62.50793104459174,3.961660948435875,0.0
2023-01-17T22:30:00,43.292345927435186,4.393889231903296,0.0
2023-01-17T22:45:00,61.02990466361491,3.9473329738332645,0.0
2023-01-17T23:00:00,52.941618562486426,2.551060879022524,0.0
2023-01-17T23:15:00,54.39858698494375,3.4587482668729574,0.0
2023-01-17T23:30:00,40.83883405366009,2.0088512438791435,0.0
2023-01-17T23:45:00,40.73168933930811,1.77036813678498,0.0
2023-01-18T00:00:00,43.77890371728676,1.466170854816907,0.0
2023-01-18T00:15:00,43.0068443351035,2.861018531489977,0.0
2023-01-18T00:30:00,44.63565795913663,1.2003905187557988,0.0
2023-01-18T00:45:00,48.85608244314811,2.62470845530655,0.0
2023-01-18T01:00:00,34.90459414426728,2.8284153960377987,0.0
2023-01-18T01:15:00,48.97970501524732,0.12112736250699152,0.0
2023-01-18T01:30:00,44.61303114612679,-2.2231895612070827,0.0
2023-01-18T01:45:00,44.09284811028638,1.6040117148582096,0.0
2023-01-18T02:00:00,38.37312799894966,0.10355609346301953,0.0
2023-01-18T02:15:00,48.935063342396305,-0.5098151469938033,0.0
2023-01-18T02:30:00,35.111606185583,-0.2963043258382604,0.0
2023-01-18T02:45:00,51.25438615317691,-0.160884412240079,0.0
2023-01-18T03:00:00,41.446547445466976,1.5382760392513106,0.0
2023-01-18T03:15:00,50.129585507648876,0.4138406484434648,0.0
2023-01-18T03:30:00,50.27813947974887,1.5760124104228441,0.0
2023-01-18T03:45:00,57.785498322640265,0.8505913854166838,0.0
2023-01-18T04:00:00,52.155936401493435,0.13629726687267624,0.0
2023-01-18T04:15:00,50.73274563645453,0.16914496837767962,0.0
2023-01-18T04:30:00,52.86253011940507,1.259414504239452,0.0
2023-01-18T04:45:00,62.98483678427298,1.6802721286941489,0.0
2023-01-18T05:00:00,60.55431619041695,2.0417232115518082,0.0
2023-01-18T05:15:00,57.21925589862452,0.9907267633665565,0.0
2023-01-18T05:30:00,59.25645630233929,1.6561687632146316,0.0
2023-01-18T05:45:00,53.905264209032794,2.3140845129390337,0.0
2023-01-18T06:00:00,64.9915832508206,1.614477235501424,18.935446350014857
2023-01-18T06:15:00,57.516089175989194,1.1500680241543908,52.32250338411445
2023-01-18T06:30:00,73.30100409667901,1.7822433078031235,112.6610181679423
2023-01-18T06:45:00,73.33437813481814,2.666626107891972,156.0722576129026
2023-01-18T07:00:00,87.66035214648292,3.9032900877778722,229.26117023444266
2023-01-18T07:15:00,73.1087452191354,4.846328302815665,257.15157224252926
2023-01-18T07:30:00,80.79617215645973,2.5889351456324112,322.4814893750783
2023-01-18T07:45:00,92.78672465992676,3.7151011428086185,354.1851314121612
2023-01-18T08:00:00,91.99654150478653,4.3303061808791945,419.3077466145258
2023-01-18T08:15:00,84.53774963672474,5.865258048767445,444.4561864156817
2023-01-18T08:30:00,90.83316536294056,4.929815259848761,488.80881478330247
2023-01-18T08:45:00,91.11779825124685,5.41893183822924,528.6892538746806
2023-01-18T09:00:00,93.60112720726462,4.8290903714073465,574.3630961502471
2023-01-18T09:15:00,89.46427913682544,7.116909039911688,601.4718459831818
2023-01-18T09:30:00,92.95856443321993,6.862841027281325,647.4069739946752
2023-01-18T09:45:00,85.54653560389953,6.757579845674744,665.1756898420361
2023-01-18T10:00:00,94.03571863835865,7.534483994690598,692.8203230275509
2023-01-18T10:15:00,95.13707054869434,9.296715242307803,717.4981932261506
2023-01-18T10:30:00,90.99630755136742,7.532296634428267,755.668014002742
2023-01-18T10:45:00,83.04398181867187,8.053155458767982,765.5467191462652
2023-01-18T11:00:00,94.81038808660158,10.493335396023191,781.8614339692293
2023-01-18T11:15:00,90.22779453006785,9.650279174694042,814.0920122475555
2023-01-18T11:30:00,83.13031966207201,10.563405619321813,793.1558890990483
2023-01-18T11:45:00,83.5612813604454,10.59890974916367,810.478852219136
2023-01-18T12:00:00,75.5458652326537,10.448389083382908,801.3204469435295
2023-01-18T12:15:00,77.87934007244543,10.403822674282878,798.2871385908828
2023-01-18T12:30:00,80.1890527422534,11.8327610127888,819.2884057406263
2023-01-18T12:45:00,88.80702191602826,12.392237190183996,826.2658115906253
2023-01-18T13:00:00,79.17021181790687,12.5214237182803,772.7406610312546
2023-01-18T13:15:00,85.1888831331088,10.436847764106018,774.2184954264823
2023-01-18T13:30:00,78.83522188248072,13.08927116146962,745.4859642619656
2023-01-18T13:45:00,82.22640488147603,11.56472847133056,724.1204416751594
2023-01-18T14:00:00,79.66274281153265,11.281608368747147,697.7638776082208
2023-01-18T14:15:00,84.04388749307752,11.95646693420848,665.1756898420364
2023-01-18T14:30:00,76.24222236129481,13.020880552049166,634.6826722329881
2023-01-18T14:45:00,70.22336714613023,12.768700672017253,632.1680324751517
2023-01-18T15:00:00,70.28160271347568,11.985696536703303,565.685424949238
2023-01-18T15:15:00,73.57674107885047,13.065902354867166,527.4766520800551
2023-01-18T15:30:00,68.97914097334704,12.32961269755987,487.0091432069767
2023-01-18T15:45:00,76.21167698535268,11.552823165437578,444.4561864156817
2023-01-18T16:00:00,70.72037142227249,11.328602623333488,404.8048028399124
2023-01-18T16:15:00,83.76801880107507,12.332898569949824,353.83095217520105
2023-01-18T16:30:00,62.01430791817903,11.70184240780969,306.1467458920719
2023-01-18T16:45:00,70.49616744617514,10.246814244340065,260.13761257555655
2023-01-18T17:00:00,62.58582803108497,12.284396864333706,207.05523608201682
2023-01-18T17:15:00,64.48401198497207,10.749625593748423,174.62902903866492
2023-01-18T17:30:00,66.36683345766664,12.593322638293778,104.42095377604126
2023-01-18T17:45:00,52.73041795679432,9.349131808276724,52.32250338411449
2023-01-18T18:00:00,64.23334283050302,10.303015039286844,14.505952216748193
2023-01-18T18:15:00,73.21357985663164,9.497180154718757,0.0
2023-01-18T18:30:00,62.0537825868567,8.918229002232557,0.0
2023-01-18T18:45:00,66.18669657574421,9.087713629916808,0.0
2023-01-18T19:00:00,70.49743981013947,11.011650557594553,0.0
2023-01-18T19:15:00,64.93207687549548,9.038185259951081,0.0
2023-01-18T19:30:00,63.0973443744019,7.745475503950681,0.0
2023-01-18T19:45:00,54.72505652794264,6.341091330039136,0.0
2023-01-18T20:00:00,69.24454690030433,6.072634672825011,0.0
2023-01-18T20:15:00,65.23015852519566,6.875161736535607,0.0
2023-01-18T20:30:00,60.299451803783704,6.39055211773922,0.0
2023-01-18T20:45:00,65.36695241655713,6.409451017703944,0.0
2023-01-18T21:00:00,60.98867483880103,3.96889914812172,0.0
2023-01-18T21:15:00,60.241958362012866,5.75698257813018,0.0
2023-01-18T21:30:00,64.70248861561775,6.485655570384369,0.0
2023-01-18T21:45:00,53.586100931562065,6.693382263824996,0.0
2023-01-18T22:00:00,63.9556616580095,2.793722530025309,0.0
2023-01-18T22:15:00,50.02362670468563,3.5110533974994467,0.0
2023-01-18T22:30:00,51.864716272359054,3.0907484933924976,0.0
2023-01-18T22:45:00,62.856762062124474,3.7330722347692142,0.0
2023-01-18T23:00:00,56.86746952899364,2.0213104806811164,0.0
2023-01-18T23:15:00,49.66177808645184,4.58992479916664,0.0
2023-01-18T23:30:00,42.39994961811841,2.6320368461909887,0.0
2023-01-18T23:45:00,42.403565131592124,2.1618617686579458,0.0
2023-01-19T00:00:00,43.579073189852124,3.675509499367524,0.0
2023-01-19T00:15:00,43.44313431384957,1.7983499837468198,0.0
2023-01-19T00:30:00,42.929444741317624,1.9656198174553097,0.0
2023-01-19T00:45:00,43.44282843843811,0.5858205055967102,0.0
2023-01-19T01:00:00,42.82230454261671,-0.24121803505698325,0.0
2023-01-19T01:15:00,37.06420034882147,0.33383837200367117,0.0
2023-01-19T01:30:00,42.152552255893745,2.9691350965811365,0.0
2023-01-19T01:45:00,49.84836205620411,1.2768766240203542,0.0
2023-01-19T02:00:00,39.05051705347928,0.8044163320806722,0.0
2023-01-19T02:15:00,45.63552681317635,-0.5356486199005499,0.0
2023-01-19T02:30:00,43.24686016724472,1.2880180854450152,0.0
2023-01-19T02:45:00,48.732652614334654,-1.0194103610413796,0.0
2023-01-19T03:00:00,47.1273950878586,-1.2416199969783488,0.0
2023-01-19T03:15:00,57.41274863979561,-0.220604209609234,0.0
2023-01-19T03:30:00,53.5703838077005,2.331258196422618,0.0
2023-01-19T03:45:00,45.54227612764555,2.3386190026772615,0.0
2023-01-19T04:00:00,56.568836674992134,0.07864456671907849,0.0
2023-01-19T04:15:00,50.493663531233295,-0.03034334246458581,0.0
2023-01-19T04:30:00,52.674046112734175,-0.8582027829234675,0.0
2023-01-19T04:45:00,58.35300241139602,1.0222307290279864,0.0
2023-01-19T05:00:00,55.57757861622256,1.2912967819855197,0.0
2023-01-19T05:15:00,63.775169258215854,2.1261750330856737,0.0
2023-01-19T05:30:00,56.72962246495564,2.476023924281785,0.0
2023-01-19T05:45:00,58.80990126936397,1.6169756901655359,0.0
2023-01-19T06:00:00,59.93084214918311,2.6388236403443317,1.0899115430928477
2023-01-19T06:15:00,63.650458343052094,1.6687226942570832,60.49106963729554
2023-01-19T06:30:00,75.20146391560155,3.209910412012394,104.42095377604126
2023-01-19T06:45:00,75.9987360107741,2.4847829764018607,172.32058264574204
2023-01-19T07:00:00,84.43879728903443,3.7848949686709705,250.50380337250766
2023-01-19T07:15:00,90.11112837761397,4.05020563667539,257.15157224252926
2023-01-19T07:30:00,76.31938182236196,4.098139484208558,313.2309220118624
2023-01-19T07:45:00,84.31086616230866,5.191339379044417,353.83095217520105
2023-01-19T08:00:00,80.32207609047306,3.2021231107282224,453.7921211919492
2023-01-19T08:15:00,84.29426462624367,4.0899783023863225,469.2488359786867
2023-01-19T08:30:00,86.72640004015574,5.272219625830688,492.6512900675759
2023-01-19T08:45:00,85.98551146884081,4.489754289649851,527.476652080055
2023-01-19T09:00:00,87.09539587616253,5.918571938149327,565.6854249492379
2023-01-19T09:15:00,92.39974379450908,6.34322493300734,616.3973360968175
2023-01-19T09:30:00,87.48505872515234,8.418277392691035,634.6826722329881
2023-01-19T09:45:00,97.91091664633203,7.6385120870922645,665.1756898420361
2023-01-19T10:00:00,88.93481806229143,8.907780299383035,692.9969483309085
2023-01-19T10:15:00,107.0982964024279,8.55574796333272,720.1665266170221
2023-01-19T10:30:00,90.03996673012563,8.085869775662506,746.7042541529153
2023-01-19T10:45:00,91.64280885154183,9.112885401764553,757.5441035960845
2023-01-19T11:00:00,83.55450722037486,10.054862786636205,791.1435919538764
2023-01-19T11:15:00,97.0991125011028,10.852259177264227,784.6282243225844
2023-01-19T11:30:00,92.52138292495223,9.845694963821924,805.6887761701771
2023-01-19T11:45:00,86.61234731867705,8.6340006994515,802.5695521642454
2023-01-19T12:00:00,76.47868387302583,8.850274882401415,812.0129817125706
2023-01-19T12:15:00,84.22320947031882,10.510062687461009,821.9270996293936
2023-01-19T12:30:00,77.43443861431358,8.74765499330347,793.1558890990484
2023-01-19T12:45:00,90.14017854235507,13.109358592256134,784.6282243225844
2023-01-19T13:00:00,86.57718680197088,12.118522106810397,772.7406610312546
2023-01-19T13:15:00,82.62849439926445,11.071005892402917,757.5441035960846
2023-01-19T13:30:00,69.50840895091278,10.759066053762957,739.1036260090294
2023-01-19T13:45:00,76.23307155428226,13.035136325650775,717.4981932261506
2023-01-19T14:00:00,83.9720103506118,11.007354254787437,692.820323027551
2023-01-19T14:15:00,85.90650732159034,11.191921371522362,665.1756898420364
2023-01-19T14:30:00,84.62561248020901,11.508159680920203,665.1517493789067
2023-01-19T14:45:00,70.28942775529592,12.426677406709977,618.9886415892381
2023-01-19T15:00:00,78.86259377471912,12.946233891851431,565.685424949238
2023-01-19T15:15:00,81.47718900133968,13.505262225551316,527.4766520800551
2023-01-19T15:30:00,67.09624736918684,13.319076919893597,495.12919704010477
2023-01-19T15:45:00,74.28457870044952,12.210921844358156,444.4561864156817
2023-01-19T16:00:00,74.58190860846594,13.141513384194777,399.99999999999994
2023-01-19T16:15:00,70.55464749707001,11.336017615698307,353.83095217520105
2023-01-19T16:30:00,61.60555598721945,10.047847633309786,327.9599635987214
2023-01-19T16:45:00,68.01299537261825,11.035541830189654,280.7795982929042
2023-01-19T17:00:00,66.75255036769896,10.715328361134377,207.05523608201682
2023-01-19T17:15:00,66.37414103450746,10.682267054720128,165.28327950558912
2023-01-19T17:30:00,63.00586333419933,10.126181765209555,104.42095377604126
2023-01-19T17:45:00,62.30569843531918,10.375365719998184,52.32250338411449
2023-01-19T18:00:00,63.01416520518875,11.188094353916895,9.797174393178826e-14
2023-01-19T18:15:00,66.07479994047011,11.996768445967017,0.0
2023-01-19T18:30:00,62.96232463477709,8.252658552497333,0.0
2023-01-19T18:45:00,63.00289702023742,8.3711232239209,0.0
2023-01-19T19:00:00,65.99808590614553,8.533990193975864,0.0
2023-01-19T19:15:00,56.310749116515325,9.744910471454633,0.0
2023-01-19T19:30:00,68.55080532355235,8.416589603921523,0.0
2023-01-19T19:45:00,66.26440743129737,7.52996402141938,0.0
2023-01-19T20:00:00,66.40154530667805,8.59508373102458,0.0
2023-01-19T20:15:00,70.76315648217323,8.452368651142773,0.0
2023-01-19T20:30:00,55.76227778084402,7.089833646600711,0.0
2023-01-19T20:45:00,55.028283886234604,5.901636001464347,0.0
2023-01-19T21:00:00,65.4395802198103,6.595716019939426,0.0
2023-01-19T21:15:00,63.011989112308676,5.699749468870608,0.0
2023-01-19T21:30:00,62.68540192139463,5.301266055598261,0.0
2023-01-19T21:45:00,58.13086198267982,4.642494302005426,0.0
2023-01-19T22:00:00,62.20433796920111,5.697505429410999,0.0
2023-01-19T22:15:00,61.83873610559401,4.6466798872118575,0.0
2023-01-19T22:30:00,57.761619154253765,5.065036740403125,0.0
2023-01-19T22:45:00,52.10137317012943,5.008030456868152,0.0
2023-01-19T23:00:00,40.85573315307027,3.784417221570672,0.0
2023-01-19T23:15:00,53.18342353452103,2.4855379397012687,0.0
2023-01-19T23:30:00,53.37472839707321,3.7131941108714956,0.0
2023-01-19T23:45:00,48.43620309537225,2.8350262643819737,0.0
2023-01-20T00:00:00,38.9770168591036,4.773087506930324,0.0
2023-01-20T00:15:00,46.787022499507856,2.2114244608627924,0.0
2023-01-20T00:30:00,47.84898030827216,2.3499284145086428,0.0
2023-01-20T00:45:00,51.55360462687196,1.7139666347227291,0.0
2023-01-20T01:00:00,39.67616284901999,1.1171094026672201,0.0
2023-01-20T01:15:00,43.30435348331833,0.7723324184582736,0.0
2023-01-20T01:30:00,48.63399860143268,1.163327066832817,0.0
2023-01-20T01:45:00,45.72482452247816,1.2519553920851916,0.0
2023-01-20T02:00:00,40.46808290999599,1.7711933591519853,0.0
2023-01-20T02:15:00,48.81891817502375,0.8364992931263521,0.0
2023-01-20T02:30:00,50.40147035919226,0.000802073573878459,0.0
2023-01-20T02:45:00,48.778247328016604,0.09835288121136654,0.0
2023-01-20T03:00:00,50.33101800810991,-0.9105765256612104,0.0
2023-01-20T03:15:00,48.89478318551111,2.0864207213826598,0.0
2023-01-20T03:30:00,58.59139509434702,-0.0774823645217404,0.0
2023-01-20T03:45:00,47.76036341698571,1.4950891949604945,0.0
2023-01-20T04:00:00,50.438625182122244,0.8933563169500939,0.0
2023-01-20T04:15:00,54.58438275919873,1.0345114711107435,0.0
2023-01-20T04:30:00,60.1163304871438,0.7516353469019135,0.0
2023-01-20T04:45:00,49.45957383940522,0.2433250794191666,0.0
2023-01-20T05:00:00,51.64736434506353,0.24767259404336328,0.0
2023-01-20T05:15:00,49.28478001694498,3.152008132231636,0.0
2023-01-20T05:30:00,60.92818127780646,1.766201454331805,0.0
2023-01-20T05:45:00,56.475637325305556,3.0265893185557577,0.0
2023-01-20T06:00:00,61.45247844585156,3.554626667767937,19.878800869111895
2023-01-20T06:15:00,69.9480754133033,2.045438596542343,62.811538281608954
2023-01-20T06:30:00,66.66032491296573,3.1832976091174907,104.42095377604126
2023-01-20T06:45:00,74.17369703545687,3.123949794615705,156.0722576129026
2023-01-20T07:00:00,74.55492035923294,2.2551466142250822,207.0552360820166
2023-01-20T07:15:00,82.29601131261735,3.5731483000237065,279.63370792172003
2023-01-20T07:30:00,84.01113969778119,4.703766413290659,327.19796763719205
2023-01-20T07:45:00,80.66163442381664,3.984694370412143,361.5911499718165
2023-01-20T08:00:00,85.52235128570544,4.534602951254985,399.99999999999994
2023-01-20T08:15:00,93.56354363260495,5.068451629759556,474.3420706261803
2023-01-20T08:30:00,92.00622932172205,7.740732595231764,487.00914320697655
2023-01-20T08:45:00,84.449007929794,4.1858927047566725,563.5840734180664
2023-01-20T09:00:00,95.79545492552899,6.91400371626923,570.9931662864909
2023-01-20T09:15:00,87.86064495394663,6.551440115370664,611.6080063615148
2023-01-20T09:30:00,100.79374854590688,6.554862662059846,634.6826722329881
2023-01-20T09:45:00,98.98330842886647,7.305026642182475,693.3148013976723
2023-01-20T10:00:00,95.13554550798848,8.632650931690518,704.989000713423
2023-01-20T10:15:00,93.99914814814439,9.065520803081501,746.3560270764431
2023-01-20T10:30:00,91.41426008382798,8.894478133867262,742.6544499799702
2023-01-20T10:45:00,94.83787277797418,10.158833875012604,757.5441035960845
2023-01-20T11:00:00,88.3398546744122,10.681193412342546,784.6432642892308
2023-01-20T11:15:00,89.90903544268154,10.562157757310198,813.4790345044086
2023-01-20T11:30:00,91.4460837325524,9.518736540147076,813.4905752438317
2023-01-20T11:45:00,82.48126762638603,10.862876857055259,801.0516147339682
2023-01-20T12:00:00,80.29426529598766,11.154201763499824,800.0
2023-01-20T12:15:00,77.3605800570909,10.107767828469282,814.4948593783093
2023-01-20T12:30:00,77.88176249278646,9.603041564935124,793.1558890990484
2023-01-20T12:45:00,73.84895804679823,9.378402469682687,785.3283394456312
2023-01-20T13:00:00,86.34288946680014,11.678368330060755,772.7406610312546
2023-01-20T13:15:00,91.3584042962571,12.09163658130502,757.5441035960846
2023-01-20T13:30:00,88.97946436351839,10.773856034657276,746.5536878065061
2023-01-20T13:45:00,73.1822613834623,13.139973526763967,760.5845480302962
2023-01-20T14:00:00,84.3200104294109,12.360133524272793,692.820323027551
2023-01-20T14:15:00,87.11515299160982,13.646524714576707,680.493283090299
2023-01-20T14:30:00,76.95824589807252,12.731565455468424,681.7964690078303
2023-01-20T14:45:00,78.91926229877092,11.333180384794439,618.7241103633594
2023-01-20T15:00:00,67.47789936564872,12.87064163053212,565.685424949238
2023-01-20T15:15:00,77.89582613782571,13.069624651545691,532.2169480025101
2023-01-20T15:30:00,70.23265892894196,11.813405999597826,496.624746869163
2023-01-20T15:45:00,75.48480874589075,10.854979102351479,473.1324490811609
2023-01-20T16:00:00,65.56921438499673,12.308211439282987,424.28100681276163
2023-01-20T16:15:00,74.93529392270914,11.09309655889642,353.83095217520105
2023-01-20T16:30:00,76.15146102037637,13.076525275370821,306.1467458920719
2023-01-20T16:45:00,65.88811899342852,11.386420186011508,257.1515722425294
2023-01-20T17:00:00,62.866996990939384,13.333113946441902,207.05523608201682
2023-01-20T17:15:00,56.4969202235138,9.277019423538407,156.0722576129029
2023-01-20T17:30:00,64.65368516996627,11.30727606313453,104.42095377604126
2023-01-20T17:45:00,61.77532190913597,12.352791902217154,52.32250338411449
2023-01-20T18:00:00,55.62013193420086,9.764696788473959,9.797174393178826e-14
2023-01-20T18:15:00,66.29015307619991,10.209234372215349,0.0
2023-01-20T18:30:00,62.397138918754656,9.66189327693025,0.0
2023-01-20T18:45:00,59.83499424786874,9.0620141732073,0.0
2023-01-20T19:00:00,62.925986065688484,9.656983058356252,0.0
2023-01-20T19:15:00,71.43438381965679,7.770670957556874,0.0
2023-01-20T19:30:00,69.34284678521367,8.597492230102285,0.0
2023-01-20T19:45:00,65.77962498843719,8.856991446745514,0.0
2023-01-20T20:00:00,69.46113514503197,7.750180976470453,0.0
2023-01-20T20:15:00,60.31745754128469,6.582698149352966,0.0
2023-01-20T20:30:00,65.8507383137379,8.225702969163782,0.0
2023-01-20T20:45:00,65.79659726697926,7.535036154239679,0.0
2023-01-20T21:00:00,61.88391082971654,5.37117324593823,0.0
2023-01-20T21:15:00,65.38739744675584,4.725834076838572,0.0
2023-01-20T21:30:00,58.09488231123021,4.677278847927836,0.0
2023-01-20T21:45:00,63.15313327644012,5.787091650632416,0.0
2023-01-20T22:00:00,61.80439583467541,5.135019045589393,0.0
2023-01-20T22:15:00,42.752274866170566,5.273806337868716,0.0
2023-01-20T22:30:00,61.455768581064206,3.7901096050008176,0.0
2023-01-20T22:45:00,38.32988501440607,2.833894038427857,0.0
2023-01-20T23:00:00,48.476467342379145,4.331206905656469,0.0
2023-01-20T23:15:00,54.62651504464166,2.5254905056731944,0.0
2023-01-20T23:30:00,45.84218381874054,2.946339899043627,0.0
2023-01-20T23:45:00,38.04501350212213,0.9063606875261832,0.0
2023-01-21T00:00:00,38.068075913180365,1.6893779732826373,0.0
2023-01-21T00:15:00,48.714111488594746,3.000186560792371,0.0
2023-01-21T00:30:00,34.10034134154432,1.0254344763074532,0.0
2023-01-21T00:45:00,49.566011118509195,2.3275152323609487,0.0
2023-01-21T01:00:00,43.94273420077091,-1.0253430341701035,0.0
2023-01-21T01:15:00,38.63618197964944,0.5612009758854057,0.0
2023-01-21T01:30:00,42.14359521002453,0.7871972437788697,0.0
2023-01-21T01:45:00,40.51318468560175,2.5627886110964937,0.0
2023-01-21T02:00:00,50.54737915036759,-0.4627887530241397,0.0
2023-01-21T02:15:00,50.569508024527,1.2881106977524293,0.0
2023-01-21T02:30:00,39.07388874655878,1.610091697730653,0.0
2023-01-21T02:45:00,46.4820044795875,-0.20681410195117267,0.0
2023-01-21T03:00:00,45.07869728631138,0.1283051359520324,0.0
2023-01-21T03:15:00,56.817394762059195,0.6563043191050053,0.0
2023-01-21T03:30:00,44.6110370509572,-0.9283250507106693,0.0
2023-01-21T03:45:00,60.44650208479675,0.16201419044398296,0.0
2023-01-21T04:00:00,53.370287524179034,1.982386167936728,0.0
2023-01-21T04:15:00,48.88131538548325,1.342903118618509,0.0
2023-01-21T04:30:00,52.49672165441553,0.8018006001737594,0.0
2023-01-21T04:45:00,53.099877711858234,1.233664997365075,0.0
2023-01-21T05:00:00,51.98728830963578,1.8865820275478618,0.0
2023-01-21T05:15:00,60.10908908009303,2.2854215588195648,0.0
2023-01-21T05:30:00,54.786659623903475,1.1852948955982088,0.0
2023-01-21T05:45:00,51.32686759346991,3.5255111831305284,0.0
2023-01-21T06:00:00,61.63837886752286,3.5755365988100984,0.0
2023-01-21T06:15:00,57.78843570757793,3.223011824477522,54.493577340925
2023-01-21T06:30:00,66.26876640236495,2.0063006448265073,125.6672902117781
2023-01-21T06:45:00,68.63330470454585,2.1481837798365158,185.52607732251673
2023-01-21T07:00:00,71.85706176368507,3.1752252881281295,207.0552360820166
2023-01-21T07:15:00,89.10178747090852,3.908862041055125,257.15157224252926
2023-01-21T07:30:00,82.07908942271158,2.4372366249751316,307.38943749290223
2023-01-21T07:45:00,85.50969017548893,5.067885426451009,376.01470368990175
2023-01-21T08:00:00,77.64515079681883,6.236377077958069,407.1919290856737
2023-01-21T08:15:00,85.23654320164046,5.90776129245883,458.0621079372778
2023-01-21T08:30:00,91.27739034598171,5.042619128600178,487.00914320697655
2023-01-21T08:45:00,86.47270587980721,5.315006911943374,527.476652080055
2023-01-21T09:00:00,97.21921106308459,6.801681428898801,565.6854249492379
2023-01-21T09:15:00,87.43174736244526,6.740944144767401,601.4718459831818
2023-01-21T09:30:00,92.46088474259855,7.72802741230094,634.6826722329881
2023-01-21T09:45:00,91.09408825560612,8.274092389427127,691.8289238788457
2023-01-21T10:00:00,94.66925365112864,9.14663388423451,723.9167523857296
2023-01-21T10:15:00,90.17206579750888,7.2983424476141705,720.3110630673859
2023-01-21T10:30:00,91.26648545443297,9.019548626764571,739.1036260090294
2023-01-21T10:45:00,90.4261347879067,8.792086222077407,765.058356674348
2023-01-21T11:00:00,86.68333896058859,9.40319404078936,809.9233122004734
2023-01-21T11:15:00,91.31818765779022,10.699659335511079,794.1429343163229
2023-01-21T11:30:00,88.43988599996484,11.12752353182829,816.8555689088668
2023-01-21T11:45:00,85.00876284357072,11.85634762570879,798.2871385908828
2023-01-21T12:00:00,81.38446955445391,11.170060022212274,800.0
2023-01-21T12:15:00,87.47665983913576,10.90285113884279,798.2871385908828
2023-01-21T12:30:00,82.186487230169,11.00907065702175,793.1558890990484
2023-01-21T12:45:00,81.61898039069864,9.755891756145324,829.9099955488633
2023-01-21T13:00:00,83.37872789698571,13.037716552329957,775.5336619608645
2023-01-21T13:15:00,90.95829722652009,11.561167120135183,774.8795626834248
2023-01-21T13:30:00,75.31257083188343,12.551003339795352,739.1036260090294
2023-01-21T13:45:00,85.32350051769424,12.862406387437789,717.4981932261506
2023-01-21T14:00:00,71.39141349126197,11.052068533408994,721.3366196411686
2023-01-21T14:15:00,81.25251925895775,11.46319437468447,665.1756898420364
2023-01-21T14:30:00,87.27924216563207,13.997518160023079,641.659447504373
2023-01-21T14:45:00,81.01689999367979,12.779418139839887,610.333542209571
2023-01-21T15:00:00,78.53202223819363,11.921243420426206,567.1644510228157
2023-01-21T15:15:00,73.9214301797497,12.362635613028798,527.4766520800551
2023-01-21T15:30:00,75.86722580438091,13.536735157800424,487.0091432069767
2023-01-21T15:45:00,73.38785180513896,13.32085524687841,444.4561864156817
2023-01-21T16:00:00,69.60687818210694,10.83130228021949,416.1835538511787
2023-01-21T16:15:00,70.9331569487694,13.81769370536725,365.2618907251653
2023-01-21T16:30:00,72.18233567219771,13.011254310791122,306.1467458920719
2023-01-21T16:45:00,66.12946518517374,11.730590284579266,257.1515722425294
2023-01-21T17:00:00,64.68173302039071,10.506259064344635,249.20159407765715
2023-01-21T17:15:00,60.63735047412541,12.54465539860092,156.0722576129029
2023-01-21T17:30:00,68.10091019660922,11.738376626766753,104.42095377604126
2023-01-21T17:45:00,67.57144011620188,9.555069551520821,52.32250338411449
2023-01-21T18:00:00,64.6950634429463,10.512391696485631,9.797174393178826e-14
2023-01-21T18:15:00,69.01244398410496,13.584076918117624,0.0
2023-01-21T18:30:00,65.24786123930413,10.170899416191467,0.0
2023-01-21T18:45:00,67.33526095374627,9.093279888506679,0.0
2023-01-21T19:00:00,67.37956744790111,8.493332459418081,0.0
2023-01-21T19:15:00,65.78169325374026,10.927660209468149,0.0
2023-01-21T19:30:00,63.8355851516119,9.64568916849295,0.0
2023-01-21T19:45:00,77.66205060071178,9.83790499046092,0.0
2023-01-21T20:00:00,64.26738737926274,8.302928639432006,0.0
2023-01-21T20:15:00,62.95416099343879,8.926390252154281,0.0
2023-01-21T20:30:00,68.02046915317587,6.436665848497121,0.0
2023-01-21T20:45:00,66.48078991684451,7.056838841020639,0.0
2023-01-21T21:00:00,57.370667859981126,6.788882599697459,0.0
2023-01-21T21:15:00,68.98502926561002,7.491857241219085,0.0
2023-01-21T21:30:00,61.68760893352088,6.0375149715448675,0.0
2023-01-21T21:45:00,55.21090648730352,4.705775410891738,0.0
2023-01-21T22:00:00,65.15055477461091,5.012988653029973,0.0
2023-01-21T22:15:00,60.627984353459254,2.896779090445513,0.0
2023-01-21T22:30:00,49.343062329596634,1.8847597572639172,0.0
2023-01-21T22:45:00,62.61549426828104,4.679438313519003,0.0
2023-01-21T23:00:00,55.01223153781332,3.1270851984183774,0.0
2023-01-21T23:15:00,49.61032652105023,2.9069903876268426,0.0
2023-01-21T23:30:00,55.541243698934224,3.6802071900390154,0.0
2023-01-21T23:45:00,46.33396455944062,3.942764579168908,0.0
2023-01-22T00:00:00,43.55683005338657,2.885663211363515,0.0
2023-01-22T00:15:00,40.43856638402472,4.010849928999165,0.0
2023-01-22T00:30:00,46.77760039796592,2.3363850359650833,0.0
2023-01-22T00:45:00,46.464554657462024,1.907211733419939,0.0
2023-01-22T01:00:00,44.452129602573926,1.6380523434531844,0.0
2023-01-22T01:15:00,40.80871106966661,-0.07291606767452952,0.0
2023-01-22T01:30:00,45.86930404951136,2.0065373542276195,0.0
2023-01-22T01:45:00,45.41079666944228,-1.5332308533307026,0.0
2023-01-22T02:00:00,39.709365759546955,0.21200812864502894,0.0
2023-01-22T02:15:00,39.708791426234896,0.7320346118034472,0.0
2023-01-22T02:30:00,50.655945517130874,-0.14461554800100862,0.0
2023-01-22T02:45:00,35.651007704068746,0.15490648115077543,0.0
2023-01-22T03:00:00,50.582162439982085,2.433191509882446,0.0
2023-01-22T03:15:00,48.119913838136235,1.7106862900052755,0.0
2023-01-22T03:30:00,58.063249883131874,-0.04068090539438385,0.0
2023-01-22T03:45:00,50.11849972274531,0.23953775026345825,0.0
2023-01-22T04:00:00,56.99466650016621,-0.47874296263103666,0.0
2023-01-22T04:15:00,52.866902418337745,1.6172289526907204,0.0
2023-01-22T04:30:00,56.61231754903565,0.8007962981770216,0.0
2023-01-22T04:45:00,60.95263877744376,-0.753886976435461,0.0
2023-01-22T05:00:00,56.20808594523342,1.4984471127586434,0.0
2023-01-22T05:15:00,64.77821341107618,2.0439771534417717,0.0
2023-01-22T05:30:00,56.11823219897329,2.7968368750828585,0.0
2023-01-22T05:45:00,63.86214705709577,2.009422304204579,0.0
2023-01-22T06:00:00,68.310444042846,1.9785040937495508,0.0
2023-01-22T06:15:00,70.26338835576203,4.624005733544332,56.62094456619862
2023-01-22T06:30:00,79.77227933352262,2.9478335257024453,131.99971038893239
2023-01-22T06:45:00,69.52210676815234,3.9799563771355393,167.73891688005574
2023-01-22T07:00:00,69.47788007421421,3.0542763002789592,207.0552360820166
2023-01-22T07:15:00,74.28578062762517,4.629993453977042,279.1020023554274
2023-01-22T07:30:00,85.25972862674892,2.8420863570605808,306.1467458920718
2023-01-22T07:45:00,86.93293400900218,4.203111606117615,353.83095217520105
2023-01-22T08:00:00,87.19890978391038,3.832627433614039,420.35807630365036
2023-01-22T08:15:00,83.05205783143242,4.81830068968898,444.4561864156817
2023-01-22T08:30:00,94.19569787006247,7.061128830565979,522.6237106693347
2023-01-22T08:45:00,85.63231076326255,5.589071278970661,550.4321200920034
2023-01-22T09:00:00,98.63412896452218,7.312072069129302,565.6854249492379
2023-01-22T09:15:00,107.89290661479275,8.503499901093116,610.659042898271
2023-01-22T09:30:00,95.8854553619252,7.3493957833722074,683.1610435460902
2023-01-22T09:45:00,97.10037134091566,8.758124980808267,685.1758305987759
2023-01-22T10:00:00,91.54383571688427,8.677816172409017,697.5843235232427
2023-01-22T10:15:00,84.48393375849493,8.638889666057718,775.2812731102761
2023-01-22T10:30:00,89.76784098177956,9.640232127162687,741.4552462281592
2023-01-22T10:45:00,86.3027932484459,11.087486174961079,769.1803999736612
2023-01-22T11:00:00,83.28073907261302,8.956547031146664,772.7406610312546
2023-01-22T11:15:00,97.66500223242592,8.968036441596755,784.6282243225844
2023-01-22T11:30:00,88.7727409230496,9.2284699720522,793.1558890990483
2023-01-22T11:45:00,87.51075468004949,11.544318803992185,799.0553002782532
2023-01-22T12:00:00,82.15213360292547,11.965824253902856,806.5852716881972
2023-01-22T12:15:00,82.79006848146162,10.567817855195146,798.2871385908828
2023-01-22T12:30:00,88.3488960675796,9.217922435963281,806.3693755414074
2023-01-22T12:45:00,83.15126544349526,10.907876877547404,784.6282243225844
2023-01-22T13:00:00,85.66923164481175,12.337822544168846,784.9153482191429
2023-01-22T13:15:00,81.65582652958376,11.908329253868514,776.2426332529576
2023-01-22T13:30:00,80.46407162547223,12.317440885478304,739.1036260090294
2023-01-22T13:45:00,74.60012943155118,11.752052302350254,717.4981932261506
2023-01-22T14:00:00,71.12900819275987,13.403460026099392,723.6933093752235
2023-01-22T14:15:00,79.01882816962564,12.821719427829237,682.6339317280203
2023-01-22T14:30:00,79.84679569469759,13.128948584261881,637.7221989099363
2023-01-22T14:45:00,72.30339139494231,12.74003516611352,630.8404012567789
2023-01-22T15:00:00,77.66700672746451,13.11818410726606,567.3506594287484
2023-01-22T15:15:00,77.15292454586061,13.0395411712678,527.4766520800551
2023-01-22T15:30:00,65.09243397878424,11.614410483762299,487.0091432069767
2023-01-22T15:45:00,70.23302679190127,12.851590721449728,444.4561864156817
2023-01-22T16:00:00,75.73356489758407,13.180879073336147,415.43440955963183
2023-01-22T16:15:00,74.47831288026548,13.430538186820694,381.6261364773574
2023-01-22T16:30:00,65.58253949420973,12.55320028700665,306.6169502127614
2023-01-22T16:45:00,70.91827498746864,11.009801874119812,281.414070801243
2023-01-22T17:00:00,73.98566245775952,10.978651036787847,207.05523608201682
2023-01-22T17:15:00,71.4844166641838,11.147485536217559,156.0722576129029
2023-01-22T17:30:00,65.83134033823808,11.543399893539153,104.42095377604126
2023-01-22T17:45:00,62.66542644688813,10.982618687221489,52.32250338411449
2023-01-22T18:00:00,60.55052300723421,9.712724565143589,9.797174393178826e-14
2023-01-22T18:15:00,66.68617464215293,9.42017079994058,0.0
2023-01-22T18:30:00,65.94452712675795,8.14786274280086,0.0
2023-01-22T18:45:00,68.6827105045715,6.80776241790482,0.0
2023-01-22T19:00:00,66.68023359246207,9.462034120700292,0.0
2023-01-22T19:15:00,70.49369730971152,11.56777846011208,0.0
2023-01-22T19:30:00,67.12314116419165,10.686696061637184,0.0
2023-01-22T19:45:00,70.67521530955366,7.544221323351216,0.0
2023-01-22T20:00:00,71.0417403375065,8.296633511660954,0.0
2023-01-22T20:15:00,62.421400605059915,6.2997783657018225,0.0
2023-01-22T20:30:00,56.970184008714625,6.064863566117406,0.0
2023-01-22T20:45:00,73.09946632758526,5.788762121405696,0.0
2023-01-22T21:00:00,65.83840345873708,6.368317259213385,0.0
2023-01-22T21:15:00,54.95969272245374,6.018937558062384,0.0
2023-01-22T21:30:00,58.749968531324505,6.063360761141766,0.0
2023-01-22T21:45:00,64.78541763237428,6.086490401262731,0.0
2023-01-22T22:00:00,57.96873425432008,4.704020749644936,0.0
2023-01-22T22:15:00,55.09978360602586,4.701381122498876,0.0
2023-01-22T22:30:00,62.83066579804405,3.20390284277447,0.0
2023-01-22T22:45:00,48.65362854221638,2.5955867780840296,0.0
2023-01-22T23:00:00,47.887962114351204,2.0948435976069066,0.0
2023-01-22T23:15:00,50.87872368155982,3.9096423466658328,0.0
2023-01-22T23:30:00,49.70290853823775,2.603339521514652,0.0
2023-01-22T23:45:00,48.17967501913909,0.7666207902304012,0.0
2023-01-23T00:00:00,48.412824285280806,2.382564096539025,0.0
2023-01-23T00:15:00,44.89234870107158,0.9284335596819728,0.0
2023-01-23T00:30:00,46.47465652965191,3.588552513567481,0.0
2023-01-23T00:45:00,42.944882157796044,1.1206543409398213,0.0
2023-01-23T01:00:00,44.85160905283828,2.1736472994544096,0.0
2023-01-23T01:15:00,45.455702372802136,2.3960203145307775,0.0
2023-01-23T01:30:00,46.45453409130552,0.19008808871715932,0.0
2023-01-23T01:45:00,49.781878269696115,1.0827600769259944,0.0
2023-01-23T02:00:00,49.31185439647145,1.4462066799956568,0.0
2023-01-23T02:15:00,47.44832683088608,0.9191282263326448,0.0
2023-01-23T02:30:00,43.94393733190617,1.1007253274088757,0.0
2023-01-23T02:45:00,49.158194203170076,-0.6284891966488535,0.0
2023-01-23T03:00:00,49.5744095142264,1.242329956056445,0.0
2023-01-23T03:15:00,51.63562565950068,0.2149760027375911,0.0
2023-01-23T03:30:00,62.714032017963675,1.0890757913831992,0.0
2023-01-23T03:45:00,50.12636550933786,1.7235708994740024,0.0
2023-01-23T04:00:00,55.96807915806287,1.5615472861257842,0.0
2023-01-23T04:15:00,60.35317059427753,1.3554326848607605,0.0
2023-01-23T04:30:00,56.69297498563119,1.7871448374587173,0.0
2023-01-23T04:45:00,69.11707035223367,1.9954683410345755,0.0
2023-01-23T05:00:00,56.790056701728275,2.9876424750192143,0.0
2023-01-23T05:15:00,61.57527373371374,1.6654253630638785,0.0
2023-01-23T05:30:00,57.25208149357013,2.0921306880368977,0.0
2023-01-23T05:45:00,60.79094780211675,3.109321700444169,0.0
2023-01-23T06:00:00,65.10130361441936,1.955265439459123,9.604866683134425
2023-01-23T06:15:00,71.35410984187835,1.396951373063522,52.32250338411445
2023-01-23T06:30:00,71.94491775349277,3.528955336872367,144.27759466097152
2023-01-23T06:45:00,79.79426623490868,3.148848653608363,156.0722576129026
2023-01-23T07:00:00,76.05818841152313,2.4807663246075533,218.61226054857943
2023-01-23T07:15:00,77.75600215443508,4.53510352440775,264.48684150273573
2023-01-23T07:30:00,95.63682996393302,5.82332615718063,319.0056137611061
2023-01-23T07:45:00,86.57389621839478,3.129914398233865,353.83095217520105
2023-01-23T08:00:00,83.24960738930992,6.157704460943277,423.38394056666107
2023-01-23T08:15:00,85.35491289925707,2.9806842884994693,444.4561864156817
2023-01-23T08:30:00,85.80735046428981,5.504849952840098,487.00914320697655
2023-01-23T08:45:00,96.59807006432854,8.136390873203641,527.476652080055
2023-01-23T09:00:00,91.17688322170082,6.359969687829054,568.1795263259897
2023-01-23T09:15:00,94.4019155109052,7.170650907543771,601.4718459831818
2023-01-23T09:30:00,93.89504489040546,8.234317090435786,670.6927919018366
2023-01-23T09:45:00,98.00168133586095,6.142362154378038,686.1541154528888
2023-01-23T10:00:00,89.93380273047131,8.3133028077968,729.3572094445708
2023-01-23T10:15:00,88.31652756674329,8.681143600122198,751.9266630083287
2023-01-23T10:30:00,94.062312966368,10.846715303781199,739.1036260090294
2023-01-23T10:45:00,94.93145451096848,8.106285046658105,757.5441035960845
2023-01-23T11:00:00,92.33781215370566,9.3067544198918,772.7406610312546
2023-01-23T11:15:00,85.16532251049038,9.093359343635917,784.6282243225844
2023-01-23T11:30:00,90.95524117690705,9.306450506702866,828.4689462157673
2023-01-23T11:45:00,82.05240077503075,11.771771354006912,798.2871385908828
2023-01-23T12:00:00,81.24894083850415,10.957585925462023,800.0
2023-01-23T12:15:00,79.09404490359813,10.643765384789264,798.2871385908828
2023-01-23T12:30:00,90.19132303317244,10.930567876946796,800.6557921712027
2023-01-23T12:45:00,86.63944737563743,11.113884333211796,810.3499180068707
2023-01-23T13:00:00,86.2001174666118,11.410642981640859,772.7406610312546
2023-01-23T13:15:00,89.03129375805044,10.805084841248787,757.5441035960846
2023-01-23T13:30:00,96.39747095385542,11.97284138884444,768.8360267945166
2023-01-23T13:45:00,73.24795837353906,12.01066782166041,732.1595307151869
2023-01-23T14:00:00,77.48525923373931,11.726051987672989,692.820323027551
2023-01-23T14:15:00,77.40515088761437,12.728051675066277,699.3173450805646
2023-01-23T14:30:00,75.46960275634731,12.876852384702941,634.6826722329881
2023-01-23T14:45:00,73.50551397399705,12.118800061481833,620.0961158070025
2023-01-23T15:00:00,76.5005043658902,12.544159585575665,565.685424949238
2023-01-23T15:15:00,70.96053178799042,14.834071002674397,539.607528800313
2023-01-23T15:30:00,77.70707448029756,14.757396163186922,487.0091432069767
2023-01-23T15:45:00,75.22653032997118,11.518915228631567,444.4561864156817
2023-01-23T16:00:00,76.26177738625435,11.569401127487772,414.7359343207274
2023-01-23T16:15:00,75.24105012500736,11.310471236320558,353.83095217520105
2023-01-23T16:30:00,74.52533697687126,13.288624871381879,331.252701348089
2023-01-23T16:45:00,68.4183786843799,11.671000885962357,281.5876723853452
2023-01-23T17:00:00,79.63873197765483,12.124120402644852,207.05523608201682
2023-01-23T17:15:00,68.93059608516913,13.674078743438077,172.55211063957648
2023-01-23T17:30:00,57.15473414371313,11.43794898377887,104.42095377604126
2023-01-23T17:45:00,60.15281791820785,11.905581302973106,53.40281220720962
2023-01-23T18:00:00,55.15411911729699,11.4513551727616,13.122564986152517
2023-01-23T18:15:00,64.59313750689051,10.056151275246386,0.0
2023-01-23T18:30:00,64.51936977430618,11.400024042136106,0.0
2023-01-23T18:45:00,63.35295061809256,9.172014325359347,0.0
2023-01-23T19:00:00,76.23488372238823,11.028173522786096,0.0
2023-01-23T19:15:00,69.3041805618882,8.754574912446808,0.0
2023-01-23T19:30:00,70.44005894016416,8.506426609996366,0.0
2023-01-23T19:45:00,62.255792922714065,7.5284427045341,0.0
2023-01-23T20:00:00,61.85129066254759,7.3169485961404,0.0
2023-01-23T20:15:00,66.7874498851981,7.432071346110156,0.0
2023-01-23T20:30:00,67.03532857485881,5.040102331751618,0.0
2023-01-23T20:45:00,56.25983284546956,6.847380170547183,0.0
2023-01-23T21:00:00,63.81296332445745,6.1803194991004045,0.0
2023-01-23T21:15:00,63.7618712478312,7.085886059572895,0.0
2023-01-23T21:30:00,61.40270882209175,6.328117321378436,0.0
2023-01-23T21:45:00,57.01848274232109,4.810114373145854,0.0
2023-01-23T22:00:00,56.82883113390819,4.676828706300891,0.0
2023-01-23T22:15:00,56.93518336828686,4.525038906002054,0.0
2023-01-23T22:30:00,56.439645248058795,5.878149696627232,0.0
2023-01-23T22:45:00,57.073410820417614,3.2122569145714723,0.0
2023-01-23T23:00:00,57.442398561409064,2.9685330713912657,0.0
2023-01-23T23:15:00,48.50944132221157,2.226288186607158,0.0
2023-01-23T23:30:00,45.62924153092089,1.553685682853414,0.0
2023-01-23T23:45:00,48.0456268486363,3.0392224693670022,0.0
2023-01-24T00:00:00,47.069104474114,2.745497110929782,0.0
2023-01-24T00:15:00,41.88669926099323,3.5569574749373456,0.0
2023-01-24T00:30:00,48.137950049414385,3.066523432955376,0.0
2023-01-24T00:45:00,49.29710098977499,4.193533507692393,0.0
2023-01-24T01:00:00,51.15479569457173,1.5152092767281302,0.0
2023-01-24T01:15:00,53.967881835756735,1.1434684539835205,0.0
2023-01-24T01:30:00,41.2052085485368,-0.058269073225221346,0.0
2023-01-24T01:45:00,46.146916108068524,1.8002318574815497,0.0
2023-01-24T02:00:00,46.75076029946426,1.1082137506877867,0.0
2023-01-24T02:15:00,46.89511980334629,1.5517890895671589,0.0
2023-01-24T02:30:00,44.901498488184345,-0.3025589205054049,0.0
2023-01-24T02:45:00,41.55027372632483,1.1496851165709372,0.0
2023-01-24T03:00:00,50.3361414984738,0.9904340849297998,0.0
2023-01-24T03:15:00,46.986185292318794,0.9371159674379242,0.0
2023-01-24T03:30:00,52.269618715623444,0.15329939054247188,0.0
2023-01-24T03:45:00,48.933257523173424,2.089847433109874,0.0
2023-01-24T04:00:00,48.516588162838026,3.0399870882194593,0.0
2023-01-24T04:15:00,56.34059788956419,-0.006690336292391352,0.0
2023-01-24T04:30:00,57.115818878790414,1.962401251501096,0.0
2023-01-24T04:45:00,60.482500442601165,-1.4738521335606616,0.0
2023-01-24T05:00:00,69.76781782209744,2.2576919937516844,0.0
2023-01-24T05:15:00,61.4995211077914,-0.07373782338116808,0.0
2023-01-24T05:30:00,63.82976488297935,1.5001470773291885,0.0
2023-01-24T05:45:00,57.319010663120245,0.9611709603477441,0.0
2023-01-24T06:00:00,57.580342689377865,2.326982284907177,0.0
2023-01-24T06:15:00,75.19498259383003,3.6679532747432733,60.0880361702644
2023-01-24T06:30:00,65.89029051333205,1.2753526291965112,115.44226079996724
2023-01-24T06:45:00,68.43721746051544,3.092333379342606,169.85094821464526
2023-01-24T07:00:00,76.49576618802739,3.2718656981598015,207.0552360820166
2023-01-24T07:15:00,79.12412856636682,5.712551009533725,275.4632845742014
2023-01-24T07:30:00,77.76261772494328,4.920894880635604,306.1467458920718
2023-01-24T07:45:00,83.23608770724277,3.679380561883466,353.83095217520105
2023-01-24T08:00:00,93.15213953707682,4.761025817330334,399.99999999999994
2023-01-24T08:15:00,84.95450949596209,7.17079677326462,444.4561864156817
2023-01-24T08:30:00,83.7106334447393,6.716442630429572,487.00914320697655
2023-01-24T08:45:00,96.78643721916721,5.474582229189578,531.906270366951
2023-01-24T09:00:00,95.61850007548085,6.518163928592769,565.6854249492379
2023-01-24T09:15:00,90.82075585900311,6.942544093948569,601.4718459831818
2023-01-24T09:30:00,86.45999901158586,7.030409693140362,634.6826722329881
2023-01-24T09:45:00,90.77934834358712,6.2455642427509375,706.0064655283751
2023-01-24T10:00:00,94.05224684026871,7.6605270222010144,697.0701473662306
2023-01-24T10:15:00,99.68099527650111,10.103070564660204,720.0147789027708
2023-01-24T10:30:00,87.91616238573539,8.700190574105221,743.7450942422122
2023-01-24T10:45:00,91.66230450953528,9.335712977828946,769.6345162081011
2023-01-24T11:00:00,94.20911971731559,9.925760113829432,792.3037580279452
2023-01-24T11:15:00,77.46450028499108,12.336797259805596,784.6282243225844
2023-01-24T11:30:00,92.89499363576823,10.446677812445143,819.3594410475835
2023-01-24T11:45:00,80.01769837910038,11.83525471115978,823.2036444712279
2023-01-24T12:00:00,85.6748573593444,10.429694982043944,800.0
2023-01-24T12:15:00,85.20547410488551,11.03687405134723,798.2871385908828
2023-01-24T12:30:00,89.26670907685515,11.557907231833555,793.1558890990484
2023-01-24T12:45:00,86.38520740459204,10.999919198941745,784.6282243225844
2023-01-24T13:00:00,71.44694395919117,11.777669109079532,783.1176465565178
2023-01-24T13:15:00,79.02958624618188,13.054521851985259,781.5564529222825
2023-01-24T13:30:00,83.18349618905187,11.528147100951694,753.6803644513653
2023-01-24T13:45:00,80.97743529211455,12.46690427491013,717.4981932261506
2023-01-24T14:00:00,83.72344161653236,13.2895229763662,731.3377770389199
2023-01-24T14:15:00,84.59110491645916,11.845480100582495,685.2792009693792
2023-01-24T14:30:00,82.92420538003283,13.829317427833676,634.6826722329881
2023-01-24T14:45:00,77.98030132886694,12.8452714861188,645.1140590222501
2023-01-24T15:00:00,68.92533046018828,12.620111903636568,565.685424949238
2023-01-24T15:15:00,74.92438994978701,10.764240200607263,527.4766520800551
2023-01-24T15:30:00,78.27194921292892,12.360291193205246,487.0091432069767
2023-01-24T15:45:00,69.67404828969937,13.041538565540543,444.4561864156817
2023-01-24T16:00:00,77.1712535426676,14.326134443512736,399.99999999999994
2023-01-24T16:15:00,77.40262018277627,13.034704398058105,369.79276610322336
2023-01-24T16:30:00,72.30288342084074,13.454727893821927,306.1467458920719
2023-01-24T16:45:00,55.12476986656098,10.95736634255005,257.1515722425294
2023-01-24T17:00:00,62.800818980551135,11.854564394029536,208.2315324061949
2023-01-24T17:15:00,77.3476321251627,12.994798583119994,156.0722576129029
2023-01-24T17:30:00,63.892714771318865,10.657620958323346,104.42095377604126
2023-01-24T17:45:00,55.40222636101761,12.261495940822824,52.32250338411449
2023-01-24T18:00:00,70.19111683361109,11.761193018695476,9.797174393178826e-14
2023-01-24T18:15:00,64.731488148476,11.016033006026092,0.0
2023-01-24T18:30:00,70.81134416898513,10.109100415892208,0.0
2023-01-24T18:45:00,67.23811831331032,9.132360710521036,0.0
2023-01-24T19:00:00,68.63129467107015,11.560613761079171,0.0
2023-01-24T19:15:00,68.53255825969988,10.070829126013896,0.0
2023-01-24T19:30:00,70.45525452216116,9.421951185841847,0.0
2023-01-24T19:45:00,78.45655843482872,8.301021510592577,0.0
2023-01-24T20:00:00,71.86029262862225,8.376020367180962,0.0
2023-01-24T20:15:00,58.85997163010931,8.120493669042663,0.0
2023-01-24T20:30:00,68.56184628261587,7.96826730502974,0.0
2023-01-24T20:45:00,71.40704035118159,7.91199353082865,0.0
2023-01-24T21:00:00,70.8862483010095,6.002762941120768,0.0
2023-01-24T21:15:00,61.71673174779184,4.926218726107996,0.0
2023-01-24T21:30:00,68.4614227065117,6.086358164929045,0.0
2023-01-24T21:45:00,65.88239263143416,3.8674751975543264,0.0
2023-01-24T22:00:00,72.54734005798619,4.908659201367097,0.0
2023-01-24T22:15:00,54.22771648453194,4.347407845045127,0.0
2023-01-24T22:30:00,53.60688807763009,4.980882064986989,0.0
2023-01-24T22:45:00,52.677103494988664,6.114099361148161,0.0
2023-01-24T23:00:00,49.74525261608449,1.840643843072296,0.0
2023-01-24T23:15:00,45.689322020653464,5.725998099176647,0.0
2023-01-24T23:30:00,34.25489081275262,2.8995907338045104,0.0
2023-01-24T23:45:00,43.84209694197276,3.176968258548025,0.0
2023-01-25T00:00:00,46.01872632462269,1.2271365651833885,0.0
2023-01-25T00:15:00,41.74864833382155,3.370442135278847,0.0
2023-01-25T00:30:00,54.019944716292514,2.1659619045307035,0.0
2023-01-25T00:45:00,44.623109481637876,1.834324324922831,0.0
2023-01-25T01:00:00,51.308564776262486,-0.24892812768319494,0.0
2023-01-25T01:15:00,46.5404354998709,1.5771697745776878,0.0
2023-01-25T01:30:00,49.82638192536373,2.187160538675245,0.0
2023-01-25T01:45:00,47.63068896513722,0.9667499974725682,0.0
2023-01-25T02:00:00,53.69535110995221,2.263253797836131,0.0
2023-01-25T02:15:00,47.82224053073427,2.1327928993983707,0.0
2023-01-25T02:30:00,50.785472760742394,0.29484485894268,0.0
2023-01-25T02:45:00,50.966804544793845,2.492569729292163,0.0
2023-01-25T03:00:00,48.58837311175562,0.9299043742514732,0.0
2023-01-25T03:15:00,53.009931318745174,0.947201121282601,0.0
2023-01-25T03:30:00,63.168638676937164,1.0349214642862599,0.0
2023-01-25T03:45:00,51.70854665525392,1.0692134784481342,0.0
2023-01-25T04:00:00,56.269260490389414,-1.5410789044665276,0.0
2023-01-25T04:15:00,61.61505697609035,1.0175222347660362,0.0
2023-01-25T04:30:00,62.21953378354277,-0.022614256803783483,0.0
2023-01-25T04:45:00,57.80172880865677,3.129708662945937,0.0
2023-01-25T05:00:00,47.07861160928595,3.2745399789409593,0.0
2023-01-25T05:15:00,62.85364367904293,2.7477300685667077,0.0
2023-01-25T05:30:00,50.464040888606874,1.886021930840091,0.0
2023-01-25T05:45:00,70.21355959622647,1.3655556284488288,0.0
2023-01-25T06:00:00,65.01930538208948,1.9843877215315011,10.942298705894334
2023-01-25T06:15:00,72.43626159338675,4.871176425752011,77.85017456560628
2023-01-25T06:30:00,66.15418985615675,2.539843449354106,105.92639063844042
2023-01-25T06:45:00,66.05145658542182,1.195592657422714,183.4186343679073
2023-01-25T07:00:00,78.15208884887943,4.914774918411785,207.0552360820166
2023-01-25T07:15:00,79.5641295675365,5.731380382230277,257.15157224252926
2023-01-25T07:30:00,79.97450226043735,6.247724502902375,306.1467458920718
2023-01-25T07:45:00,85.34131633853553,5.994320622356749,369.6850548099812
2023-01-25T08:00:00,100.99949654305104,6.533214816546048,399.99999999999994
2023-01-25T08:15:00,93.3141614110298,5.767001551883163,444.4561864156817
2023-01-25T08:30:00,96.08354502995019,4.025156633114419,487.00914320697655
2023-01-25T08:45:00,96.45020970649847,6.520071676045546,539.3641737914522
2023-01-25T09:00:00,100.71138236911509,7.506182182345808,590.6212304637476
2023-01-25T09:15:00,93.13004673180613,7.141758128740999,619.6860050091836
2023-01-25T09:30:00,84.25408368790741,7.4869304445070854,650.9352245023837
2023-01-25T09:45:00,93.71659059481333,7.0910333030048385,681.9636977616351
2023-01-25T10:00:00,98.54150370856101,7.4357849372694895,706.814199596281
2023-01-25T10:15:00,89.16068898557009,10.651394716511431,729.7861056762722
2023-01-25T10:30:00,92.37429864170046,11.05505637399707,752.6818951616019
2023-01-25T10:45:00,88.78311133614451,9.535694419994295,757.5441035960845
2023-01-25T11:00:00,98.5005988111202,10.166133015019318,772.7406610312546
2023-01-25T11:15:00,93.27517819669693,9.237172751006986,786.0330895367547
2023-01-25T11:30:00,91.14082203335697,11.179752833918169,793.1558890990483
2023-01-25T11:45:00,89.19501393980086,12.600333472141003,798.2871385908828
2023-01-25T12:00:00,83.98568976336253,9.59801931710098,800.0
2023-01-25T12:15:00,85.11689590353275,11.859531554502647,802.8866608913523
2023-01-25T12:30:00,78.07491035093778,12.183751694318843,811.2714072734868
2023-01-25T12:45:00,72.85543174043494,12.401033598630919,784.8150625057785
2023-01-25T13:00:00,84.24085820362964,13.723579500481492,828.0370982683385
2023-01-25T13:15:00,84.73048989738601,14.301864071293673,757.5441035960846
2023-01-25T13:30:00,88.69584951847578,12.194402927121448,748.0024688503433
2023-01-25T13:45:00,89.96606993718876,13.239363859053382,743.3222454391395
2023-01-25T14:00:00,89.34243652680668,12.764398073386861,714.1338654508626
2023-01-25T14:15:00,75.81121030570469,12.137205799406077,678.2770270775287
2023-01-25T14:30:00,78.27767765719902,13.104092735050267,656.0877517098303
2023-01-25T14:45:00,81.61040365510961,13.54326247785826,602.5797329363359
2023-01-25T15:00:00,90.97359503856501,13.101538095343376,598.943059845649
2023-01-25T15:15:00,84.75934834669413,11.990581739871894,553.1398342071403
2023-01-25T15:30:00,81.94415041628949,12.369717938313576,487.0091432069767
2023-01-25T15:45:00,73.34440090876875,12.313413672171116,450.88754516836946
2023-01-25T16:00:00,69.75593787034754,11.837720412730096,399.99999999999994
2023-01-25T16:15:00,76.9622492474194,12.879729768502694,384.26673163991524
2023-01-25T16:30:00,66.32229835225316,12.845998701287188,310.6313747127066
2023-01-25T16:45:00,69.40854357728489,13.245363460009717,284.1270291238697
2023-01-25T17:00:00,68.77442718316398,11.22313948447239,207.05523608201682
2023-01-25T17:15:00,76.03830291205978,11.29594839751287,156.0722576129029
2023-01-25T17:30:00,65.0089733557258,13.19929890360504,157.16830459744108
2023-01-25T17:45:00,53.28375041786295,11.231152390727335,54.94427432785929
2023-01-25T18:00:00,66.6941592644355,11.157381126297311,9.797174393178826e-14
2023-01-25T18:15:00,61.32665705930145,10.665580579131156,0.0
2023-01-25T18:30:00,65.65685298044868,11.670208802700358,0.0
2023-01-25T18:45:00,65.57685756706633,11.389839488759034,0.0
2023-01-25T19:00:00,65.1270351449839,10.997817510515238,0.0
2023-01-25T19:15:00,70.82627106411427,9.564909162597946,0.0
2023-01-25T19:30:00,59.460544704856055,8.30827402662793,0.0
2023-01-25T19:45:00,64.64139120133987,10.738459279504616,0.0
2023-01-25T20:00:00,70.58250664847665,9.293832657497035,0.0
2023-01-25T20:15:00,63.84830047667858,7.598492360630773,0.0
2023-01-25T20:30:00,58.44156129393493,9.091585410191112,0.0
2023-01-25T20:45:00,69.19946936101262,6.741419270048154,0.0
2023-01-25T21:00:00,70.64527355459991,8.295312813115048,0.0
2023-01-25T21:15:00,63.78183675893574,7.970475223930025,0.0
2023-01-25T21:30:00,52.989528622286834,5.179969484925024,0.0
2023-01-25T21:45:00,64.93058550123565,6.295825780850582,0.0
2023-01-25T22:00:00,51.542369600102546,6.113885843272597,0.0
2023-01-25T22:15:00,59.67877768407876,7.5708818176937545,0.0
2023-01-25T22:30:00,51.863627969984854,3.846207698101996,0.0
2023-01-25T22:45:00,48.565558442517045,5.663420545606213,0.0
2023-01-25T23:00:00,50.14386941494335,3.901955427959944,0.0
2023-01-25T23:15:00,49.37999412139862,2.3098238282282098,0.0
2023-01-25T23:30:00,45.004283223252536,3.112053666039782,0.0
2023-01-25T23:45:00,49.116166835727626,2.930999280425685,0.0
2023-01-26T00:00:00,42.09740903321014,1.6848582380186592,0.0
2023-01-26T00:15:00,49.27153181909135,2.787523892230899,0.0
2023-01-26T00:30:00,45.9047245262455,3.184078332004404,0.0
2023-01-26T00:45:00,41.224264284458165,2.2357720984999734,0.0
2023-01-26T01:00:00,40.67953998056152,1.2483926061667252,0.0
2023-01-26T01:15:00,37.15167184036501,1.4566806006501374,0.0
2023-01-26T01:30:00,47.30383116461269,1.4385685663920627,0.0
2023-01-26T01:45:00,44.61736335859376,1.5221299687636485,0.0
2023-01-26T02:00:00,35.14627020949797,2.300664922758855,0.0
2023-01-26T02:15:00,45.01978931560641,1.3736171892199405,0.0
2023-01-26T02:30:00,43.95551897340485,-0.3649766786193396,0.0
2023-01-26T02:45:00,57.16934773677807,0.436914506832922,0.0
2023-01-26T03:00:00,41.671727242306815,1.1524101691498705,0.0
2023-01-26T03:15:00,43.93408562483266,2.1233600637757273,0.0
2023-01-26T03:30:00,57.7023755608584,2.3355663915469234,0.0
2023-01-26T03:45:00,60.00016705243209,2.8763627774213063,0.0
2023-01-26T04:00:00,50.602841231876106,1.3214485580981286,0.0
2023-01-26T04:15:00,52.32155300707973,2.0681175167850934,0.0
2023-01-26T04:30:00,59.75526426096908,-0.01134961121745559,0.0
2023-01-26T04:45:00,46.26346763471453,2.0350342422185865,0.0
2023-01-26T05:00:00,49.845406600926125,0.7149725940857401,0.0
2023-01-26T05:15:00,59.02228248092819,1.9350322486832128,0.0
2023-01-26T05:30:00,69.46668491174891,5.256107465377965,0.0
2023-01-26T05:45:00,60.841042900067755,2.7789045095698,0.0
2023-01-26T06:00:00,64.83243988418009,1.8799352119536201,27.692902461721786
2023-01-26T06:15:00,73.26265775622801,3.4381032336107262,52.32250338411445
2023-01-26T06:30:00,81.35498911283388,2.816745357611555,138.42131473087937
2023-01-26T06:45:00,71.08557148556167,2.6922236069780694,156.0722576129026
2023-01-26T07:00:00,76.9199532088876,6.089528651643735,213.40321373162283
2023-01-26T07:15:00,88.99824277341256,5.399469003205979,257.15157224252926
2023-01-26T07:30:00,74.97702991464718,5.03582514905844,306.1467458920718
2023-01-26T07:45:00,90.21173518702197,4.665929036186723,366.9951117362343
2023-01-26T08:00:00,82.22655932046459,5.1226853646659105,399.99999999999994
2023-01-26T08:15:00,89.80971540908145,7.358329053000615,444.4561864156817
2023-01-26T08:30:00,89.77877666301337,6.509809502597492,509.0946527613003
2023-01-26T08:45:00,87.59628714460669,3.5111651999235622,527.476652080055
2023-01-26T09:00:00,88.55438191094387,9.407327633912072,565.6854249492379
2023-01-26T09:15:00,95.61829681695977,7.561870250606377,617.4789753944219
2023-01-26T09:30:00,99.66140676647844,8.11291527730836,634.6826722329881
2023-01-26T09:45:00,94.166660143282,9.2436258637848,665.1756898420361
2023-01-26T10:00:00,94.98921085162573,9.004706216179946,718.3201725709373
2023-01-26T10:15:00,97.02138119198183,9.661934527789013,717.4981932261506
2023-01-26T10:30:00,88.55385442846345,8.858766245078849,739.1036260090294
2023-01-26T10:45:00,96.09624249260185,8.410325935600854,774.8730438174799
2023-01-26T11:00:00,95.24298793658441,10.266621899726431,772.7406610312546
2023-01-26T11:15:00,102.70184451279731,11.751425168645437,820.1351675173082
2023-01-26T11:30:00,86.1584178767204,9.99115513392244,793.1558890990483
2023-01-26T11:45:00,83.95241826523652,10.21444001403387,815.7776862191301
2023-01-26T12:00:00,88.17258528337304,12.450049065752458,817.4487035604509
2023-01-26T12:15:00,88.38045523483707,11.040182757986006,798.2871385908828
2023-01-26T12:30:00,81.48121738609694,11.335949246166244,793.1558890990484
2023-01-26T12:45:00,81.92764814891868,11.602062519122263,784.6282243225844
2023-01-26T13:00:00,86.35192664237587,12.117560559969387,786.9943459810621
2023-01-26T13:15:00,79.12843731173312,10.793987471547325,757.5441035960846
2023-01-26T13:30:00,80.75267663565496,11.990326200779327,739.1036260090294
2023-01-26T13:45:00,82.71317459300025,12.898337914363589,747.1822476612231
2023-01-26T14:00:00,86.62795742530437,13.005182012162473,692.820323027551
2023-01-26T14:15:00,77.93415509065751,14.029093853252203,672.2573674826044
2023-01-26T14:30:00,70.98290042117566,14.7744505086909,634.6826722329881
2023-01-26T14:45:00,69.7815647374928,14.486026104349257,601.4718459831819
2023-01-26T15:00:00,72.17282621570459,13.901041502327168,594.2932193769909
2023-01-26T15:15:00,70.948833636506,12.824808066917647,527.4766520800551
2023-01-26T15:30:00,75.72993071257918,12.311989216539217,487.0091432069767
2023-01-26T15:45:00,69.49475981790832,12.888979233181018,444.4561864156817
2023-01-26T16:00:00,70.81398112639829,13.367522845760542,399.99999999999994
2023-01-26T16:15:00,69.3031003049741,13.489907693469535,353.83095217520105
2023-01-26T16:30:00,69.77888526856614,13.152752046836804,306.1467458920719
2023-01-26T16:45:00,77.36906688918316,12.246450096073312,290.4157745003017
2023-01-26T17:00:00,72.81387477470732,12.969403780802127,221.28501262322533
2023-01-26T17:15:00,68.3102094422069,13.23607929715201,156.0722576129029
2023-01-26T17:30:00,64.63314836700114,12.626669544068186,124.05406646841772
2023-01-26T17:45:00,63.46965522699207,11.4654149079637,52.32250338411449
2023-01-26T18:00:00,65.96648827526406,10.395181112866513,27.513567034313503
2023-01-26T18:15:00,67.89843159096368,10.084896579465541,0.0
2023-01-26T18:30:00,61.061430227138075,9.95774006871338,0.0
2023-01-26T18:45:00,66.34860474872924,10.576885715045776,0.0
2023-01-26T19:00:00,56.49327718013876,10.506192871808867,0.0
2023-01-26T19:15:00,68.08895697542488,8.225588941623212,0.0
2023-01-26T19:30:00,71.09143520579417,8.778494604080223,0.0
2023-01-26T19:45:00,65.98193909108844,9.158311375377599,0.0
2023-01-26T20:00:00,76.40077196297142,7.6396234787707575,0.0
2023-01-26T20:15:00,62.668352015601315,8.59083520340961,0.0
2023-01-26T20:30:00,67.72861681618224,7.462117980656977,0.0
2023-01-26T20:45:00,65.8333888107803,6.655387621964835,0.0
2023-01-26T21:00:00,64.68413196455631,7.039594550702132,0.0
2023-01-26T21:15:00,63.59102185650818,6.986250672451477,0.0
2023-01-26T21:30:00,63.485101664062995,5.354703050662996,0.0
2023-01-26T21:45:00,65.79635038444121,5.573234806342417,0.0
2023-01-26T22:00:00,66.88631008795585,5.901153224945219,0.0
2023-01-26T22:15:00,58.27934997669829,4.2956621431174975,0.0
2023-01-26T22:30:00,60.533347353934964,3.032531683638794,0.0
2023-01-26T22:45:00,51.0117400393991,2.796083131249473,0.0
2023-01-26T23:00:00,56.339016663354116,3.5683382541962634,0.0
2023-01-26T23:15:00,46.64234418378111,2.3345494438304835,0.0
2023-01-26T23:30:00,53.83444405500658,2.986098649024666,0.0
2023-01-26T23:45:00,57.38167473099921,4.6952570788255,0.0
2023-01-27T00:00:00,43.871873977547146,1.4693043576242608,0.0
2023-01-27T00:15:00,33.56239749859499,2.296899736080663,0.0
2023-01-27T00:30:00,41.913031523703786,4.462727944956201,0.0
2023-01-27T00:45:00,51.02596348078602,2.509855841592665,0.0
2023-01-27T01:00:00,47.92916082674897,1.5266677222499965,0.0
2023-01-27T01:15:00,46.78825882087715,1.5524243487168592,0.0
2023-01-27T01:30:00,51.04804454695257,1.976628745757786,0.0
2023-01-27T01:45:00,48.967105782992455,3.1047345860890343,0.0
2023-01-27T02:00:00,53.250411278971015,0.7641348672205753,0.0
2023-01-27T02:15:00,52.45001955458813,0.4482214671245628,0.0
2023-01-27T02:30:00,56.2237288752642,-0.2369344685908623,0.0
2023-01-27T02:45:00,51.23947768735584,1.2064859255104117,0.0
2023-01-27T03:00:00,54.86645480114293,-0.3151439373856848,0.0
2023-01-27T03:15:00,49.759741749973806,0.639607268178813,0.0
2023-01-27T03:30:00,49.29976077943466,0.23319082307901362,0.0
2023-01-27T03:45:00,61.90472695910694,2.2799552602469513,0.0
2023-01-27T04:00:00,55.56331679901755,0.7865920873310122,0.0
2023-01-27T04:15:00,59.66092244233597,1.8058929834672102,0.0
2023-01-27T04:30:00,57.44732484215926,-0.05682576432405484,0.0
2023-01-27T04:45:00,55.12092585674105,1.8408139376889432,0.0
2023-01-27T05:00:00,59.360826978265706,0.6912307038648473,0.0
2023-01-27T05:15:00,67.76045706592011,1.6760772586870978,0.0
2023-01-27T05:30:00,64.6479699444002,4.541625964941041,0.0
2023-01-27T05:45:00,54.61686503414896,3.5116789647992483,0.0
2023-01-27T06:00:00,63.40607113452334,2.7194901624816366,11.731682319516905
2023-01-27T06:15:00,76.6597178488313,6.333410451615011,56.33850445472026
2023-01-27T06:30:00,69.90611862909316,2.5228001680065866,128.31525827585702
2023-01-27T06:45:00,65.12195788453212,4.922338416389977,193.80632542165466
2023-01-27T07:00:00,86.62391874656726,2.5578689755851145,220.60173636045198
2023-01-27T07:15:00,83.4544667076621,4.192888533470272,266.1433127351954
2023-01-27T07:30:00,82.39249948844012,3.446653088061129,320.9534913379697
2023-01-27T07:45:00,83.37127864574232,5.4191825557041335,363.1627285152442
2023-01-27T08:00:00,92.88443412312937,5.59359941539586,401.0039869085318
2023-01-27T08:15:00,86.7419740643345,5.612336701151877,444.4561864156817
2023-01-27T08:30:00,96.88769151449449,7.3994433042382255,487.00914320697655
2023-01-27T08:45:00,95.25185906863392,6.13102568404858,544.2550431661518
2023-01-27T09:00:00,94.84783866857181,7.417395180239552,565.6854249492379
2023-01-27T09:15:00,95.11833651426878,8.303517148084426,630.4622254689946
2023-01-27T09:30:00,93.96340743399394,6.390479376856354,652.9853903046944
2023-01-27T09:45:00,100.19807925217064,7.512671022854615,665.1756898420361
2023-01-27T10:00:00,90.46646838935028,8.697318670363188,717.754143965526
2023-01-27T10:15:00,86.21042271827535,9.649333643679515,717.4981932261506
2023-01-27T10:30:00,96.63868639989043,10.8078817925443,777.7081409081857
2023-01-27T10:45:00,95.70850908277276,9.528395775018316,757.5441035960845
2023-01-27T11:00:00,93.70201570574432,9.774072389782344,782.642904614672
2023-01-27T11:15:00,91.87689235903525,9.551368800336178,793.1765476455349
2023-01-27T11:30:00,86.59077442973037,11.073096098661585,815.6302263358833
2023-01-27T11:45:00,90.33477828740457,10.74950074933455,798.2871385908828
2023-01-27T12:00:00,84.25450278363141,11.059151856725794,800.0
2023-01-27T12:15:00,82.00390407810029,11.507693771417584,798.2871385908828
2023-01-27T12:30:00,82.75173408360331,12.40229153626998,793.1558890990484
2023-01-27T12:45:00,94.20119751934789,11.51563055306824,784.6282243225844
2023-01-27T13:00:00,75.12592953295831,11.514537766229955,773.6480932104694
2023-01-27T13:15:00,85.91983652878523,12.90350406776246,757.5441035960846
2023-01-27T13:30:00,74.56433192951125,9.608095725617362,752.0853280708985
2023-01-27T13:45:00,81.87858155644301,12.168446035741175,717.4981932261506
2023-01-27T14:00:00,79.63466406732195,11.734788890759273,732.0422207379456
2023-01-27T14:15:00,70.68654418005563,14.178513337868399,665.1756898420364
2023-01-27T14:30:00,82.29454817539762,12.598279838132193,643.290497559812
2023-01-27T14:45:00,77.61889925602267,12.516980856596616,601.4718459831819
2023-01-27T15:00:00,68.12839732832884,13.041920947178953,565.685424949238
2023-01-27T15:15:00,81.86705017327675,12.482324543398935,527.4766520800551
2023-01-27T15:30:00,83.8325528875232,12.636564442521557,502.0774120304063
2023-01-27T15:45:00,83.044319789279,13.072365525274773,456.49598252898096
2023-01-27T16:00:00,76.27707562066146,12.464057955660369,399.99999999999994
2023-01-27T16:15:00,73.55835791466971,12.342906757130825,353.83095217520105
2023-01-27T16:30:00,78.77674516918489,11.623662953788639,319.03591764673763
2023-01-27T16:45:00,79.32300065016784,11.317996141107827,265.5413039517992
2023-01-27T17:00:00,75.32651783383265,12.34733275272914,223.9234531590688
2023-01-27T17:15:00,63.67641184657768,12.385961616033322,156.0722576129029
2023-01-27T17:30:00,68.09954152787975,10.42250683039569,104.42095377604126
2023-01-27T17:45:00,67.98793672346412,12.36152369268694,62.9977070456484
2023-01-27T18:00:00,55.434208572817965,12.097231759376262,9.797174393178826e-14
2023-01-27T18:15:00,67.47892701420588,12.021307461311267,0.0
2023-01-27T18:30:00,77.11901437943783,11.04300109122515,0.0
2023-01-27T18:45:00,69.52041929156184,11.061046930838838,0.0
2023-01-27T19:00:00,74.17297792256248,12.275569277010549,0.0
2023-01-27T19:15:00,68.09949919711521,9.442753972868942,0.0
2023-01-27T19:30:00,67.06913486798142,8.340952525733211,0.0
2023-01-27T19:45:00,69.4431766677975,7.485120341029736,0.0
2023-01-27T20:00:00,63.393541234248524,10.39913163327967,0.0
2023-01-27T20:15:00,62.410205808509424,10.029872623227657,0.0
2023-01-27T20:30:00,73.12747501741255,6.949100843818307,0.0
2023-01-27T20:45:00,73.02876175034247,6.75564139513453,0.0
2023-01-27T21:00:00,60.384626215736404,6.766552394901057,0.0
2023-01-27T21:15:00,69.15716421120104,7.922381529197354,0.0
2023-01-27T21:30:00,62.66931412788533,5.020084080631608,0.0
2023-01-27T21:45:00,63.41013703147466,3.9533819754465824,0.0
2023-01-27T22:00:00,62.453259595657244,7.705143638379267,0.0
2023-01-27T22:15:00,63.41689103174046,5.474279927533334,0.0
2023-01-27T22:30:00,57.02489549429254,5.24885614416025,0.0
2023-01-27T22:45:00,61.72592223914249,4.2317052859182285,0.0
2023-01-27T23:00:00,54.21084109042237,4.556328356150251,0.0
2023-01-27T23:15:00,53.72776065716352,2.24291615097363,0.0
2023-01-27T23:30:00,44.369368908779485,2.597054291519677,0.0
2023-01-27T23:45:00,57.27630288945698,3.2396264263544206,0.0
2023-01-28T00:00:00,46.98462732505334,0.6835099092727179,0.0
2023-01-28T00:15:00,48.243311370981935,2.383485030604152,0.0
2023-01-28T00:30:00,36.7656764254946,2.0727570772104267,0.0
2023-01-28T00:45:00,40.90628698556839,1.9055335835266112,0.0
2023-01-28T01:00:00,51.5064046228408,1.4498072587646322,0.0
2023-01-28T01:15:00,47.13135571058942,0.8199131142216178,0.0
2023-01-28T01:30:00,36.589013384658145,-0.16826755604639443,0.0
2023-01-28T01:45:00,51.88949752329384,1.6602077594890234,0.0
2023-01-28T02:00:00,44.59608061157612,1.101362544761592,0.0
2023-01-28T02:15:00,55.062695392361164,-0.06295173969581502,0.0
2023-01-28T02:30:00,48.3292575101853,1.3109057338831531,0.0
2023-01-28T02:45:00,50.622239989551616,0.9149377547879189,0.0
2023-01-28T03:00:00,56.3881399782558,0.7360175376301303,0.0
2023-01-28T03:15:00,46.961121552753816,-0.9470069369468255,0.0
2023-01-28T03:30:00,47.4960400896844,1.9311398333572765,0.0
2023-01-28T03:45:00,52.54160594664593,0.07927876676373269,0.0
2023-01-28T04:00:00,58.77136670713462,1.464756786399077,0.0
2023-01-28T04:15:00,49.135342641581026,0.7071922688889186,0.0
2023-01-28T04:30:00,48.64166106228122,1.2650377766765402,0.0
2023-01-28T04:45:00,62.325318038184236,2.968097531846026,0.0
2023-01-28T05:00:00,56.44423024414308,2.5325072673889872,0.0
2023-01-28T05:15:00,58.77256620410453,3.338263761766444,0.0
2023-01-28T05:30:00,52.74092685492665,2.767306942166407,0.0
2023-01-28T05:45:00,59.93254355266574,3.0821462287591626,0.0
2023-01-28T06:00:00,64.59766622587276,1.1732618019467829,19.82646164992742
2023-01-28T06:15:00,72.55334746504661,2.9234416048252783,55.47500990358741
2023-01-28T06:30:00,67.27216139879415,3.3195639833913133,104.42095377604126
2023-01-28T06:45:00,82.56444123598992,5.0872849115266074,212.51449329009378
2023-01-28T07:00:00,73.88910349017993,3.6908121613853178,207.0552360820166
2023-01-28T07:15:00,76.78025444229668,4.808168857034359,274.7761632769319
2023-01-28T07:30:00,90.58256083361753,5.126698238186459,312.80244365360426
2023-01-28T07:45:00,86.43887737959666,6.4260798577540035,353.83095217520105
2023-01-28T08:00:00,84.8657601207372,5.510383136370987,403.70325879468027
2023-01-28T08:15:00,88.8294347011869,6.854286505888623,444.4561864156817
2023-01-28T08:30:00,98.06498657124925,4.709019201834412,495.5502540718815
2023-01-28T08:45:00,100.02510602976545,5.190603280967445,533.8131417992564
2023-01-28T09:00:00,89.69367243640819,4.913697144667719,619.2384894077414
2023-01-28T09:15:00,94.33180272881967,8.375445239806437,622.888290284857
2023-01-28T09:30:00,95.4422410475271,8.653865580401291,645.0003276755162
2023-01-28T09:45:00,90.19188739016573,9.264410995288296,676.6868685082287
2023-01-28T10:00:00,94.66796657823389,8.072593924201175,729.6110761374658
2023-01-28T10:15:00,94.49987194630931,8.562130623576548,717.4981932261506
2023-01-28T10:30:00,99.42074247173615,9.372094440820474,739.1036260090294
2023-01-28T10:45:00,98.74265187561744,11.29447293355391,757.5441035960845
2023-01-28T11:00:00,89.80797224301485,11.890869616914296,783.9161378744926
2023-01-28T11:15:00,88.92169408326541,11.32427137725122,801.5916993334704
2023-01-28T11:30:00,91.66814712332071,11.18062978814807,793.1558890990483
2023-01-28T11:45:00,83.6246318124663,12.488499077592785,826.9887389508968
2023-01-28T12:00:00,87.57870346771553,11.183839719261972,800.0
2023-01-28T12:15:00,84.1531487369545,11.317138803683815,798.2871385908828
2023-01-28T12:30:00,79.61740704781161,11.828139410425845,795.5472074114491
2023-01-28T12:45:00,79.4670247526949,11.207144793687938,816.5121515777807
2023-01-28T13:00:00,91.18931271496538,12.218184547627265,772.7406610312546
2023-01-28T13:15:00,82.79199790321414,11.460869894704437,763.3690461033982
2023-01-28T13:30:00,91.3148638287458,13.765326503259544,754.6003811048779
2023-01-28T13:45:00,80.00477623610773,13.422309657295898,728.8675964997403
2023-01-28T14:00:00,83.41203679037476,14.422158844574481,704.9283436888851
2023-01-28T14:15:00,93.22827857017063,11.452470368797439,680.4056942855152
2023-01-28T14:30:00,75.21563579153683,15.047407604457181,634.6826722329881
2023-01-28T14:45:00,70.18322635910917,11.611719614930426,635.2274417197884
2023-01-28T15:00:00,85.21058898919563,11.99873341420904,565.685424949238
2023-01-28T15:15:00,73.68837348406453,12.563373481860777,527.4766520800551
2023-01-28T15:30:00,76.70719946867176,14.453431349504973,513.9616532332518
2023-01-28T15:45:00,72.81731631716264,13.307326668940203,444.4561864156817
2023-01-28T16:00:00,75.9763166138051,12.748767196505085,406.40556381398034
2023-01-28T16:15:00,68.72859547747983,12.08599483161772,353.83095217520105
2023-01-28T16:30:00,71.38947091691378,11.364383533699266,356.53146220097227
2023-01-28T16:45:00,73.31336864787443,13.710905262181388,303.32466257706517
2023-01-28T17:00:00,64.77033917970763,13.191833173047518,207.05523608201682
2023-01-28T17:15:00,65.03688900112165,13.538309540199869,166.46940108291355
2023-01-28T17:30:00,65.50911238543688,12.35397965802078,104.52494987698887
2023-01-28T17:45:00,58.79948812249999,9.065977875610574,52.32250338411449
2023-01-28T18:00:00,62.52269779503478,10.195099243730079,2.3926299821174153
2023-01-28T18:15:00,65.87931570724093,11.617987685739367,0.0
2023-01-28T18:30:00,63.90951983322315,10.47989303810855,0.0
2023-01-28T18:45:00,65.11706528952367,9.971620920481731,0.0
2023-01-28T19:00:00,66.85961345244517,9.093814724402716,0.0
2023-01-28T19:15:00,64.05941752593452,10.798363198020795,0.0
2023-01-28T19:30:00,71.04374860885932,9.949334720897092,0.0
2023-01-28T19:45:00,74.8699196330259,9.62686950401934,0.0
2023-01-28T20:00:00,65.30398180481785,8.116353511122316,0.0
2023-01-28T20:15:00,69.80828219369431,8.543871180288827,0.0
2023-01-28T20:30:00,65.7510757460169,6.642433716416074,0.0
2023-01-28T20:45:00,68.14769605282682,7.4596322838269105,0.0
2023-01-28T21:00:00,73.32226474131383,4.6691119106991374,0.0
2023-01-28T21:15:00,67.01367719514661,5.236506574776833,0.0
2023-01-28T21:30:00,54.39025060349143,6.091572491719924,0.0
2023-01-28T21:45:00,64.1342816078817,8.401617703470407,0.0
2023-01-28T22:00:00,66.46969440665137,3.8433841452522595,0.0
2023-01-28T22:15:00,57.49036713275276,4.024824104933413,0.0
2023-01-28T22:30:00,61.74268780719015,5.117715691794517,0.0
2023-01-28T22:45:00,51.37774384849748,6.312732253992841,0.0
2023-01-28T23:00:00,45.389290385635775,4.399213986280318,0.0
2023-01-28T23:15:00,51.46589368060346,4.56576194347879,0.0
2023-01-28T23:30:00,39.90650755435854,3.2068691645634466,0.0
2023-01-28T23:45:00,45.43736206308925,2.7303450097524555,0.0
2023-01-29T00:00:00,51.2215497143854,3.1453953961090932,0.0
2023-01-29T00:15:00,35.281345407654406,2.136523495660654,0.0
2023-01-29T00:30:00,38.56095719411219,3.270001028130956,0.0
2023-01-29T00:45:00,40.01147156728538,0.7107621583997654,0.0
2023-01-29T01:00:00,45.15222257682172,2.999686341020824,0.0
2023-01-29T01:15:00,44.020151883024724,1.963928294267244,0.0
2023-01-29T01:30:00,53.30542965941258,1.547853667492039,0.0
2023-01-29T01:45:00,51.62162521596261,-0.018713605996433236,0.0
2023-01-29T02:00:00,49.9431950558121,0.5305081014283426,0.0
2023-01-29T02:15:00,48.8860977268264,2.6197915218744185,0.0
2023-01-29T02:30:00,50.886420480257314,1.148583564884394,0.0
2023-01-29T02:45:00,45.44063047501146,1.597096657601823,0.0
2023-01-29T03:00:00,54.931254545209995,0.4263197178452759,0.0
2023-01-29T03:15:00,46.0402008273605,1.289643555503551,0.0
2023-01-29T03:30:00,56.78899479049463,-0.01496948520221908,0.0
2023-01-29T03:45:00,59.60664625136,1.521022303029127,0.0
2023-01-29T04:00:00,55.84166141159832,1.880937670696417,0.0
2023-01-29T04:15:00,55.06049930196797,1.9448856813750062,0.0
2023-01-29T04:30:00,59.13521929540445,0.8589897056027406,0.0
2023-01-29T04:45:00,44.05095724459129,1.5825642978639904,0.0
2023-01-29T05:00:00,61.12224859153478,2.646893454435622,0.0
2023-01-29T05:15:00,60.31876197163628,2.1055964620672527,0.0
2023-01-29T05:30:00,61.923673991471894,2.2584263070731008,0.0
2023-01-29T05:45:00,67.01193838104416,4.698280494912315,0.0
2023-01-29T06:00:00,64.41349379333425,2.112221925175213,10.603158189831225
2023-01-29T06:15:00,62.352259585805726,4.430195308649192,52.32250338411445
2023-01-29T06:30:00,70.57313456796983,2.498602493603368,104.42095377604126
2023-01-29T06:45:00,74.76717374736093,4.627211418814424,191.36883330497466
2023-01-29T07:00:00,78.03838886111338,5.014004289284595,207.0552360820166
2023-01-29T07:15:00,81.15714597877727,4.141754434789569,269.97781378158703
2023-01-29T07:30:00,88.24445399085066,3.7922742841079775,316.76760188222147
2023-01-29T07:45:00,80.1032395447357,3.4067817355382353,377.3305700619465
2023-01-29T08:00:00,88.65622173874871,5.137823951620162,399.99999999999994
2023-01-29T08:15:00,96.20658454231044,6.661528447016177,462.28032626660536
2023-01-29T08:30:00,82.77839689098235,5.445066420740734,487.00914320697655
2023-01-29T08:45:00,93.74416102766668,7.010381536703492,527.476652080055
2023-01-29T09:00:00,91.00258151502362,5.829421933249777,565.6854249492379
2023-01-29T09:15:00,92.84225554897905,7.4643823144375165,622.2072617240018
2023-01-29T09:30:00,90.6192550852465,6.941964980282202,649.3074825794896
2023-01-29T09:45:00,94.42717005637587,8.398413161362965,665.1756898420361
2023-01-29T10:00:00,104.30450560574775,8.357686532168215,692.8203230275509
2023-01-29T10:15:00,88.3029415302941,8.044122386741993,717.4981932261506
2023-01-29T10:30:00,88.02348075678769,8.94307884746222,754.1642292075227
2023-01-29T10:45:00,86.34768957537328,9.025427010232637,757.5441035960845
2023-01-29T11:00:00,100.24294636007977,8.99192703092321,772.7406610312546
2023-01-29T11:15:00,87.8315969670924,11.722018954567654,838.2496668701824
2023-01-29T11:30:00,88.37032600343352,10.598245440762023,802.3471058664502
2023-01-29T11:45:00,84.68849504369953,9.059701172687369,813.1321226707829
2023-01-29T12:00:00,80.06522400914243,10.92521161068522,800.0
2023-01-29T12:15:00,83.56876363285778,12.731602289852749,798.2871385908828
2023-01-29T12:30:00,96.90745365731689,11.304613139650657,809.0723298398094
2023-01-29T12:45:00,91.36339861409377,13.792413283109523,784.6282243225844
2023-01-29T13:00:00,79.84116583797788,11.645342098905665,796.2130906625281
2023-01-29T13:15:00,86.96381150636843,13.190496236173209,760.4067683485749
2023-01-29T13:30:00,79.10731518805173,13.885767510819354,810.230881720032
2023-01-29T13:45:00,73.84295503758054,13.43762648044269,717.4981932261506
2023-01-29T14:00:00,87.20540106516981,11.726912714254002,700.6029536113396
2023-01-29T14:15:00,87.21719488042655,12.24809483665844,665.1756898420364
2023-01-29T14:30:00,85.88466646222209,14.424591889790065,657.3242724460367
2023-01-29T14:45:00,77.47480830463957,12.488393814260265,612.2820938606676
2023-01-29T15:00:00,78.0955953548789,14.281528245062827,565.685424949238
2023-01-29T15:15:00,81.72308247144987,12.862720548777299,527.4766520800551
2023-01-29T15:30:00,78.92004716807284,13.395958218622635,516.4458386769873
2023-01-29T15:45:00,73.9305557050647,11.804456136559054,471.4903685231308
2023-01-29T16:00:00,66.69197930056706,12.493139114182535,399.99999999999994
2023-01-29T16:15:00,74.20248817624797,12.112126127691534,353.83095217520105
2023-01-29T16:30:00,77.83605524464025,13.074728576786516,344.5746810180113
2023-01-29T16:45:00,65.22818626205033,12.780285760072635,257.1515722425294
2023-01-29T17:00:00,73.15751621158819,12.96465405011289,212.72368637300198
2023-01-29T17:15:00,70.34685331714891,11.804146901883222,178.61089594610442
2023-01-29T17:30:00,71.14860356172058,11.135741701613455,104.42095377604126
2023-01-29T17:45:00,70.45527848435579,11.999619661578794,52.32250338411449
2023-01-29T18:00:00,61.31501219153112,10.518903515272873,9.797174393178826e-14
2023-01-29T18:15:00,57.352371699031075,12.340349148183625,0.0
2023-01-29T18:30:00,63.39150260488026,10.843897918623835,0.0
2023-01-29T18:45:00,71.0714200339467,10.31313801957328,0.0
2023-01-29T19:00:00,64.40093798147761,10.768027353910833,0.0
2023-01-29T19:15:00,64.01975391093725,9.883219373042913,0.0
2023-01-29T19:30:00,58.63351976203112,7.943900608515966,0.0
2023-01-29T19:45:00,76.60510247390108,8.173058623590158,0.0
2023-01-29T20:00:00,71.90628766505101,9.916474705640363,0.0
2023-01-29T20:15:00,71.38360663480896,8.560278011101977,0.0
2023-01-29T20:30:00,71.93962414921688,6.407441082117492,0.0
2023-01-29T20:45:00,69.35563682748067,8.050382573256647,0.0
2023-01-29T21:00:00,64.42355850152929,6.7465929112908745,0.0
2023-01-29T21:15:00,63.803394651574486,6.038933003270983,0.0
2023-01-29T21:30:00,61.271337166708584,5.377821852206466,0.0
2023-01-29T21:45:00,75.18984291485128,7.13523927038254,0.0
2023-01-29T22:00:00,63.23677153873291,3.7874390885401494,0.0
2023-01-29T22:15:00,56.43118146811547,4.539682864902163,0.0
2023-01-29T22:30:00,59.24383333956177,5.1298779028813275,0.0
2023-01-29T22:45:00,49.925812657105,6.2304826587501125,0.0
2023-01-29T23:00:00,60.49135546832265,4.8597099275109406,0.0
2023-01-29T23:15:00,47.60653879953393,3.1264057175102082,0.0
2023-01-29T23:30:00,51.34615401333182,5.182636611215115,0.0
2023-01-29T23:45:00,52.11794096840226,1.9946534408552368,0.0
2023-01-30T00:00:00,46.861598222624735,3.4396373934502447,0.0
2023-01-30T00:15:00,45.45292699592589,3.3936877160927263,0.0
2023-01-30T00:30:00,45.16286869840364,1.7757062902665233,0.0
2023-01-30T00:45:00,45.03984440909963,3.125717293287357,0.0
2023-01-30T01:00:00,42.7357465311809,1.7068993635667842,0.0
2023-01-30T01:15:00,43.751735762849144,2.7308478935362097,0.0
2023-01-30T01:30:00,53.85811671962871,0.03406922756044706,0.0
2023-01-30T01:45:00,46.457617507520226,2.0703372284726163,0.0
2023-01-30T02:00:00,43.68826607899714,1.2092802847863606,0.0
2023-01-30T02:15:00,45.726875271241326,2.681934015762815,0.0
2023-01-30T02:30:00,54.572542099261184,1.4242920172005624,0.0
2023-01-30T02:45:00,53.278992517842624,2.6790179095028748,0.0
2023-01-30T03:00:00,53.59726576903011,1.9245546802474278,0.0
2023-01-30T03:15:00,50.46323320504944,1.3022799167345982,0.0
2023-01-30T03:30:00,55.62933927229009,2.255942056585809,0.0
2023-01-30T03:45:00,50.608545216454495,2.326288697322115,0.0
2023-01-30T04:00:00,53.6396853448709,2.0932969619711796,0.0
2023-01-30T04:15:00,60.94100413417847,-0.5569402363814415,0.0
2023-01-30T04:30:00,61.655475248893296,0.8911042293822581,0.0
2023-01-30T04:45:00,53.59941696578253,3.419811312524169,0.0
2023-01-30T05:00:00,55.48374233500648,0.964843637072478,0.0
2023-01-30T05:15:00,61.57945982534426,3.3105853914649117,0.0
2023-01-30T05:30:00,70.9578935305463,3.3632745302466334,0.0
2023-01-30T05:45:00,54.051867094651946,2.1801507087584833,0.0
2023-01-30T06:00:00,66.3294201994523,1.1790696009783665,0.0
2023-01-30T06:15:00,61.32349431163766,2.891954426666036,52.32250338411445
2023-01-30T06:30:00,68.25891005491087,5.842388384795063,108.26419045461574
2023-01-30T06:45:00,72.75767133707748,3.220243224887408,188.41721371926258
2023-01-30T07:00:00,75.51159468646574,3.6226845706151063,229.81236839434686
2023-01-30T07:15:00,77.82898654449777,3.765627363590541,257.15157224252926
2023-01-30T07:30:00,83.23406116858163,6.335625797573357,316.919175127559
2023-01-30T07:45:00,83.00755157719543,5.2453894117703,353.83095217520105
2023-01-30T08:00:00,80.61584963409558,5.238121415650112,414.60134354810396
2023-01-30T08:15:00,93.806701212275,7.659874000312957,444.4561864156817
2023-01-30T08:30:00,95.3662323118546,7.213278849829603,500.81425443253
2023-01-30T08:45:00,97.21221627432165,6.105232898123258,586.858095889543
2023-01-30T09:00:00,86.37621864401031,6.1933580041525955,565.6854249492379
2023-01-30T09:15:00,96.34081533470722,8.967530655475208,659.9279121679424
2023-01-30T09:30:00,98.67360398079511,8.2168872322764,644.4953819886476
2023-01-30T09:45:00,90.26933039312205,7.038419827455032,665.1756898420361
2023-01-30T10:00:00,95.29451087496575,7.186740498935951,692.8203230275509
2023-01-30T10:15:00,94.19417721007022,8.229539991833587,764.7973053831184
2023-01-30T10:30:00,103.23270116246503,8.473557921301884,748.9633997030915
2023-01-30T10:45:00,102.63025971169556,8.024597085626947,757.5441035960845
2023-01-30T11:00:00,83.43449006073014,9.317434928565879,772.7406610312546
2023-01-30T11:15:00,102.76334762378066,9.831282751688134,793.2437398767635
2023-01-30T11:30:00,84.07280979984716,10.606829200882128,793.1558890990483
2023-01-30T11:45:00,91.75619332130974,13.065926850942502,805.2051215163663
2023-01-30T12:00:00,89.79024540591843,11.392739330235386,835.4722179330855
2023-01-30T12:15:00,79.9164828321628,11.760405922344026,798.2871385908828
2023-01-30T12:30:00,87.23299169827146,12.686317320760729,806.0484956543266
2023-01-30T12:45:00,84.01579238833406,12.168441517963085,784.6282243225844
2023-01-30T13:00:00,87.02792205054308,13.013247301807716,772.7406610312546
2023-01-30T13:15:00,85.02971960340501,13.07879324136224,778.9875869518835
2023-01-30T13:30:00,89.39704357867674,13.082807675881341,739.1036260090294
2023-01-30T13:45:00,83.25220804798384,15.864988776603969,717.4981932261506
2023-01-30T14:00:00,81.41889323015698,14.12362271699314,697.3109833227941
2023-01-30T14:15:00,87.04746891293658,12.219931612927029,665.1756898420364
2023-01-30T14:30:00,83.7068021317175,13.735833269646402,634.6826722329881
2023-01-30T14:45:00,83.63361862278376,12.612358647986277,601.4718459831819
2023-01-30T15:00:00,75.75695776403774,13.863192679274231,604.2980925026142
2023-01-30T15:15:00,72.89835789660877,12.028908037537727,536.7369490392488
2023-01-30T15:30:00,74.27437336551068,12.25783163537326,487.40205766841234
2023-01-30T15:45:00,72.94505323358887,13.645561160123886,488.36108459487053
2023-01-30T16:00:00,78.86875184486433,14.210165986546812,420.4412498613113
2023-01-30T16:15:00,78.66344955745005,13.601167040938023,389.21648758600514
2023-01-30T16:30:00,71.81577270123957,13.814336444817314,306.1467458920719
2023-01-30T16:45:00,78.52113990178476,13.171996923174353,257.1515722425294
2023-01-30T17:00:00,76.95648337247584,12.78559043695334,219.39674078433714
2023-01-30T17:15:00,70.05655652392504,11.902066314771213,164.36224197481866
2023-01-30T17:30:00,63.4388204882856,12.990063765678583,129.41419448923875
2023-01-30T17:45:00,74.12270133338033,12.952859992914881,52.32250338411449
2023-01-30T18:00:00,64.63266874645772,11.596466911003885,14.071948319432988
2023-01-30T18:15:00,66.21841178245256,11.25609076403613,0.0
2023-01-30T18:30:00,64.5114922057037,12.660916300988937,0.0
2023-01-30T18:45:00,62.32724891526755,10.729941533515765,0.0
2023-01-30T19:00:00,59.918177447972894,10.492627785580344,0.0
2023-01-30T19:15:00,70.80472924845378,10.55489996428128,0.0
2023-01-30T19:30:00,63.9736833026131,9.61523625345076,0.0
2023-01-30T19:45:00,83.2899379465724,8.525238384290251,0.0
2023-01-30T20:00:00,62.49776864530395,9.347821761353025,0.0
2023-01-30T20:15:00,61.39763145397018,8.548728837288827,0.0
2023-01-30T20:30:00,69.8021078938286,10.042348825009181,0.0
2023-01-30T20:45:00,74.26907951504202,8.59780924088761,0.0
2023-01-30T21:00:00,66.11856816258492,6.821459628771375,0.0
2023-01-30T21:15:00,67.63384437356375,7.753583359023894,0.0
2023-01-30T21:30:00,54.34183900281755,6.9416505966250455,0.0
2023-01-30T21:45:00,58.77899851475934,7.555826285063118,0.0
2023-01-30T22:00:00,55.23954983698975,5.339573431770215,0.0
2023-01-30T22:15:00,49.42537152557513,5.676981271754931,0.0
2023-01-30T22:30:00,57.651667739291696,5.021747671931345,0.0
2023-01-30T22:45:00,43.916436238776306,4.821689196958669,0.0
2023-01-30T23:00:00,46.50825914538117,3.531742966210426,0.0
2023-01-30T23:15:00,48.376332408944435,4.6594321850099405,0.0
2023-01-30T23:30:00,44.834714770906004,4.182337617011551,0.0
2023-01-30T23:45:00,48.920512431163814,4.746090641535758,0.0
2023-01-31T00:00:00,46.61461039803344,3.277612583928381,0.0
2023-01-31T00:15:00,49.59852470342626,2.607400769912448,0.0
2023-01-31T00:30:00,49.01973087460823,3.559453459231073,0.0
2023-01-31T00:45:00,51.175067777263344,1.7472570676194905,0.0
2023-01-31T01:00:00,45.758600912694405,3.4191112354117745,0.0
2023-01-31T01:15:00,47.66544135270229,3.23188467125202,0.0
2023-01-31T01:30:00,49.16668729789126,3.244280829101136,0.0
2023-01-31T01:45:00,47.85753809482241,2.225321330743307,0.0
2023-01-31T02:00:00,45.780229813246905,1.2482277827022714,0.0
2023-01-31T02:15:00,46.79510452077129,1.7547551669204278,0.0
2023-01-31T02:30:00,45.131850641046505,1.961678849870791,0.0
2023-01-31T02:45:00,52.157997438490646,0.9829839384149512,0.0
2023-01-31T03:00:00,50.47449794436431,2.8633954119596634,0.0
2023-01-31T03:15:00,48.58392438333584,2.12320975117137,0.0
2023-01-31T03:30:00,49.60025676172367,0.6893869994695807,0.0
2023-01-31T03:45:00,47.92331113921506,3.528441117080842,0.0
2023-01-31T04:00:00,59.98091614470704,1.8321134404702144,0.0
2023-01-31T04:15:00,56.63402398179995,0.7545953032138275,0.0
2023-01-31T04:30:00,53.11904069335289,1.1567478052194535,0.0
2023-01-31T04:45:00,62.70065888046791,3.636826271003662,0.0
2023-01-31T05:00:00,57.108084487498765,4.159111616544637,0.0
2023-01-31T05:15:00,54.15239986313732,3.5509465027000946,0.0
2023-01-31T05:30:00,67.58229704021568,4.089467729874172,0.0
2023-01-31T05:45:00,61.09316190608762,4.235855736959195,0.0
2023-01-31T06:00:00,63.042213987477105,3.844554588679229,4.2489485553908155
2023-01-31T06:15:00,68.55856500817056,3.9032460202449606,52.32250338411445
2023-01-31T06:30:00,77.29246507341045,4.417573743458732,104.42095377604126
2023-01-31T06:45:00,74.82895381865153,4.932873168060129,156.0722576129026
2023-01-31T07:00:00,71.76750470984531,3.7886811165080503,207.0552360820166
2023-01-31T07:15:00,83.36630520027599,5.608505711032549,257.15157224252926
2023-01-31T07:30:00,80.92203118231244,6.692795376140927,326.3831694167833
2023-01-31T07:45:00,95.27240320491693,5.395269902886447,374.2989509169113
2023-01-31T08:00:00,88.07149188529817,5.664117067097527,411.2058830866695
2023-01-31T08:15:00,78.88112959708906,6.836283500176344,444.4561864156817
2023-01-31T08:30:00,93.53765027380985,6.097464419306002,487.00914320697655
2023-01-31T08:45:00,102.86828762243071,5.821041731026083,527.476652080055
2023-01-31T09:00:00,102.10844650497894,8.677998163139625,565.6854249492379
2023-01-31T09:15:00,104.14994995249056,7.471746638391873,614.4202693277672
2023-01-31T09:30:00,90.34386271177445,8.331884855074966,654.5247586912902
2023-01-31T09:45:00,100.13505665212514,8.090696014123152,674.632585439217
2023-01-31T10:00:00,91.78762587229282,10.359948208562573,717.9897543078317
2023-01-31T10:15:00,96.04591137062795,10.312092073137432,722.6933209648998
2023-01-31T10:30:00,87.80613966284633,9.585640176071285,739.1036260090294
2023-01-31T10:45:00,89.93445463914038,9.004113899585704,775.0173137900728
2023-01-31T11:00:00,88.52399247748434,10.183349318176246,790.870183034788
2023-01-31T11:15:00,94.93544293277508,11.433853221101776,784.6282243225844
2023-01-31T11:30:00,92.80148795088333,11.371483401166536,800.7355342704496
2023-01-31T11:45:00,88.385879433248,11.595452058086847,798.2871385908828
2023-01-31T12:00:00,78.33460234824412,11.984618569623544,800.0
2023-01-31T12:15:00,83.48569073354452,12.80011419940647,807.0892684331492
2023-01-31T12:30:00,81.18502425128362,12.248539960716816,793.1558890990484
2023-01-31T12:45:00,89.05079383005811,12.969110247309223,791.1927085092597
2023-01-31T13:00:00,90.29615022838833,11.739512337995981,772.7406610312546
2023-01-31T13:15:00,89.30723995857757,15.465366349205903,757.5441035960846
2023-01-31T13:30:00,79.78820299166168,12.789696998785912,739.1036260090294
2023-01-31T13:45:00,69.32649865772741,13.415452907889058,741.5326886323776
2023-01-31T14:00:00,73.57240802355955,13.892299605555067,692.820323027551
2023-01-31T14:15:00,88.82423657498299,13.00420029305329,665.1756898420364
2023-01-31T14:30:00,78.94750154774663,13.486773085526771,641.96957387286
2023-01-31T14:45:00,76.36988249677502,13.513107937122843,601.4718459831819
2023-01-31T15:00:00,87.44214652943316,12.61624103046107,581.4966361622248
2023-01-31T15:15:00,84.59942546796405,13.956022088005705,527.4766520800551
2023-01-31T15:30:00,77.3841816282944,11.82972645301858,491.2262208497723
2023-01-31T15:45:00,74.73109864359321,15.167699247870443,493.84752235022546
2023-01-31T16:00:00,74.42620337445541,14.11880496574725,399.99999999999994
2023-01-31T16:15:00,75.0682972348384,13.850982257658456,357.5655603692136
2023-01-31T16:30:00,80.74061449242087,11.336914205668926,306.1467458920719
2023-01-31T16:45:00,73.62783586577041,12.118986898937557,257.1515722425294
2023-01-31T17:00:00,73.89323550576717,14.115776666546132,216.24965012287223
2023-01-31T17:15:00,74.83486642419447,16.67033819388932,156.0722576129029
2023-01-31T17:30:00,61.848853277799975,13.485091629838891,116.70961298805685
2023-01-31T17:45:00,70.16908148549412,13.078261378159263,60.821277100046345
2023-01-31T18:00:00,63.613865665212984,12.297894038267922,9.797174393178826e-14
2023-01-31T18:15:00,53.15606375835513,10.638856817924692,0.0
2023-01-31T18:30:00,55.717623560728754,12.178021780287104,0.0
2023-01-31T18:45:00,61.83456642608139,9.762493184055133,0.0
2023-01-31T19:00:00,70.06644467943353,9.319693957894593,0.0
2023-01-31T19:15:00,68.3583393942901,8.910481938909966,0.0
2023-01-31T19:30:00,68.96147604489579,10.802102363726581,0.0
2023-01-31T19:45:00,77.89595315194302,9.401501859925915,0.0
2023-01-31T20:00:00,61.73164242098856,9.184051493553953,0.0
2023-01-31T20:15:00,67.69633099487969,8.685417118080535,0.0
2023-01-31T20:30:00,68.92254586675175,7.1877197351565325,0.0
2023-01-31T20:45:00,63.09010047443514,7.251966992397902,0.0
2023-01-31T21:00:00,66.0862075402048,6.909852916780996,0.0
2023-01-31T21:15:00,56.92183953912693,5.7325889004282296,0.0
2023-01-31T21:30:00,70.7580611134075,6.242911874413786,0.0
2023-01-31T21:45:00,58.90743741748727,5.2784307345414385,0.0
2023-01-31T22:00:00,70.91358324349137,6.555040481286318,0.0
2023-01-31T22:15:00,58.88718309264853,6.262613395182302,0.0
2023-01-31T22:30:00,62.35598833308945,3.940539406204019,0.0
2023-01-31T22:45:00,55.01301393879397,4.579915217472441,0.0
2023-01-31T23:00:00,53.11447375143703,6.38633900435115,0.0
2023-01-31T23:15:00,48.291108649822746,3.2160948272385426,0.0
2023-01-31T23:30:00,49.73571753441404,4.304348366777192,0.0
2023-01-31T23:45:00,48.67741732911998,3.679726166436919,0.0
2023-02-01T00:00:00,41.31286352907961,4.496076641081767,0.0
2023-02-01T00:15:00,44.651755529584015,3.4302577668436873,0.0
2023-02-01T00:30:00,42.354764515893734,2.4544142506889837,0.0
2023-02-01T00:45:00,57.11677081366509,2.7237762180177576,0.0
2023-02-01T01:00:00,45.46698569831605,2.5310472916072495,0.0
2023-02-01T01:15:00,54.02171424223619,2.1728981388811914,0.0
2023-02-01T01:30:00,45.77845376939133,0.7834411199684079,0.0
2023-02-01T01:45:00,48.59313945067628,3.2073376009874037,0.0
2023-02-01T02:00:00,41.30682763974039,2.91670840049006,0.0
2023-02-01T02:15:00,46.369400868265274,0.7169290610709054,0.0
2023-02-01T02:30:00,50.41976262177703,1.3964349699335292,0.0
2023-02-01T02:45:00,58.12737907887529,1.433590561574309,0.0
2023-02-01T03:00:00,52.20193433830591,0.4893109698605631,0.0
2023-02-01T03:15:00,58.96584157761912,-0.20812003683374214,0.0
2023-02-01T03:30:00,56.262573044495696,1.0265679502049472,0.0
2023-02-01T03:45:00,62.259758110586894,1.404715747689571,0.0
2023-02-01T04:00:00,54.93894498713023,0.4090414792617163,0.0
2023-02-01T04:15:00,68.3394958225345,2.1412267574749904,0.0
2023-02-01T04:30:00,55.15350641178309,3.265408878608765,0.0
2023-02-01T04:45:00,54.97305759660393,3.1067094673292828,0.0
2023-02-01T05:00:00,54.00751092315993,2.322991694494795,0.0
2023-02-01T05:15:00,72.9874729911233,0.8166004000236775,0.0
2023-02-01T05:30:00,66.72087009234396,3.601412069271782,0.0
2023-02-01T05:45:00,62.255489822151105,3.28118309455084,0.0
2023-02-01T06:00:00,71.47926955802299,3.827540192458881,0.0
2023-02-01T06:15:00,71.93857246714805,5.625857680062246,52.32250338411445
2023-02-01T06:30:00,81.55760295147229,3.168449566777168,104.42095377604126
2023-02-01T06:45:00,67.13704983575487,1.4375924391204897,173.44561792703698
2023-02-01T07:00:00,76.58373643413465,3.5923751925503895,207.0552360820166
2023-02-01T07:15:00,78.48175989513541,5.478142697313959,262.9876463251571
2023-02-01T07:30:00,73.62601305671251,5.376655077917647,306.1467458920718
2023-02-01T07:45:00,91.28186600630252,4.501556848942494,353.83095217520105
2023-02-01T08:00:00,86.87255435140528,4.6731981165685905,399.99999999999994
2023-02-01T08:15:00,93.90190974664966,6.1206788224459805,444.4561864156817
2023-02-01T08:30:00,103.697131719814,5.616577947158031,490.6167756063858
2023-02-01T08:45:00,91.52652683712599,7.7740444132338125,534.7717579838877
2023-02-01T09:00:00,92.27052678410067,7.234402881733876,565.6854249492379
2023-02-01T09:15:00,95.73594599246218,7.411130661409292,601.4718459831818
2023-02-01T09:30:00,100.52634703873326,7.670710520757448,634.6826722329881
2023-02-01T09:45:00,92.88817618082496,9.07949442903751,675.8592596974413
2023-02-01T10:00:00,92.39023722045019,9.241353264735306,692.8203230275509
2023-02-01T10:15:00,100.35785735988462,9.77642383204171,717.4981932261506
2023-02-01T10:30:00,96.21154506086962,10.122059808356495,739.1036260090294
2023-02-01T10:45:00,83.08053878366431,10.227366375077446,792.0370577878945
2023-02-01T11:00:00,85.92571360209134,9.612699186902054,772.7406610312546
2023-02-01T11:15:00,98.0962924863325,10.248871041746497,784.6282243225844
2023-02-01T11:30:00,90.95498039306356,10.903723439273532,795.3078581645077
2023-02-01T11:45:00,83.3382477665421,13.66709989904888,798.2871385908828
2023-02-01T12:00:00,84.38210778748059,10.539634137062619,800.0
2023-02-01T12:15:00,85.25751790243592,11.737892111917118,798.2871385908828
2023-02-01T12:30:00,88.74172010253253,12.504216872218047,793.1558890990484
2023-02-01T12:45:00,78.05854470742617,12.331314690902925,784.6282243225844
2023-02-01T13:00:00,80.34792690608457,13.915951734504514,806.3251528855153
2023-02-01T13:15:00,85.53753743787456,12.718568289053408,802.8380221680457
2023-02-01T13:30:00,83.21257382140398,12.954565566277255,739.1036260090294
2023-02-01T13:45:00,86.0309068174928,14.142039060947095,717.4981932261506
2023-02-01T14:00:00,76.40712716254629,15.25209639101293,707.5812051417985
2023-02-01T14:15:00,83.64919170106302,14.938039826727856,665.1756898420364
2023-02-01T14:30:00,86.55914097636756,13.457845054493863,634.6826722329881
2023-02-01T14:45:00,82.70504495898146,13.583469098059362,601.4718459831819
2023-02-01T15:00:00,80.0718503961944,13.692549015144348,565.685424949238
2023-02-01T15:15:00,77.94165436282702,13.77998271825435,527.4766520800551
2023-02-01T15:30:00,73.2351288899724,12.747150824255193,487.0091432069767
2023-02-01T15:45:00,75.9855677718486,14.467135251634966,444.4561864156817
2023-02-01T16:00:00,81.53268533805753,13.647993855817342,420.39888495726865
2023-02-01T16:15:00,73.4847873450349,13.282554358515466,353.83095217520105
2023-02-01T16:30:00,68.43880477421524,11.917961588868792,308.6530227218473
2023-02-01T16:45:00,69.2017099358918,13.089352428046887,257.1515722425294
2023-02-01T17:00:00,71.41478846208557,10.948769889845972,226.01090925249366
2023-02-01T17:15:00,67.26839252807383,12.052998100143185,156.0722576129029
2023-02-01T17:30:00,70.27119633337223,11.84285210562836,126.90032486339516
2023-02-01T17:45:00,69.15643746200351,12.44386380832163,55.407999468068425
2023-02-01T18:00:00,69.67907197567874,13.768320482424727,9.797174393178826e-14
2023-02-01T18:15:00,73.00178373367858,12.173812126625997,0.0
2023-02-01T18:30:00,71.48521152765407,12.746800417048084,0.0
2023-02-01T18:45:00,62.401405798069476,11.624463341581336,0.0
2023-02-01T19:00:00,63.04010293872373,11.77088326004776,0.0
2023-02-01T19:15:00,67.55793082042396,12.15668926461726,0.0
2023-02-01T19:30:00,65.93121235795485,9.21009353224843,0.0
2023-02-01T19:45:00,62.59704873883929,8.777362128047612,0.0
2023-02-01T20:00:00,66.01607815955711,9.867554941452592,0.0
2023-02-01T20:15:00,65.60837973283756,8.812693248394671,0.0
2023-02-01T20:30:00,64.1885761890111,8.649340756487415,0.0
2023-02-01T20:45:00,65.33996526148624,7.789581653633643,0.0
2023-02-01T21:00:00,71.9842747015162,7.049571053335429,0.0
2023-02-01T21:15:00,66.0652230509293,8.874175663754313,0.0
2023-02-01T21:30:00,76.21502204244418,5.762811503219921,0.0
2023-02-01T21:45:00,63.315497745372156,7.161680097504919,0.0
2023-02-01T22:00:00,59.45370018504706,6.6171437854754735,0.0
2023-02-01T22:15:00,59.2176657606446,4.138179680970932,0.0
2023-02-01T22:30:00,58.64562703344569,4.518948846176013,0.0
2023-02-01T22:45:00,57.603244704739524,4.3294070680962715,0.0
2023-02-01T23:00:00,63.799196177169264,5.210413883676736,0.0
2023-02-01T23:15:00,47.13209962617941,3.9453732663119823,0.0
2023-02-01T23:30:00,53.58277481360579,3.9076713896970183,0.0
2023-02-01T23:45:00,48.27362348025483,2.2321075227750047,0.0
2023-02-02T00:00:00,37.52456300252991,5.846830646636905,0.0
2023-02-02T00:15:00,49.27636716108474,3.3237163909065086,0.0
2023-02-02T00:30:00,51.88927229192632,3.5024404725904086,0.0
2023-02-02T00:45:00,41.47846408843124,2.2341164546603807,0.0
2023-02-02T01:00:00,46.016865850141784,1.9147798672663927,0.0
2023-02-02T01:15:00,37.814677815442366,4.2950078227982775,0.0
2023-02-02T01:30:00,40.60842876673558,0.303560814966527,0.0
2023-02-02T01:45:00,52.6827447728155,2.3606259085010186,0.0
2023-02-02T02:00:00,45.72746110965706,0.7565007681985727,0.0
2023-02-02T02:15:00,43.206644594641894,1.4738467802244886,0.0
2023-02-02T02:30:00,50.66028673185044,1.176795981123992,0.0
2023-02-02T02:45:00,47.73119340864834,0.7904283941900078,0.0
2023-02-02T03:00:00,48.88380780277436,1.7990013467472035,0.0
2023-02-02T03:15:00,55.889765541756134,-0.7916230696968101,0.0
2023-02-02T03:30:00,47.39615634053685,1.4994019668793168,0.0
2023-02-02T03:45:00,49.7418209915818,1.7885579592715184,0.0
2023-02-02T04:00:00,56.15045167612734,0.6087281129004534,0.0
2023-02-02T04:15:00,61.381326864744,3.595197561519626,0.0
2023-02-02T04:30:00,63.91718457553045,1.6258240471758412,0.0
2023-02-02T04:45:00,55.62595380751165,2.1448389253799087,0.0
2023-02-02T05:00:00,64.89055564793082,1.9751880304195413,0.0
2023-02-02T05:15:00,57.55753380770839,2.693175822795019,0.0
2023-02-02T05:30:00,71.90057460551597,4.311583668799514,0.0
2023-02-02T05:45:00,58.4031340036815,5.725536576090487,0.0
2023-02-02T06:00:00,72.02244576934166,4.26655813362225,2.9779095621218907
2023-02-02T06:15:00,65.363576649193,4.895478493412234,61.03660592181655
2023-02-02T06:30:00,81.93909351029482,5.827418524465633,111.5709384150003
2023-02-02T06:45:00,77.97871328544433,4.6790092956897205,164.9780298208822
2023-02-02T07:00:00,72.9763499703923,6.333810490652746,225.9832424310101
2023-02-02T07:15:00,78.3290700588645,5.902228608117272,257.15157224252926
2023-02-02T07:30:00,87.54622810660172,5.611446382161909,307.89775880587604
2023-02-02T07:45:00,91.38934771220936,6.185263859673374,353.83095217520105
2023-02-02T08:00:00,88.01685481352726,4.389228383057928,426.0505118250036
2023-02-02T08:15:00,90.57294076826167,6.885136945390256,486.4535048851792
2023-02-02T08:30:00,95.83593285311376,5.43665494327427,487.00914320697655
2023-02-02T08:45:00,94.09763307304563,5.74587169004891,527.476652080055
2023-02-02T09:00:00,88.05466304242206,7.956438306066101,577.0680563296183
2023-02-02T09:15:00,91.22365066236878,7.04189979722168,622.8793036678959
2023-02-02T09:30:00,96.91160563130204,8.53960301905781,673.8222184979572
2023-02-02T09:45:00,101.94504903159167,9.07253606848751,679.9334968663693
2023-02-02T10:00:00,103.77085296864857,9.499523488473136,720.7359422012951
2023-02-02T10:15:00,99.11545375426253,8.788075001817745,750.6994078836768
2023-02-02T10:30:00,95.90069788858875,10.958342593712613,768.3991814416468
2023-02-02T10:45:00,97.1941451703283,10.328056521888804,775.1673137993474
2023-02-02T11:00:00,88.86481399013009,11.204635297212038,772.7406610312546
2023-02-02T11:15:00,89.96985400763288,9.900541401211493,784.6282243225844
2023-02-02T11:30:00,84.97058101269961,11.237800634297214,799.1566614802316
2023-02-02T11:45:00,81.05141000991728,12.816928990911409,798.2871385908828
2023-02-02T12:00:00,87.04779677356402,12.976377935968861,800.0
2023-02-02T12:15:00,86.26479671307878,11.477305778990345,829.631699864641
2023-02-02T12:30:00,88.64721136540426,11.978121468213441,793.1558890990484
2023-02-02T12:45:00,87.72631647790985,11.763690560792329,800.6092715799175
2023-02-02T13:00:00,85.91178959778367,12.303299121486626,779.0694935288392
2023-02-02T13:15:00,87.10173763367288,11.745728525530478,757.5441035960846
2023-02-02T13:30:00,83.64422688447134,13.168660939700121,739.1036260090294
2023-02-02T13:45:00,85.38196352214875,14.078278792194354,717.4981932261506
2023-02-02T14:00:00,79.06983777763998,12.774061710974207,702.5318636265265
2023-02-02T14:15:00,83.85797358962955,13.557665016799081,665.1756898420364
2023-02-02T14:30:00,84.58920694763775,13.491730377652381,634.6826722329881
2023-02-02T14:45:00,77.06844072460152,14.805831888070715,601.4718459831819
2023-02-02T15:00:00,79.78134783407818,13.151967780236454,574.3396429862158
2023-02-02T15:15:00,75.44895546923757,13.175497048821645,527.4766520800551
2023-02-02T15:30:00,74.92274681297684,12.866207656991376,487.0091432069767
2023-02-02T15:45:00,70.86680960026426,12.51076177938177,444.4561864156817
2023-02-02T16:00:00,81.70892634121577,14.088299566222256,399.99999999999994
2023-02-02T16:15:00,79.55425139336326,13.310029597681032,363.2308818899862
2023-02-02T16:30:00,75.72088963382147,13.361646671931897,306.1467458920719
2023-02-02T16:45:00,81.6698207811653,14.419437222432403,257.1515722425294
2023-02-02T17:00:00,69.61020413459146,14.29179276567538,207.05523608201682
2023-02-02T17:15:00,84.44067023125874,11.106142983021346,176.98320695795522
2023-02-02T17:30:00,66.85292848296791,13.171514331883856,105.22630560092547
2023-02-02T17:45:00,67.96408105876594,12.50024538762593,53.69097423000026
2023-02-02T18:00:00,63.391162145681946,11.544609305014225,9.797174393178826e-14
2023-02-02T18:15:00,67.89150981438243,12.047318194669232,0.0
2023-02-02T18:30:00,70.82988818695098,9.689744955872415,0.0
2023-02-02T18:45:00,66.64891479527135,12.559623357934889,0.0
2023-02-02T19:00:00,76.58727004892069,11.278503714112784,0.0
2023-02-02T19:15:00,69.27843026761788,9.552094013522224,0.0
2023-02-02T19:30:00,69.68541171643041,9.474249989411891,0.0
2023-02-02T19:45:00,63.88958954280291,7.9890499333124065,0.0
2023-02-02T20:00:00,70.4629281449015,9.002516637819749,0.0
2023-02-02T20:15:00,67.45670393861342,8.451369571897065,0.0
2023-02-02T20:30:00,64.65251188285818,7.221606383237427,0.0
2023-02-02T20:45:00,63.182436293246944,8.932680626131514,0.0
2023-02-02T21:00:00,79.59673299043547,9.040356806735353,0.0
2023-02-02T21:15:00,63.897542235515424,7.343780351615541,0.0
2023-02-02T21:30:00,56.716945199987975,6.674755580874198,0.0
2023-02-02T21:45:00,59.117745158338536,7.0280022870759,0.0
2023-02-02T22:00:00,60.79208549907975,6.19100638393071,0.0
2023-02-02T22:15:00,62.07623215218018,4.752743608990722,0.0
2023-02-02T22:30:00,60.28304539158205,4.814781036263077,0.0
2023-02-02T22:45:00,58.955943319494324,4.813391468978839,0.0
2023-02-02T23:00:00,50.33723365641499,5.011746211517571,0.0
2023-02-02T23:15:00,53.20679981030247,4.439474936799733,0.0
2023-02-02T23:30:00,45.05314284389171,4.32136042297567,0.0
2023-02-02T23:45:00,44.28255121884164,2.282656743156541,0.0
2023-02-03T00:00:00,40.9358082591749,4.306010834147896,0.0
2023-02-03T00:15:00,39.62523039391277,3.3758108163169007,0.0
2023-02-03T00:30:00,51.01650334849003,5.676022789584995,0.0
2023-02-03T00:45:00,49.35170602850603,2.506981733190567,0.0
2023-02-03T01:00:00,51.08916345578548,3.010739849584993,0.0
2023-02-03T01:15:00,46.78231587189557,5.331416490194624,0.0
2023-02-03T01:30:00,50.930800975776194,2.5342482116177116,0.0
2023-02-03T01:45:00,38.7804512778097,2.1342224609356024,0.0
2023-02-03T02:00:00,52.51928264621421,1.1009569246971913,0.0
2023-02-03T02:15:00,49.780560035650446,3.5269884619718552,0.0
2023-02-03T02:30:00,52.792834326597315,0.7756630227628198,0.0
2023-02-03T02:45:00,52.38767347733972,2.3234011545987543,0.0
2023-02-03T03:00:00,46.44694173526081,1.4098784558738715,0.0
2023-02-03T03:15:00,44.84723795271958,1.70694397517261,0.0
2023-02-03T03:30:00,49.78885372058697,0.5108323403293327,0.0
2023-02-03T03:45:00,57.23753487764871,3.3418493164967655,0.0
2023-02-03T04:00:00,58.97481020755317,1.8100815135295663,0.0
2023-02-03T04:15:00,49.83886794038685,0.9867633413185855,0.0
2023-02-03T04:30:00,52.96518764703332,3.5928471791546244,0.0
2023-02-03T04:45:00,55.47938539590877,1.9980605149488189,0.0
2023-02-03T05:00:00,58.5614469282917,3.0218886462063423,0.0
2023-02-03T05:15:00,54.81229253709037,3.736032485501348,0.0
2023-02-03T05:30:00,55.8035704565745,3.5973480660091615,0.0
2023-02-03T05:45:00,60.107114065035574,1.1757593818093541,0.0
2023-02-03T06:00:00,65.95562231280124,4.336149791040755,0.16613985402607154
2023-02-03T06:15:00,62.88733690081238,3.826745123916712,100.73360600428938
2023-02-03T06:30:00,71.4381451027562,3.901836506326596,116.47445971829785
2023-02-03T06:45:00,80.4591751381842,4.440937430089417,156.0722576129026
2023-02-03T07:00:00,71.69183534665908,3.2734009832411712,248.78516775148154
2023-02-03T07:15:00,80.05233508081754,5.421872550530048,279.1251513399396
2023-02-03T07:30:00,88.90840716553006,4.222941809282404,313.7496983936914
2023-02-03T07:45:00,84.1790850886057,5.668957275806652,366.7636212991696
2023-02-03T08:00:00,85.64638573415068,6.486783938105339,399.99999999999994
2023-02-03T08:15:00,96.31142985126992,7.7869289330730975,444.4561864156817
2023-02-03T08:30:00,90.65745871132889,6.280663464002229,487.00914320697655
2023-02-03T08:45:00,99.10541748031257,8.942602373647384,555.0520588630384
2023-02-03T09:00:00,96.81131571104314,8.8302870306974,573.5996018146101
2023-02-03T09:15:00,93.7185989373137,7.846442810072576,635.6552759313646
2023-02-03T09:30:00,98.27875998482457,7.557841664099959,661.1070878968319
2023-02-03T09:45:00,97.61418593462659,7.6101595270486015,665.5878639777452
2023-02-03T10:00:00,100.9396563691439,9.708101899330517,716.4954614540954
2023-02-03T10:15:00,92.6203803773734,9.074786419460407,747.9501009432453
2023-02-03T10:30:00,94.81457583360825,11.378891176654507,739.1036260090294
2023-02-03T10:45:00,93.28679875868593,9.85764208866799,757.5441035960845
2023-02-03T11:00:00,95.8636103656565,9.982762797130281,775.5496707779195
2023-02-03T11:15:00,85.75441425299627,11.450481526544179,784.6282243225844
2023-02-03T11:30:00,94.32042127687949,10.849955494075154,798.7645271305652
2023-02-03T11:45:00,89.77106834060112,11.84805866115147,812.6958982525791
2023-02-03T12:00:00,78.93972776351146,13.11206379436006,802.89022182831
2023-02-03T12:15:00,91.52284572385076,12.511701953724842,805.1806269981103
2023-02-03T12:30:00,96.52371576314106,12.764518279632389,793.1558890990484
2023-02-03T12:45:00,90.14922858748784,13.077398159905941,784.6282243225844
2023-02-03T13:00:00,91.9777934935899,11.38648720960349,805.9925562493219
2023-02-03T13:15:00,84.88981262959125,13.656507976308873,757.5441035960846
2023-02-03T13:30:00,75.69441918320938,13.586642548975869,739.1036260090294
2023-02-03T13:45:00,74.24120570649234,14.457911881136308,744.6578487951872
2023-02-03T14:00:00,84.12027142670377,14.284799536053782,712.3943323967753
2023-02-03T14:15:00,79.1938513390772,13.566196827996121,670.637006961552
2023-02-03T14:30:00,76.81853854586414,14.864495836935806,650.07006669498
2023-02-03T14:45:00,80.24741586141236,13.577956619001153,601.4718459831819
2023-02-03T15:00:00,82.74441519471358,14.130590881259957,565.685424949238
2023-02-03T15:15:00,71.44748169986684,13.559437886134518,553.3723342692001
2023-02-03T15:30:00,75.45519361044869,14.293860750348328,487.0091432069767
2023-02-03T15:45:00,84.1851112076698,13.391655676963873,444.4561864156817
2023-02-03T16:00:00,70.14791123056932,15.32654034385823,401.57207905673374
2023-02-03T16:15:00,78.71893287188101,15.582377291378526,355.8720923971569
2023-02-03T16:30:00,70.75436797123302,14.300649226435977,319.0981878888723
2023-02-03T16:45:00,74.68211123698919,14.80596687579241,257.1515722425294
2023-02-03T17:00:00,76.18737156974096,11.540371719029839,207.05523608201682
2023-02-03T17:15:00,73.13256840692388,11.45087370772253,174.49689616168027
2023-02-03T17:30:00,72.6806749871466,12.321993252298451,104.42095377604126
2023-02-03T17:45:00,61.07444804923928,12.435703587314995,52.32250338411449
2023-02-03T18:00:00,71.09265166538269,11.927867046201873,9.797174393178826e-14
2023-02-03T18:15:00,61.91071785720001,10.197373418149713,0.0
2023-02-03T18:30:00,68.09382379167066,12.687594057558226,0.0
2023-02-03T18:45:00,68.6540291118161,13.371053408656802,0.0
2023-02-03T19:00:00,70.27358502397368,12.164421456354876,0.0
2023-02-03T19:15:00,69.91176864104473,11.622689187282731,0.0
2023-02-03T19:30:00,64.258236309549,10.405653976518396,0.0
2023-02-03T19:45:00,61.82954237018612,8.969073198274087,0.0
2023-02-03T20:00:00,72.87647758825162,9.508876100433346,0.0
2023-02-03T20:15:00,69.20031434654803,11.159563746120527,0.0
2023-02-03T20:30:00,73.5848961506269,8.314602817995505,0.0
2023-02-03T20:45:00,66.98544507934263,7.820895304739171,0.0
2023-02-03T21:00:00,59.35639570456044,8.990737436286167,0.0
2023-02-03T21:15:00,70.18987830772433,8.664701052546992,0.0
2023-02-03T21:30:00,62.294320671881984,6.252374818087139,0.0
2023-02-03T21:45:00,64.4631711603997,6.45140723184806,0.0
2023-02-03T22:00:00,57.956928970356415,5.828614010665696,0.0
2023-02-03T22:15:00,67.70870695655941,6.024486364424375,0.0
2023-02-03T22:30:00,53.2705400783327,6.691019853943208,0.0
2023-02-03T22:45:00,54.03002320637402,4.425674114740155,0.0
2023-02-03T23:00:00,54.24308011938141,5.973098589419188,0.0
2023-02-03T23:15:00,46.18798737365315,4.6516636279859505,0.0
2023-02-03T23:30:00,51.230339223675784,6.557057339444209,0.0
2023-02-03T23:45:00,55.58461993754234,4.246189770952713,0.0
2023-02-04T00:00:00,43.21470675944263,3.6658574727349773,0.0
2023-02-04T00:15:00,47.685553193297736,4.069092611725656,0.0
2023-02-04T00:30:00,32.09094340524219,2.9081504498489066,0.0
2023-02-04T00:45:00,45.85666595242237,1.2213259323164296,0.0
2023-02-04T01:00:00,44.78328960749879,2.568743132505798,0.0
2023-02-04T01:15:00,42.63592696095714,2.3678866712181725,0.0
2023-02-04T01:30:00,52.596679260828104,0.8698220738659963,0.0
2023-02-04T01:45:00,46.098344324138274,2.2508007627184012,0.0
2023-02-04T02:00:00,47.45912205175447,0.1427515471397207,0.0
2023-02-04T02:15:00,47.151660942914916,1.7730182119086664,0.0
2023-02-04T02:30:00,40.215871398261086,2.3003435532853374,0.0
2023-02-04T02:45:00,44.970289212946824,2.11525936719014,0.0
2023-02-04T03:00:00,56.33034936978131,1.59434725659671,0.0
2023-02-04T03:15:00,41.93034802650994,1.932732788103836,0.0
2023-02-04T03:30:00,49.66021223465824,1.2726831237628353,0.0
2023-02-04T03:45:00,52.55701262107032,2.1315215664866805,0.0
2023-02-04T04:00:00,64.385126899369,2.267948178340889,0.0
2023-02-04T04:15:00,60.66426258601299,1.4235859746113846,0.0
2023-02-04T04:30:00,55.22749628034388,2.729838734924906,0.0
2023-02-04T04:45:00,65.7607967424257,2.8856329353678514,0.0
2023-02-04T05:00:00,56.78805755835517,2.643054393195825,0.0
2023-02-04T05:15:00,66.81071014125864,5.4376460919550755,0.0
2023-02-04T05:30:00,56.26210748889507,3.104594301051808,0.0
2023-02-04T05:45:00,69.72524413725411,3.2151436392366466,0.0
2023-02-04T06:00:00,63.636349335556254,3.3403829331565107,0.0
2023-02-04T06:15:00,63.79045182610846,3.0784026158067155,52.32250338411445
2023-02-04T06:30:00,71.07410901846843,5.0387455152746075,104.42095377604126
2023-02-04T06:45:00,76.69579638731116,3.985748363346465,161.45637358336634
2023-02-04T07:00:00,75.86965631233303,4.437468582485775,207.0552360820166
2023-02-04T07:15:00,83.99699583408183,4.813443028630923,257.15157224252926
2023-02-04T07:30:00,81.01231850969084,4.724372619444479,306.1467458920718
2023-02-04T07:45:00,89.51495344131652,4.325696605119836,353.83095217520105
2023-02-04T08:00:00,90.86850892986075,5.98956259170921,407.97928525419076
2023-02-04T08:15:00,90.33199993743284,7.70821011009905,444.4561864156817
2023-02-04T08:30:00,90.12422197559185,7.419239381628462,487.00914320697655
2023-02-04T08:45:00,94.48331076434603,9.173573224290795,552.3662550890508
2023-02-04T09:00:00,97.56042190181061,8.756373034472713,565.6854249492379
2023-02-04T09:15:00,105.88448239675591,8.92180031513843,629.8544533342678
2023-02-04T09:30:00,100.7200738720628,10.671222905456553,634.6826722329881
2023-02-04T09:45:00,101.03455254571058,9.078813066577087,665.1756898420361
2023-02-04T10:00:00,111.42046766966793,9.621406673603605,692.8203230275509
2023-02-04T10:15:00,98.08456488177268,9.92258909964236,722.1225653987972
2023-02-04T10:30:00,97.17442748749363,11.845304054857616,739.1036260090294
2023-02-04T10:45:00,97.25711695955236,10.661664187256626,759.4668030709995
2023-02-04T11:00:00,87.44070420075128,10.357139355406424,803.3569415631672
2023-02-04T11:15:00,88.80346647435834,11.926513665563993,805.6052601170757
2023-02-04T11:30:00,86.84735413346351,10.841725492478824,814.2706559714389
2023-02-04T11:45:00,90.82015879708182,12.494963132697865,798.2871385908828
2023-02-04T12:00:00,84.79614475180517,12.661898350744647,800.0
2023-02-04T12:15:00,86.31531315505475,12.327052906550895,802.6421570460226
2023-02-04T12:30:00,90.93318789112969,13.331348343317766,808.5706476081672
2023-02-04T12:45:00,89.59847686449648,11.506444472990447,784.6282243225844
2023-02-04T13:00:00,84.17692907348629,13.364531273515146,772.7406610312546
2023-02-04T13:15:00,81.25564466842218,12.923887794012927,785.4209636495439
2023-02-04T13:30:00,89.82098187140285,16.410957501835767,752.8211593441023
2023-02-04T13:45:00,87.47392829811426,13.84282257609437,738.6579268407407
2023-02-04T14:00:00,74.95624154712304,13.2045796374345,692.820323027551
2023-02-04T14:15:00,80.73064011442068,12.511826675849829,665.1756898420364
2023-02-04T14:30:00,82.36166167881969,15.259492094520656,653.6604843262513
2023-02-04T14:45:00,84.59796229809587,13.64253754939137,601.4718459831819
2023-02-04T15:00:00,84.35966066134098,13.21406466240811,565.685424949238
2023-02-04T15:15:00,80.27346387078991,14.328869482924208,527.4766520800551
2023-02-04T15:30:00,80.76848379987987,14.603804729132044,487.0091432069767
2023-02-04T15:45:00,77.09910623519397,14.524081345112439,461.9578574448552
2023-02-04T16:00:00,72.29775912200837,13.8207221102773,399.99999999999994
2023-02-04T16:15:00,73.20646941208493,13.846187643340881,366.41200154207957
2023-02-04T16:30:00,73.4156421434135,13.78073100023195,306.1467458920719
2023-02-04T16:45:00,71.92241061888146,13.723049444308533,257.1515722425294
2023-02-04T17:00:00,61.41553394274424,13.626454348091642,207.05523608201682
2023-02-04T17:15:00,67.5814073285866,14.088687154604347,156.0722576129029
2023-02-04T17:30:00,68.55856967275795,12.82195163325679,104.42095377604126
2023-02-04T17:45:00,65.56823018798553,11.69965230852703,52.32250338411449
2023-02-04T18:00:00,64.43289858535324,12.10376571349878,9.797174393178826e-14
2023-02-04T18:15:00,68.75680471563203,12.715272438818939,0.0
2023-02-04T18:30:00,61.543993459804774,9.871457345151008,0.0
2023-02-04T18:45:00,59.36525153830889,9.55808593222918,0.0
2023-02-04T19:00:00,66.24978770667738,11.923692850875852,0.0
2023-02-04T19:15:00,72.1902217194877,12.179271687648864,0.0
2023-02-04T19:30:00,77.05771583084079,9.036317288654594,0.0
2023-02-04T19:45:00,72.63218505837338,10.034512792135393,0.0
2023-02-04T20:00:00,61.31607982033351,9.15878588718164,0.0
2023-02-04T20:15:00,67.25196969330457,8.915128549338675,0.0
2023-02-04T20:30:00,69.26384828248044,9.094104891560255,0.0
2023-02-04T20:45:00,68.2397297661349,7.104965275853639,0.0
2023-02-04T21:00:00,69.22140470389459,6.8981992289911265,0.0
2023-02-04T21:15:00,60.91664960163497,7.311746781181445,0.0
2023-02-04T21:30:00,64.6135535891762,7.076883978269057,0.0
2023-02-04T21:45:00,64.99743245341023,5.708919691702587,0.0
2023-02-04T22:00:00,65.46524531050729,7.2421501336575895,0.0
2023-02-04T22:15:00,55.60127200356198,5.659218964553526,0.0
2023-02-04T22:30:00,56.07024429426917,5.287498529226145,0.0
2023-02-04T22:45:00,42.34074800777317,5.634343378399422,0.0
2023-02-04T23:00:00,50.741191199240944,4.876508453416028,0.0
2023-02-04T23:15:00,49.16948897546771,5.50947214427173,0.0
2023-02-04T23:30:00,44.62248347113557,3.41942561763054,0.0
2023-02-04T23:45:00,48.495792732603135,2.6519552418196413,0.0
2023-02-05T00:00:00,45.528275574311664,3.577044076845436,0.0
2023-02-05T00:15:00,34.554754881877884,3.6786696558244776,0.0
2023-02-05T00:30:00,47.05664535357059,2.1285963419183975,0.0
2023-02-05T00:45:00,41.55067647252826,1.752901092247797,0.0
2023-02-05T01:00:00,48.91793100470922,3.115617687394683,0.0
2023-02-05T01:15:00,40.46014390599257,1.9904553112522367,0.0
2023-02-05T01:30:00,47.48044477696697,1.1336834156886895,0.0
2023-02-05T01:45:00,46.45473125945171,3.413232843106758,0.0
2023-02-05T02:00:00,50.003004083600885,1.7021226971018266,0.0
2023-02-05T02:15:00,49.80209687674384,3.3945722492093044,0.0
2023-02-05T02:30:00,48.66511505360603,2.2092739506298935,0.0
2023-02-05T02:45:00,43.089845014737236,2.437077650387012,0.0
2023-02-05T03:00:00,44.279827293501896,1.9179725816664763,0.0
2023-02-05T03:15:00,49.70165173707554,-0.5128434562139881,0.0
2023-02-05T03:30:00,53.59137473471566,1.0440166684667629,0.0
2023-02-05T03:45:00,51.655358338150386,2.119051185625222,0.0
2023-02-05T04:00:00,58.93406238743533,2.6986465073216235,0.0
2023-02-05T04:15:00,55.566124334099555,0.6582175284045746,0.0
2023-02-05T04:30:00,53.32927046333866,2.532593424835148,0.0
2023-02-05T04:45:00,57.98873196353523,1.6259717913531673,0.0
2023-02-05T05:00:00,61.760921014070355,3.167940070146351,0.0
2023-02-05T05:15:00,63.530619888338364,3.121253868248233,0.0
2023-02-05T05:30:00,72.58937455010262,4.112853888445491,0.0
2023-02-05T05:45:00,61.15539344991806,4.685256413076985,0.0
2023-02-05T06:00:00,65.44060942658602,4.345821539918074,6.941636469960106
2023-02-05T06:15:00,71.20457793653878,5.033791026133491,52.32250338411445
2023-02-05T06:30:00,72.18369745947277,4.126561277787166,104.42095377604126
2023-02-05T06:45:00,72.94696993039366,7.619168340912862,169.3684301388388
2023-02-05T07:00:00,70.73809775486721,3.910653231268448,207.0552360820166
2023-02-05T07:15:00,78.81404068046697,4.947984408540001,257.15157224252926
2023-02-05T07:30:00,78.69976103604901,6.734730316319683,306.1467458920718
2023-02-05T07:45:00,77.92104323766767,6.953556840805352,370.2435491193609
2023-02-05T08:00:00,84.81998958295165,7.063947076290553,399.99999999999994
2023-02-05T08:15:00,85.54214177876709,7.634249053659667,448.64172276643257
2023-02-05T08:30:00,95.39105143551319,5.262758019836979,487.00914320697655
2023-02-05T08:45:00,96.872051144218,9.326352246920305,527.476652080055
2023-02-05T09:00:00,90.43074191036459,7.925581368896714,565.6854249492379
2023-02-05T09:15:00,94.41532865190909,9.76778528541504,601.4718459831818
2023-02-05T09:30:00,86.87274362413605,6.879102902115681,636.8754761161348
2023-02-05T09:45:00,93.82388821734475,9.55658276334129,665.1756898420361
2023-02-05T10:00:00,98.11380137050509,9.118884319233604,714.2690673720067
2023-02-05T10:15:00,99.77044711763081,10.630229271163602,717.4981932261506
2023-02-05T10:30:00,91.32695969410538,10.742643374422714,739.1036260090294
2023-02-05T10:45:00,99.13730106220852,11.149252266576514,780.7552901572135
2023-02-05T11:00:00,85.04805965275203,10.070530639531837,772.7406610312546
2023-02-05T11:15:00,84.92582083235999,11.405924605062332,784.6282243225844
2023-02-05T11:30:00,93.06749496674139,11.601873853886312,793.1558890990483
2023-02-05T11:45:00,96.07868022542709,12.580857260071175,824.4772646775384
2023-02-05T12:00:00,88.27516267545649,13.361410010316082,837.457313931864
2023-02-05T12:15:00,85.56346926664001,12.790987094645809,798.2871385908828
2023-02-05T12:30:00,74.66098122940318,11.613420081122142,793.1558890990484
2023-02-05T12:45:00,75.31147306238523,13.225868811145368,786.0244959527454
2023-02-05T13:00:00,85.77356694479872,15.936700978879223,772.7406610312546
2023-02-05T13:15:00,82.95629197658425,15.156714103947245,757.5441035960846
2023-02-05T13:30:00,78.75641747400316,10.698349960073351,739.1036260090294
2023-02-05T13:45:00,84.07312046934203,13.874396258428808,725.6492304297167
2023-02-05T14:00:00,83.70416764776583,14.857146810753084,692.820323027551
2023-02-05T14:15:00,87.15947432329028,13.831856997614732,669.0288828469213
2023-02-05T14:30:00,82.35808095542622,13.618050575862307,634.6826722329881
2023-02-05T14:45:00,86.98677072578947,13.849661652111461,601.4718459831819
2023-02-05T15:00:00,79.99010850601303,14.681661813197982,565.685424949238
2023-02-05T15:15:00,78.41824406250271,12.96815589281994,527.4766520800551
2023-02-05T15:30:00,83.30479224594833,15.266830147615563,487.0091432069767
2023-02-05T15:45:00,72.02720299472287,13.958191018484642,463.32777355045494
2023-02-05T16:00:00,89.88024000086881,12.99000301138619,399.99999999999994
2023-02-05T16:15:00,76.53006392975172,14.935403266132658,356.2810168372774
2023-02-05T16:30:00,75.36581764602818,12.127618617719408,306.1467458920719
2023-02-05T16:45:00,74.86227191046423,12.955498679957875,257.1515722425294
2023-02-05T17:00:00,80.37006601324664,12.753949685184796,207.05523608201682
2023-02-05T17:15:00,73.67234623322362,15.262231939814733,156.0722576129029
2023-02-05T17:30:00,60.393246683919415,12.204571600871297,109.99215353951737
2023-02-05T17:45:00,74.1334172429784,10.485545952137088,52.32250338411449
2023-02-05T18:00:00,64.10351983731292,11.790297899603473,9.797174393178826e-14
2023-02-05T18:15:00,66.99360839743255,12.54109756576852,0.0
2023-02-05T18:30:00,60.68349470579845,12.566125448399259,0.0
2023-02-05T18:45:00,70.27745787031127,13.739433419323714,0.0
2023-02-05T19:00:00,64.87475038214984,12.53636989874921,0.0
2023-02-05T19:15:00,69.01148305357296,10.971127062992489,0.0
2023-02-05T19:30:00,67.34044077823052,9.534157454379091,0.0
2023-02-05T19:45:00,78.48759304320578,11.682136550929659,0.0
2023-02-05T20:00:00,78.70968529203253,9.313823048052225,0.0
2023-02-05T20:15:00,68.78735691288897,8.641857023645496,0.0
2023-02-05T20:30:00,68.44155010554391,8.495555678929568,0.0
2023-02-05T20:45:00,65.62554452139621,7.2696028642473784,0.0
2023-02-05T21:00:00,72.19589856832098,7.6644522365923535,0.0
2023-02-05T21:15:00,63.99828015389873,7.503945222404056,0.0
2023-02-05T21:30:00,62.323136949820835,8.076971780255137,0.0
2023-02-05T21:45:00,67.92976779448124,6.570842060565541,0.0
2023-02-05T22:00:00,58.786380239032574,5.309098815309691,0.0
2023-02-05T22:15:00,59.58207283601012,4.59706338068766,0.0
2023-02-05T22:30:00,50.03045989455553,6.042941481095908,0.0
2023-02-05T22:45:00,59.521773305382546,5.548366039918547,0.0
2023-02-05T23:00:00,63.69382090466599,4.5751596165501605,0.0
2023-02-05T23:15:00,55.538675475948715,4.328594469153647,0.0
2023-02-05T23:30:00,57.17038702133614,4.865390686510177,0.0
2023-02-05T23:45:00,43.57820647218006,5.5639436908522635,0.0
2023-02-06T00:00:00,47.12888827974864,3.232778540407271,0.0
2023-02-06T00:15:00,41.27428878298861,3.8334278030121127,0.0
2023-02-06T00:30:00,44.97954191422471,4.453714173928457,0.0
2023-02-06T00:45:00,50.19261864830555,2.4906318476580216,0.0
2023-02-06T01:00:00,47.13785340934276,3.0437792744006074,0.0
2023-02-06T01:15:00,39.945459166699415,2.836331759386748,0.0
2023-02-06T01:30:00,40.89453069169313,1.4009913815593056,0.0
2023-02-06T01:45:00,41.1039923815,2.7424818294655333,0.0
2023-02-06T02:00:00,51.08402174361681,2.491553532540566,0.0
2023-02-06T02:15:00,59.637347301840066,2.92593637884722,0.0
2023-02-06T02:30:00,56.89249128378399,1.1200081687669692,0.0
2023-02-06T02:45:00,41.43054472429777,2.278380657500149,0.0
2023-02-06T03:00:00,58.9105109362256,3.637297875326353,0.0
2023-02-06T03:15:00,57.44235265267949,4.34591010415121,0.0
2023-02-06T03:30:00,46.04553856178943,3.5870239123992915,0.0
2023-02-06T03:45:00,53.319854125663106,1.1937806236009196,0.0
2023-02-06T04:00:00,61.42487892708668,2.9110615359797607,0.0
2023-02-06T04:15:00,59.853660619901525,2.0908364597387967,0.0
2023-02-06T04:30:00,51.748122960365905,2.9961872097327458,0.0
2023-02-06T04:45:00,62.57218834252537,2.1021106566974903,0.0
2023-02-06T05:00:00,50.08338298715428,1.3459379471116124,0.0
2023-02-06T05:15:00,60.93134955049901,2.922228899155441,0.0
2023-02-06T05:30:00,69.02652687220684,4.218046466533148,0.0
2023-02-06T05:45:00,64.73117536286138,4.032524722270493,0.0
2023-02-06T06:00:00,63.45257911979792,4.415870984465613,12.998938220474685
2023-02-06T06:15:00,73.65995360637301,4.515839244049509,52.32250338411445
2023-02-06T06:30:00,77.31383546597937,5.007522712463931,114.46151633082272
2023-02-06T06:45:00,82.13952325974131,5.451654172639634,156.0722576129026
2023-02-06T07:00:00,82.99535991389,4.980882382715926,207.0552360820166
2023-02-06T07:15:00,86.9143515804874,5.684722231776154,257.15157224252926
2023-02-06T07:30:00,87.87208002189531,7.702721592349697,306.1467458920718
2023-02-06T07:45:00,88.02098402393855,6.468958048852714,374.88591713277367
2023-02-06T08:00:00,89.38519292519328,6.745213037509338,399.99999999999994
2023-02-06T08:15:00,89.73056592218197,7.187906386800174,444.4561864156817
2023-02-06T08:30:00,86.54954137881944,7.254498140034015,487.00914320697655
2023-02-06T08:45:00,89.22929854811711,7.427789072568883,548.2288483084883
2023-02-06T09:00:00,93.67933008366253,8.464242336035976,565.6854249492379
2023-02-06T09:15:00,97.06299673780647,8.14226738509225,624.3120680380769
2023-02-06T09:30:00,103.50728405978967,8.89320603551364,656.0535439386332
2023-02-06T09:45:00,96.22586596395028,8.635591037241028,665.1756898420361
2023-02-06T10:00:00,101.27553745645129,9.916489886819987,693.4136791927712
2023-02-06T10:15:00,101.18160008679052,10.768395547665543,717.4981932261506
2023-02-06T10:30:00,93.87422524918763,10.339749545950166,750.0180659141689
2023-02-06T10:45:00,96.99074195149147,8.900917516095236,757.5441035960845
2023-02-06T11:00:00,91.5481431867647,11.845935355726017,772.7406610312546
2023-02-06T11:15:00,97.91390343354097,11.709169052547917,785.5518075873854
2023-02-06T11:30:00,92.8376664649513,10.91490093570941,793.1558890990483
2023-02-06T11:45:00,81.9099194442387,12.98490894459423,798.2871385908828
2023-02-06T12:00:00,86.75489013037686,11.099779298073981,812.9922394027876
2023-02-06T12:15:00,94.1450061434991,13.812010271868875,801.0482261961062
2023-02-06T12:30:00,84.87000892435033,12.958317233770742,812.1890204135457
2023-02-06T12:45:00,87.80154762814759,10.975516410108485,784.6282243225844
2023-02-06T13:00:00,87.99517758408471,13.630045821640413,772.7406610312546
2023-02-06T13:15:00,79.70275496368674,13.230607892775739,757.5441035960846
2023-02-06T13:30:00,86.97839726590094,13.241991714915128,739.1036260090294
2023-02-06T13:45:00,76.91554594008826,13.19941882718496,756.816045725438
2023-02-06T14:00:00,80.13965441328943,13.923902978545081,698.33119033128
2023-02-06T14:15:00,87.9552739531295,13.655086812922786,665.1756898420364
2023-02-06T14:30:00,83.59811512697412,12.347542736725021,634.6826722329881
2023-02-06T14:45:00,79.46167398045453,15.51478523777937,601.4718459831819
2023-02-06T15:00:00,82.32170759956452,14.01120615570874,565.685424949238
2023-02-06T15:15:00,78.83372193283336,13.510782335223901,542.660522250828
2023-02-06T15:30:00,78.18538796154121,13.075809297368075,487.0091432069767
2023-02-06T15:45:00,80.34276416360036,14.91100756154285,444.4561864156817
2023-02-06T16:00:00,72.31042816631197,12.75268680030843,399.99999999999994
2023-02-06T16:15:00,74.99472270176112,14.071131890499146,366.8205681739997
2023-02-06T16:30:00,72.03959454387616,13.215192004864683,306.1467458920719
2023-02-06T16:45:00,64.44803930266959,13.111380600304344,257.1515722425294
2023-02-06T17:00:00,66.52136899041156,12.348156703401276,207.05523608201682
2023-02-06T17:15:00,77.69010554524937,12.624062052964158,200.18992012385144
2023-02-06T17:30:00,70.48140728693483,13.024496244924814,128.81341526015413
2023-02-06T17:45:00,60.63738794720355,13.001914882893402,81.69500997751145
2023-02-06T18:00:00,58.24549499036558,11.712612017506851,9.797174393178826e-14
2023-02-06T18:15:00,66.03627766775263,12.120704299833545,0.0
2023-02-06T18:30:00,75.02496136762682,12.79658681669329,0.0
2023-02-06T18:45:00,66.85192124073964,9.926356652839084,0.0
2023-02-06T19:00:00,74.8058837345773,11.249294838078685,0.0
2023-02-06T19:15:00,70.4095528527685,9.958512007582378,0.0
2023-02-06T19:30:00,71.25645222933353,9.498980233744552,0.0
2023-02-06T19:45:00,62.323190623073295,10.445212116487616,0.0
2023-02-06T20:00:00,73.625262535123,9.263226613618112,0.0
2023-02-06T20:15:00,67.01939501051686,8.209302617532217,0.0
2023-02-06T20:30:00,72.5763879518238,10.363004157060843,0.0
2023-02-06T20:45:00,63.56117357828284,9.568072101383233,0.0
2023-02-06T21:00:00,67.69037798342625,6.323257855311375,0.0
2023-02-06T21:15:00,67.5421584103234,6.388716908287619,0.0
2023-02-06T21:30:00,63.798920875239624,8.065863729668916,0.0
2023-02-06T21:45:00,65.19879357665681,6.800148046536306,0.0
2023-02-06T22:00:00,60.2851544747229,8.20322418541038,0.0
2023-02-06T22:15:00,56.664813378115994,6.943263418392586,0.0
2023-02-06T22:30:00,66.10369485114994,6.258928741334005,0.0
2023-02-06T22:45:00,61.38485004664354,4.579968978531101,0.0
2023-02-06T23:00:00,50.324426618585385,5.747004106535015,0.0
2023-02-06T23:15:00,54.914034274992446,3.6463784588024666,0.0
2023-02-06T23:30:00,46.287261045163476,5.908239771028292,0.0
2023-02-06T23:45:00,42.024558069824714,4.721627510088373,0.0
2023-02-07T00:00:00,51.253815908146144,3.3161825537003393,0.0
2023-02-07T00:15:00,37.60709210814216,4.677292400835667,0.0
2023-02-07T00:30:00,50.890151041557765,5.865058664966141,0.0
2023-02-07T00:45:00,45.20545153022136,3.1772190439524937,0.0
2023-02-07T01:00:00,45.70851915996726,3.737914584561878,0.0
2023-02-07T01:15:00,49.1949222093656,2.570588048690085,0.0
2023-02-07T01:30:00,50.51317211089679,2.9257288401278427,0.0
2023-02-07T01:45:00,44.01559798635296,1.194838480575136,0.0
2023-02-07T02:00:00,52.35288866921281,2.587569346336942,0.0
2023-02-07T02:15:00,50.022229145226476,2.542519464988446,0.0
2023-02-07T02:30:00,43.93742793098637,4.233982426179103,0.0
2023-02-07T02:45:00,50.19860013367302,0.6014971654422472,0.0
2023-02-07T03:00:00,58.84902815521494,2.1027703584694377,0.0
2023-02-07T03:15:00,61.280826390378365,3.6846174959766325,0.0
2023-02-07T03:30:00,57.49628240902024,2.193213153535599,0.0
2023-02-07T03:45:00,49.021646599917375,2.3276006021728373,0.0
2023-02-07T04:00:00,58.537803213430706,1.7548398349606331,0.0
2023-02-07T04:15:00,61.493299416067195,1.7694676603438255,0.0
2023-02-07T04:30:00,62.05963997044307,1.0145228566763451,0.0
2023-02-07T04:45:00,63.58075083852762,2.3732021207369325,0.0
2023-02-07T05:00:00,62.724703195338506,2.1981463397584617,0.0
2023-02-07T05:15:00,61.820900566675974,3.5128749774190196,0.0
2023-02-07T05:30:00,60.43240737723014,2.8358655734060743,0.0
2023-02-07T05:45:00,55.28702852404091,3.393023987654847,0.0
2023-02-07T06:00:00,67.78297753471801,3.6888077374002726,0.0
2023-02-07T06:15:00,70.28098838731584,4.379413744686432,52.32250338411445
2023-02-07T06:30:00,75.36545743621417,4.202562987120052,109.63868412237511
2023-02-07T06:45:00,69.03910816048571,3.988446329522472,165.79512697845206
2023-02-07T07:00:00,81.98623304977698,5.469420261525055,216.94249575924468
2023-02-07T07:15:00,91.91770491544919,6.797404892527821,269.343020139392
2023-02-07T07:30:00,84.73728972014084,6.216019419177453,306.1467458920718
2023-02-07T07:45:00,86.52251601386712,5.8451965875196255,353.83095217520105
2023-02-07T08:00:00,90.62016153834635,6.707593141868468,407.5011600970171
2023-02-07T08:15:00,101.2160514727643,5.162479115123909,444.4561864156817
2023-02-07T08:30:00,87.63064586716224,7.4610939147180435,505.1507156578986
2023-02-07T08:45:00,95.15939259072933,7.590880673105886,535.104123366806
2023-02-07T09:00:00,91.22861721339399,7.450193459570706,591.3618362058957
2023-02-07T09:15:00,93.25821416711298,8.023974240626108,601.4718459831818
2023-02-07T09:30:00,96.19277136190229,8.75657646935788,656.033357235145
2023-02-07T09:45:00,103.30897014293927,10.546654025680478,705.8692077848025
2023-02-07T10:00:00,105.4006108370503,11.028628504972435,693.8951742597035
2023-02-07T10:15:00,98.16323435930708,9.384165447838376,727.484326764966
2023-02-07T10:30:00,93.28598745405779,10.161677038524363,739.1036260090294
2023-02-07T10:45:00,106.61848705937678,10.544796001602647,775.4252341137312
2023-02-07T11:00:00,90.76551282028504,12.193199333127342,795.3218244217406
2023-02-07T11:15:00,88.58504622289352,11.862581768326447,784.6282243225844
2023-02-07T11:30:00,80.92123638227164,12.129012254270583,804.879080520545
2023-02-07T11:45:00,94.98029789544782,12.875991321598821,803.8965933677749
2023-02-07T12:00:00,90.92599666300774,12.029881096285571,807.815705805517
2023-02-07T12:15:00,98.13097484650557,14.258579236805138,814.5275334061882
2023-02-07T12:30:00,78.96604916753684,13.142029201904426,803.533879279038
2023-02-07T12:45:00,92.99132834661143,12.516559045200575,784.6282243225844
2023-02-07T13:00:00,85.75396281876326,13.350165996486009,789.4065881398574
2023-02-07T13:15:00,89.05387237505406,14.99681859098122,779.7812253865769
2023-02-07T13:30:00,76.32347364585465,13.501788876661164,739.1036260090294
2023-02-07T13:45:00,91.36263264513151,15.014792393592682,717.4981932261506
2023-02-07T14:00:00,87.3378605334992,13.553862982540107,692.820323027551
2023-02-07T14:15:00,82.51961077327108,13.502701803219294,676.8476507926606
2023-02-07T14:30:00,85.17739894528158,14.991920396414372,659.1450237582735
2023-02-07T14:45:00,77.29408834551955,13.496834796363096,601.4718459831819
2023-02-07T15:00:00,77.32970389697371,15.206194067738913,568.3541481059319
2023-02-07T15:15:00,76.95446193502566,14.722433356032187,527.4766520800551
2023-02-07T15:30:00,68.99635797287429,13.458729051352488,487.0091432069767
2023-02-07T15:45:00,81.50496583256013,14.196922756002266,449.09961215261364
2023-02-07T16:00:00,82.04273677206409,13.63043448475209,399.99999999999994
2023-02-07T16:15:00,71.42382175671209,14.41421115121691,353.83095217520105
2023-02-07T16:30:00,75.47945242817715,15.814729257600357,306.1467458920719
2023-02-07T16:45:00,71.18585563406832,13.394185663885926,268.93310395952295
2023-02-07T17:00:00,72.90251941360684,14.113582514142356,211.83999848737085
2023-02-07T17:15:00,66.84868893541869,13.396912133060006,156.0722576129029
2023-02-07T17:30:00,64.27816676511411,13.167831562387809,105.16252868848918
2023-02-07T17:45:00,72.65320571587284,12.729487541719557,52.32250338411449
2023-02-07T18:00:00,65.7654157755288,11.768877058344948,22.877903411452785
2023-02-07T18:15:00,76.84514375411655,12.674868657460086,0.0
2023-02-07T18:30:00,67.58808035725873,11.747480641710155,0.0
2023-02-07T18:45:00,63.292823544552576,10.812275131956104,0.0
2023-02-07T19:00:00,74.54309218128054,12.397827079825516,0.0
2023-02-07T19:15:00,71.94140165094895,11.136395581593568,0.0
2023-02-07T19:30:00,72.67206609012979,10.451655454424518,0.0
2023-02-07T19:45:00,75.09229839547936,11.652347224142485,0.0
2023-02-07T20:00:00,65.81116828868888,8.100486552659346,0.0
2023-02-07T20:15:00,68.19529048350208,10.827016553403077,0.0
2023-02-07T20:30:00,67.5411783578739,8.286623021761308,0.0
2023-02-07T20:45:00,61.315792635178944,8.987605132373597,0.0
2023-02-07T21:00:00,65.6246823266291,7.7955900634565065,0.0
2023-02-07T21:15:00,72.601542761563,7.068234001743936,0.0
2023-02-07T21:30:00,65.89327980863182,8.914383190225342,0.0
2023-02-07T21:45:00,56.58326280354473,9.069328452875732,0.0
2023-02-07T22:00:00,53.9754446239044,6.609513896311016,0.0
2023-02-07T22:15:00,68.37149426860738,6.790491727952544,0.0
2023-02-07T22:30:00,57.76218471744809,6.144544475049179,0.0
2023-02-07T22:45:00,53.04053651787188,7.4604285136160655,0.0
2023-02-07T23:00:00,52.89629335088488,3.2705033701236816,0.0
2023-02-07T23:15:00,44.82277580697635,5.4273558607298265,0.0
2023-02-07T23:30:00,57.25363289777097,4.003958929380962,0.0
2023-02-07T23:45:00,46.12021843174981,2.0716149055056254,0.0
2023-02-08T00:00:00,53.05747512310078,3.910533605101658,0.0
2023-02-08T00:15:00,46.52154759187318,5.850714335686874,0.0
2023-02-08T00:30:00,53.539230129774666,3.097535157502373,0.0
2023-02-08T00:45:00,47.88823437155949,4.315652222399523,0.0
2023-02-08T01:00:00,51.16811427297269,4.516224164006919,0.0
2023-02-08T01:15:00,50.877330124948244,3.119771137834532,0.0
2023-02-08T01:30:00,50.859332165442794,3.0908828129937564,0.0
2023-02-08T01:45:00,50.02268503966846,1.1158257061384391,0.0
2023-02-08T02:00:00,47.735705828141974,2.001985568743128,0.0
2023-02-08T02:15:00,59.168248696222065,3.536000331560798,0.0
2023-02-08T02:30:00,45.81871575310446,2.6257143184443894,0.0
2023-02-08T02:45:00,51.20520954654493,2.8938922916622465,0.0
2023-02-08T03:00:00,52.1527612367157,2.646861969333236,0.0
2023-02-08T03:15:00,55.0457549491249,4.718554794514995,0.0
2023-02-08T03:30:00,51.89787567476176,2.1345153902187217,0.0
2023-02-08T03:45:00,56.682794351964574,4.234402750217112,0.0
2023-02-08T04:00:00,55.37625455839384,2.851652654122507,0.0
2023-02-08T04:15:00,49.464931092839144,4.526322587260349,0.0
2023-02-08T04:30:00,58.6145602683911,1.7454491053243144,0.0
2023-02-08T04:45:00,54.288851513194686,3.317120148084915,0.0
2023-02-08T05:00:00,52.37215777011376,2.923865183020083,0.0
2023-02-08T05:15:00,63.00302764753303,3.664359051684953,0.0
2023-02-08T05:30:00,66.04936035010547,4.975960610568901,0.0
2023-02-08T05:45:00,67.5458951103287,4.381475150134267,0.0
2023-02-08T06:00:00,69.05632101950715,5.491446392557838,0.0
2023-02-08T06:15:00,59.823477847609254,3.8874084057758265,96.04356071598673
2023-02-08T06:30:00,65.90819236581017,4.038301358074144,104.42095377604126
2023-02-08T06:45:00,85.73013259427594,5.196388064669838,166.00838899671407
2023-02-08T07:00:00,73.66080458607392,5.4750522112591,207.0552360820166
2023-02-08T07:15:00,84.83488338128616,5.674112879511985,257.15157224252926
2023-02-08T07:30:00,81.04604974117946,5.25897206978896,323.88549152007005
2023-02-08T07:45:00,87.36490508949505,7.783719187683103,354.5501705817962
2023-02-08T08:00:00,86.04457752980728,6.597952918401573,399.99999999999994
2023-02-08T08:15:00,93.99777090556825,8.769240579766096,444.4561864156817
2023-02-08T08:30:00,93.5684540455026,7.743290601533934,487.00914320697655
2023-02-08T08:45:00,92.03760783879603,8.769714545083371,541.3447698045878
2023-02-08T09:00:00,90.11174250973608,9.071414032613868,565.6854249492379
2023-02-08T09:15:00,97.46780754205793,8.081848424680192,601.4718459831818
2023-02-08T09:30:00,90.51282768935644,9.664064464522982,635.2864550231938
2023-02-08T09:45:00,98.84545792873307,11.61257926621406,676.8006501502387
2023-02-08T10:00:00,109.66378116204852,10.318230913365666,692.8203230275509
2023-02-08T10:15:00,102.80907267574102,11.343617921028828,719.818046892399
2023-02-08T10:30:00,98.89639928690343,11.50307682843291,739.8661623187783
2023-02-08T10:45:00,93.86245502073585,11.474486189329179,757.5441035960845
2023-02-08T11:00:00,83.34522087517243,11.700183107374931,773.8258532972512
2023-02-08T11:15:00,84.9649925984487,12.394441346889097,799.3325629490632
2023-02-08T11:30:00,96.34561466893625,12.929555510178123,813.8487625655599
2023-02-08T11:45:00,84.18675843185761,11.117615223199525,814.1017253626696
2023-02-08T12:00:00,82.72420699358844,13.003647965865925,800.0
2023-02-08T12:15:00,85.34939357076064,12.840665353776732,811.0113896222784
2023-02-08T12:30:00,80.7391334176521,12.882297587745887,802.4652176457793
2023-02-08T12:45:00,79.70232941971511,14.79848644249403,784.6282243225844
2023-02-08T13:00:00,85.28661364628293,12.976710564292963,772.7406610312546
2023-02-08T13:15:00,80.70142280095061,12.500171778536313,771.1379656490354
2023-02-08T13:30:00,80.99296523573993,14.85269781010376,766.6417890651583
2023-02-08T13:45:00,80.25196718432741,12.774891310066929,717.4981932261506
2023-02-08T14:00:00,86.1527766292698,12.381316269426032,725.6215477949369
2023-02-08T14:15:00,81.6892312779828,15.306683762059533,688.4588833601998
2023-02-08T14:30:00,81.19467445076411,14.621095808455536,638.6650422363088
2023-02-08T14:45:00,84.24199312053263,14.97357755645058,601.4718459831819
2023-02-08T15:00:00,79.65240506697492,14.071276814870563,573.4940939336209
2023-02-08T15:15:00,78.01611494412418,13.116451797472786,527.4766520800551
2023-02-08T15:30:00,80.74794784243394,13.276586344275382,487.0091432069767
2023-02-08T15:45:00,80.67286136258886,14.126227172638284,444.4561864156817
2023-02-08T16:00:00,75.48509998686565,13.036856489466553,399.99999999999994
2023-02-08T16:15:00,75.46928016689131,14.502338073666472,400.47708486931873
2023-02-08T16:30:00,69.96518498304383,13.594523646683486,307.40825026023765
2023-02-08T16:45:00,68.34584157464928,14.07997688621162,261.22535266257677
2023-02-08T17:00:00,75.24258589629314,13.865004940583248,207.05523608201682
2023-02-08T17:15:00,72.34698423745435,13.889321617889985,156.0722576129029
2023-02-08T17:30:00,71.10748352089259,13.773306958686595,104.42095377604126
2023-02-08T17:45:00,68.93280181263916,12.680842643744803,54.1462772634815
2023-02-08T18:00:00,66.45148386348345,12.940314343403301,9.797174393178826e-14
2023-02-08T18:15:00,70.35235723722045,12.705787408670773,0.0
2023-02-08T18:30:00,72.16777312165937,9.737382654609146,0.0
2023-02-08T18:45:00,72.61505255551569,12.493651533627288,0.0
2023-02-08T19:00:00,68.04019700262833,11.663646585870437,0.0
2023-02-08T19:15:00,75.85806326302044,11.731485396207763,0.0
2023-02-08T19:30:00,70.3157039635667,9.522961388393462,0.0
2023-02-08T19:45:00,72.43687474722617,10.126568006306762,0.0
2023-02-08T20:00:00,70.62128799534965,8.975089203699731,0.0
2023-02-08T20:15:00,70.2022893491068,10.428847697959831,0.0
2023-02-08T20:30:00,64.85536634731871,7.891745000901999,0.0
2023-02-08T20:45:00,71.41197829473857,7.977468383108723,0.0
2023-02-08T21:00:00,81.30480383521592,9.048018517922166,0.0
2023-02-08T21:15:00,64.18136888148587,7.49191108199208,0.0
2023-02-08T21:30:00,65.19726165004474,6.802156579540815,0.0
2023-02-08T21:45:00,61.218241904290764,8.249881887093597,0.0
2023-02-08T22:00:00,59.45024095767682,7.90850187562693,0.0
2023-02-08T22:15:00,67.9055601487168,7.307138790372215,0.0
2023-02-08T22:30:00,54.98462346334384,7.06631346939994,0.0
2023-02-08T22:45:00,54.04288396280557,5.628392969398122,0.0
2023-02-08T23:00:00,46.4644868399708,5.309111415013568,0.0
2023-02-08T23:15:00,48.55695473910919,4.532201712998971,0.0
2023-02-08T23:30:00,41.73185646870354,5.028864983313841,0.0
2023-02-08T23:45:00,51.38020539899702,4.029731171723924,0.0
2023-02-09T00:00:00,60.35280911808832,3.969970098051963,0.0
2023-02-09T00:15:00,44.563750575877094,4.7345385802072615,0.0
2023-02-09T00:30:00,38.191636116474385,5.070096194865194,0.0
2023-02-09T00:45:00,51.23861572298583,4.055119571553048,0.0
2023-02-09T01:00:00,43.40118168846963,5.243840433634162,0.0
2023-02-09T01:15:00,53.91245507176736,2.558924969869347,0.0
2023-02-09T01:30:00,46.46658711972631,1.264425156821247,0.0
2023-02-09T01:45:00,45.257789732834105,3.678724103717146,0.0
2023-02-09T02:00:00,48.14402715448457,2.078288480717084,0.0
2023-02-09T02:15:00,53.5138145675318,2.4872730669034793,0.0
2023-02-09T02:30:00,49.35015304929878,0.927211312734239,0.0
2023-02-09T02:45:00,48.833903345353704,1.7593132043207789,0.0
2023-02-09T03:00:00,51.21802937027646,1.1434495745189894,0.0
2023-02-09T03:15:00,46.80813078439597,2.2242201882463015,0.0
2023-02-09T03:30:00,56.16425244019726,2.3024563289724136,0.0
2023-02-09T03:45:00,46.309285379285186,2.850925720227052,0.0
2023-02-09T04:00:00,54.1337157370742,4.089844997718991,0.0
2023-02-09T04:15:00,61.30547524867546,3.6410024790254103,0.0
2023-02-09T04:30:00,60.21589577626356,1.4802301598200247,0.0
2023-02-09T04:45:00,62.87713656777049,3.8724559775149516,0.0
2023-02-09T05:00:00,60.85271374325732,3.561279265833053,0.0
2023-02-09T05:15:00,68.30124747350679,3.5590328852468565,0.0
2023-02-09T05:30:00,68.3672951483497,3.8628574194135883,0.0
2023-02-09T05:45:00,67.2769654455373,4.339190574310617,0.0
2023-02-09T06:00:00,70.9920518954695,3.7111495129653758,34.27109576460167
2023-02-09T06:15:00,73.37239624882329,4.5072512429731715,68.87263004341577
2023-02-09T06:30:00,70.64981496310615,6.1770475409377354,139.24012270366072
2023-02-09T06:45:00,69.27688637624402,4.608349808555079,156.0722576129026
2023-02-09T07:00:00,81.13251454016532,4.615789014923131,207.0552360820166
2023-02-09T07:15:00,84.64497990425296,5.9302375019103675,257.15157224252926
2023-02-09T07:30:00,90.06695332969461,5.21900994015134,306.1467458920718
2023-02-09T07:45:00,82.41879054242386,4.994257077824917,383.0192352229882
2023-02-09T08:00:00,84.81254876928253,6.748295543408285,399.99999999999994
2023-02-09T08:15:00,93.62342198850197,8.92375694356538,444.4561864156817
2023-02-09T08:30:00,92.66260403914677,7.823915741901023,495.1127305278343
2023-02-09T08:45:00,84.98410417865466,8.43183531016558,529.4787021597422
2023-02-09T09:00:00,97.37199945140368,6.515528632947101,565.6854249492379
2023-02-09T09:15:00,87.0006775041437,9.476221258920033,608.6432150473087
2023-02-09T09:30:00,91.98399444969562,9.522200005728326,656.2646248512276
2023-02-09T09:45:00,103.60031510692252,9.151304095155641,695.8905992664894
2023-02-09T10:00:00,105.78960723039269,10.378641733115725,693.4764671766726
2023-02-09T10:15:00,90.11379610156425,10.744435400075155,717.4981932261506
2023-02-09T10:30:00,93.79155768986224,9.88228965693083,769.7943078908967
2023-02-09T10:45:00,94.63745964932822,11.631262859192143,757.5441035960845
2023-02-09T11:00:00,102.07897417259099,12.84281241362538,808.5522378935573
2023-02-09T11:15:00,89.24593536332071,11.751156913742323,811.510931620959
2023-02-09T11:30:00,87.68108579774939,11.430651362713443,822.9438649276257
2023-02-09T11:45:00,96.01302214928893,12.424171811896912,811.9949557103446
2023-02-09T12:00:00,84.48037724531048,13.74293087328194,800.0
2023-02-09T12:15:00,89.92251001850613,11.930396996674817,798.2871385908828
2023-02-09T12:30:00,78.79750541081584,13.984355291629818,799.2936535129096
2023-02-09T12:45:00,85.11386489650475,12.956480206393016,784.6282243225844
2023-02-09T13:00:00,77.37485534305111,14.083892495184594,772.7406610312546
2023-02-09T13:15:00,80.01575669402537,13.462582165248792,769.8002672126031
2023-02-09T13:30:00,89.02792043488883,13.621937231084384,739.1036260090294
2023-02-09T13:45:00,84.04225088412197,15.850352684303907,717.4981932261506
2023-02-09T14:00:00,82.07930238182568,13.032145358299143,710.5334972903223
2023-02-09T14:15:00,79.23996713504809,15.015754851063152,675.473745345111
2023-02-09T14:30:00,81.11810944852006,16.325670570262375,634.6826722329881
2023-02-09T14:45:00,82.89668499398479,15.31835245700267,615.6971696652754
2023-02-09T15:00:00,85.41103966494153,13.314579972059043,567.5863662111898
2023-02-09T15:15:00,66.41550589041914,13.35125002161444,554.10387592836
2023-02-09T15:30:00,74.37074571776215,13.842720782694688,490.0333009181269
2023-02-09T15:45:00,78.26120888023884,14.688296585037483,470.9347397472953
2023-02-09T16:00:00,75.86000742909034,14.667174642921688,399.99999999999994
2023-02-09T16:15:00,77.21697802591542,13.055561213769167,363.01533263943764
2023-02-09T16:30:00,75.34569308683633,13.316196727718978,306.1467458920719
2023-02-09T16:45:00,71.25877299999797,13.215430953314335,257.1515722425294
2023-02-09T17:00:00,68.89643793101631,13.661082605689964,230.22524767011933
2023-02-09T17:15:00,69.02862200054685,15.619190122204573,173.85400625042928
2023-02-09T17:30:00,74.70855860241652,12.472609967222189,104.42095377604126
2023-02-09T17:45:00,64.00234592897607,12.179758002836302,66.6324160904438
2023-02-09T18:00:00,66.040289393182,11.755177383073667,11.882960928118791
2023-02-09T18:15:00,67.9208643775918,13.237296452940871,0.0
2023-02-09T18:30:00,75.42783949041083,12.25690396879545,0.0
2023-02-09T18:45:00,66.69122676287398,11.08287184104588,0.0
2023-02-09T19:00:00,73.47197538690617,11.282881407319893,0.0
2023-02-09T19:15:00,75.21685215429446,10.507898831454531,0.0
2023-02-09T19:30:00,68.98848475444495,11.23766886647801,0.0
2023-02-09T19:45:00,68.35525441350647,13.258690389713532,0.0
2023-02-09T20:00:00,67.69943570542728,10.749455667405588,0.0
2023-02-09T20:15:00,67.82199566496612,9.723230408087634,0.0
2023-02-09T20:30:00,72.93918112594757,8.763858656930582,0.0
2023-02-09T20:45:00,69.19412951378511,7.694695684594235,0.0
2023-02-09T21:00:00,68.38863593102018,9.379366722501262,0.0
2023-02-09T21:15:00,60.56308222803021,8.932612394083689,0.0
2023-02-09T21:30:00,60.13869321053693,7.396418841087109,0.0
2023-02-09T21:45:00,74.30035787440508,8.688469041944074,0.0
2023-02-09T22:00:00,61.13506736353614,7.113869659368188,0.0
2023-02-09T22:15:00,56.44330830472474,7.491800934674393,0.0
2023-02-09T22:30:00,65.63882990442075,6.645773398940699,0.0
2023-02-09T22:45:00,57.95618459754823,5.814808969906581,0.0
2023-02-09T23:00:00,57.42658106744302,4.690792379790738,0.0
2023-02-09T23:15:00,51.78863350990585,5.166719000617943,0.0
2023-02-09T23:30:00,48.81434600507936,5.8351590859407505,0.0
2023-02-09T23:45:00,47.50710556494402,4.181466988598386,0.0
2023-02-10T00:00:00,39.57260475885668,4.976633224075217,0.0
2023-02-10T00:15:00,46.089480098478255,3.185757788693456,0.0
2023-02-10T00:30:00,48.13756376808669,4.79947080997427,0.0
2023-02-10T00:45:00,56.12290617150397,4.103656178266013,0.0
2023-02-10T01:00:00,47.59777440959453,2.381269334048191,0.0
2023-02-10T01:15:00,35.876807809396176,3.1742815428735813,0.0
2023-02-10T01:30:00,47.53877779620097,4.167696229841973,0.0
2023-02-10T01:45:00,62.24636144523758,1.838919197967466,0.0
2023-02-10T02:00:00,53.49761870958624,1.9130273192319796,0.0
2023-02-10T02:15:00,45.80245864525597,2.8253238783854484,0.0
2023-02-10T02:30:00,53.57476137667789,4.964194077780656,0.0
2023-02-10T02:45:00,47.73943233632157,2.1198008921202054,0.0
2023-02-10T03:00:00,45.57512238888457,3.2748065151768193,0.0
2023-02-10T03:15:00,51.557532492178076,3.0525143837610544,0.0
2023-02-10T03:30:00,54.768699226369705,2.241343447082918,0.0
2023-02-10T03:45:00,46.0141134377908,3.0559541849568164,0.0
2023-02-10T04:00:00,50.740499157656636,2.5361428957619587,0.0
2023-02-10T04:15:00,57.69219962188156,2.7401469485041785,0.0
2023-02-10T04:30:00,56.791761083103246,1.5749834177504707,0.0
2023-02-10T04:45:00,62.03156266001704,3.373859831528872,0.0
2023-02-10T05:00:00,55.236573071756595,4.482473599507243,0.0
2023-02-10T05:15:00,66.15505791279375,3.8481406165557384,0.0
2023-02-10T05:30:00,57.95697628064781,5.109920234666342,0.0
2023-02-10T05:45:00,73.39190453543512,4.848821116662478,0.0
2023-02-10T06:00:00,57.90750418845825,4.477350522141819,25.636849640714523
2023-02-10T06:15:00,64.2894797263364,4.1955320719840925,52.32250338411445
2023-02-10T06:30:00,75.0659591464478,4.640700226177596,104.42095377604126
2023-02-10T06:45:00,84.44951979363692,3.9756006435365894,164.8314780329612
2023-02-10T07:00:00,80.7378916929811,5.512453625492998,215.43102426339732
2023-02-10T07:15:00,84.86079595245582,6.27179913284147,272.5094184721566
2023-02-10T07:30:00,84.83425048381511,8.198853019200019,328.4610599280392
2023-02-10T07:45:00,82.1003772485224,7.379216047051231,353.83095217520105
2023-02-10T08:00:00,87.0259849259195,6.361764264838222,399.99999999999994
2023-02-10T08:15:00,85.39634465850479,6.169622307975748,444.4561864156817
2023-02-10T08:30:00,86.7568617459759,7.789823275066442,503.44194688807977
2023-02-10T08:45:00,96.55362942955708,9.198878187038215,527.476652080055
2023-02-10T09:00:00,90.01254132364096,8.558916178896936,568.249551671063
2023-02-10T09:15:00,97.99253471415332,9.713935465977777,620.1142824727951
2023-02-10T09:30:00,90.33313604940506,9.381564219659445,652.4998011733509
2023-02-10T09:45:00,98.4557959446538,10.667074882403693,679.3469215387828
2023-02-10T10:00:00,94.35377189799034,8.735188763500787,714.0803334324618
2023-02-10T10:15:00,103.35712821362533,12.312351427556395,717.4981932261506
2023-02-10T10:30:00,97.18908245626909,9.963149661558152,771.3729998004749
2023-02-10T10:45:00,100.73523410035344,12.22699698663511,764.1522026675519
2023-02-10T11:00:00,89.52657855400523,11.507348520922369,799.4336864648147
2023-02-10T11:15:00,92.1229694051116,11.997126013342037,784.6282243225844
2023-02-10T11:30:00,85.29204272378243,12.1909991836735,793.1558890990483
2023-02-10T11:45:00,86.33334074470056,12.99121199124323,834.0146922909956
2023-02-10T12:00:00,85.17577449662667,13.479697745991503,800.0
2023-02-10T12:15:00,82.8141829716862,14.348932872288255,798.2871385908828
2023-02-10T12:30:00,80.23767854359754,14.947601439936113,803.7049819082982
2023-02-10T12:45:00,79.03441460015117,14.100171736183297,800.0859575283547
2023-02-10T13:00:00,74.10607155759419,15.68935917746626,794.3089869285403
2023-02-10T13:15:00,80.14316588273465,14.253741507609933,762.0118269439006
2023-02-10T13:30:00,88.10135574393477,15.400250072911968,739.1036260090294
2023-02-10T13:45:00,76.43125778093716,14.889832965468106,731.6308458762351
2023-02-10T14:00:00,76.96618945477206,14.02588284190037,707.2714441555537
2023-02-10T14:15:00,92.0701807125653,14.84547835239055,665.1756898420364
2023-02-10T14:30:00,79.17088216693325,15.231373561343311,663.0563690660551
2023-02-10T14:45:00,83.12832180575353,14.734487923620337,601.4718459831819
2023-02-10T15:00:00,83.84001696658324,15.19238903358888,586.373737681115
2023-02-10T15:15:00,82.9858425612576,15.632049014349839,527.4766520800551
2023-02-10T15:30:00,71.04995303748393,14.704828541838292,501.1193328326475
2023-02-10T15:45:00,76.4424018712444,11.720356529328225,454.6600705216658
2023-02-10T16:00:00,68.39515926275786,16.253357624819106,399.99999999999994
2023-02-10T16:15:00,87.56365870928146,14.163521862341629,362.8526849628074
2023-02-10T16:30:00,66.1655879375736,13.499529489826745,306.1467458920719
2023-02-10T16:45:00,67.67588382206395,13.036658669134637,271.4305887739319
2023-02-10T17:00:00,66.45967223819271,13.63923903596431,250.76067132432442
2023-02-10T17:15:00,62.904799667057986,13.205602358089616,156.0722576129029
2023-02-10T17:30:00,75.85978900353356,12.802643093454044,104.42095377604126
2023-02-10T17:45:00,79.90659770037016,12.608445090620615,52.32250338411449
2023-02-10T18:00:00,64.10755001378672,13.551916026770432,9.797174393178826e-14
2023-02-10T18:15:00,60.53401017482568,14.76597084719484,0.0
2023-02-10T18:30:00,56.573429948856486,13.25267268765855,0.0
2023-02-10T18:45:00,67.10419706289308,13.235552098463508,0.0
2023-02-10T19:00:00,67.22808759249219,11.402122484144584,0.0
2023-02-10T19:15:00,65.93244710761667,11.537930022455908,0.0
2023-02-10T19:30:00,70.54610495072738,11.50211551401215,0.0
2023-02-10T19:45:00,71.51668762441575,10.048611413767524,0.0
2023-02-10T20:00:00,71.0920929568059,9.906716715657334,0.0
2023-02-10T20:15:00,67.65245957778464,10.804626406021171,0.0
2023-02-10T20:30:00,63.29184527664013,10.652982424011743,0.0
2023-02-10T20:45:00,71.50021771798917,9.239361560487442,0.0
2023-02-10T21:00:00,67.40672878372652,7.584375334812598,0.0
2023-02-10T21:15:00,70.76296000555067,8.091521756992808,0.0
2023-02-10T21:30:00,69.0584939462223,6.555044227765142,0.0
2023-02-10T21:45:00,56.60628600673264,7.684192993329281,0.0
2023-02-10T22:00:00,54.985057554139615,7.48202135624762,0.0
2023-02-10T22:15:00,56.671437290361936,6.580185302734579,0.0
2023-02-10T22:30:00,53.33397963646896,6.725143143783991,0.0
2023-02-10T22:45:00,60.455373335459015,6.542701613361157,0.0
2023-02-10T23:00:00,56.42432746450804,6.036394558498447,0.0
2023-02-10T23:15:00,58.10676145668812,4.244580825176783,0.0
2023-02-10T23:30:00,52.52211814646601,4.8736996160263075,0.0
2023-02-10T23:45:00,49.53025793824536,5.233300603257179,0.0
2023-02-11T00:00:00,52.61499508414363,6.251302383035452,0.0
2023-02-11T00:15:00,49.00780441632595,4.132266703736176,0.0
2023-02-11T00:30:00,47.12795377213517,4.705951457549436,0.0
2023-02-11T00:45:00,54.4029057440116,4.804565536957289,0.0
2023-02-11T01:00:00,47.87373407240537,3.5224511777695464,0.0
2023-02-11T01:15:00,46.156040567931065,4.682402597139948,0.0
2023-02-11T01:30:00,43.9496392383088,4.574127935211915,0.0
2023-02-11T01:45:00,52.19401864699607,4.614035255939295,0.0
2023-02-11T02:00:00,55.48109081594635,3.57810851009986,0.0
2023-02-11T02:15:00,49.73401692920473,5.390656866086891,0.0
2023-02-11T02:30:00,57.28885749549727,2.351279017841534,0.0
2023-02-11T02:45:00,41.72947487298536,5.0521553455960575,0.0
2023-02-11T03:00:00,52.196943684652254,3.683530787507171,0.0
2023-02-11T03:15:00,53.22895531989922,4.2684650924438365,0.0
2023-02-11T03:30:00,50.80614574021163,2.646524376064165,0.0
2023-02-11T03:45:00,67.4242467119401,3.8749943193931182,0.0
2023-02-11T04:00:00,56.285383018978976,4.5466505047786905,0.0
2023-02-11T04:15:00,55.731918520020585,2.1462918781542317,0.0
2023-02-11T04:30:00,59.092488102288506,3.208627821965599,0.0
2023-02-11T04:45:00,50.1734881837304,1.39274216142142,0.0
2023-02-11T05:00:00,57.640625653647795,3.5407458992929493,0.0
2023-02-11T05:15:00,67.63073958932723,3.1104054315733807,0.0
2023-02-11T05:30:00,60.861095563357885,3.9373435691345917,0.0
2023-02-11T05:45:00,61.163907783818566,7.327835811579535,0.0
2023-02-11T06:00:00,73.16397436499479,6.390394118526652,30.23676685753616
2023-02-11T06:15:00,76.58357365508557,3.519708871547693,63.20766803604568
2023-02-11T06:30:00,75.69410806416734,5.818401026395819,104.42095377604126
2023-02-11T06:45:00,73.98281743802838,6.380740987790364,156.0722576129026
2023-02-11T07:00:00,78.0953717588916,5.577334212144148,207.0552360820166
2023-02-11T07:15:00,78.15580711574204,6.43980676069328,257.2833794872107
2023-02-11T07:30:00,79.90275095237958,6.8951129120731975,311.6656878640719
2023-02-11T07:45:00,82.14033764962919,5.639983134167908,365.14222107723225
2023-02-11T08:00:00,86.51645520526333,6.330987674147465,407.75971168777625
2023-02-11T08:15:00,86.41233887706042,7.916986085192959,444.4561864156817
2023-02-11T08:30:00,85.46193656421748,8.231476673510194,487.00914320697655
2023-02-11T08:45:00,95.77194875380084,7.8142498080506115,568.4164297258484
2023-02-11T09:00:00,96.93145971062093,8.120855158994894,565.6854249492379
2023-02-11T09:15:00,105.02877904475108,9.21787082455839,601.4718459831818
2023-02-11T09:30:00,93.63060854081,10.584539405152322,634.6826722329881
2023-02-11T09:45:00,98.58443436425935,10.009287459998637,665.1756898420361
2023-02-11T10:00:00,98.49079821125214,12.090876400099512,711.6199994408875
2023-02-11T10:15:00,95.18491331181741,10.148047543005148,717.4981932261506
2023-02-11T10:30:00,99.42220649419512,11.404441694494102,768.6539168478946
2023-02-11T10:45:00,98.56251614170928,11.21466801105874,757.5441035960845
2023-02-11T11:00:00,95.07191818419186,12.503192245261848,794.9318223661894
2023-02-11T11:15:00,90.69410475072476,11.467064814741155,784.6282243225844
2023-02-11T11:30:00,88.53987854366412,14.495197626894818,793.1558890990483
2023-02-11T11:45:00,81.69264803651033,11.180693786373144,800.1080526574823
2023-02-11T12:00:00,82.58675728933433,14.873352225648269,809.6510933268979
2023-02-11T12:15:00,83.46348702768643,13.516258612831434,798.2871385908828
2023-02-11T12:30:00,80.82538459775182,14.227775922343064,799.0051981126641
2023-02-11T12:45:00,88.43167162392572,15.238573875755968,796.397943391589
2023-02-11T13:00:00,91.9180020531392,14.96904521672144,772.7406610312546
2023-02-11T13:15:00,81.01463661067916,13.566440860251808,757.5441035960846
2023-02-11T13:30:00,86.51114401137171,15.05859804917906,739.1036260090294
2023-02-11T13:45:00,79.383245315428,16.46428604845399,717.4981932261506
2023-02-11T14:00:00,82.41224340341576,13.823494544422326,700.957877597918
2023-02-11T14:15:00,79.79409053258482,16.9183714924621,665.1756898420364
2023-02-11T14:30:00,85.4928912312797,15.249602953060164,634.6826722329881
2023-02-11T14:45:00,78.25920146279144,14.4691570663601,601.4718459831819
2023-02-11T15:00:00,85.81678387468698,14.021941914240484,565.685424949238
2023-02-11T15:15:00,78.57465861611317,14.679097763872084,537.403291703706
2023-02-11T15:30:00,75.54355621462305,12.908622136021105,503.1230830440511
2023-02-11T15:45:00,71.46122453108902,14.384698512209333,444.4561864156817
2023-02-11T16:00:00,77.88236873389954,14.447859012727536,399.99999999999994
2023-02-11T16:15:00,79.93821199793372,13.522398426706953,360.8984126435852
2023-02-11T16:30:00,75.63662111240896,15.206353688820817,306.1467458920719
2023-02-11T16:45:00,84.23929382055815,14.077701460255481,272.80478978613365
2023-02-11T17:00:00,78.9416643468253,13.475589176940943,228.04156677926125
2023-02-11T17:15:00,68.98051379916028,13.578715037595467,156.0722576129029
2023-02-11T17:30:00,67.63673285778847,14.030458813911997,104.42095377604126
2023-02-11T17:45:00,70.27289236445242,13.499491354189596,52.32250338411449
2023-02-11T18:00:00,62.42625028029436,12.456896897880446,16.280505895222113
2023-02-11T18:15:00,73.09761801378313,12.996959663489596,0.0
2023-02-11T18:30:00,69.69611062377749,12.517123915334805,0.0
2023-02-11T18:45:00,69.73708578186923,11.10918847381754,0.0
2023-02-11T19:00:00,72.37473361922646,11.626726605341478,0.0
2023-02-11T19:15:00,77.93312772833566,12.148301710583633,0.0
2023-02-11T19:30:00,70.42405601385673,11.783470152935786,0.0
2023-02-11T19:45:00,69.10567062805437,10.613903758264314,0.0
2023-02-11T20:00:00,77.15032535580227,11.144918364249842,0.0
2023-02-11T20:15:00,74.20088658965572,9.105817733960889,0.0
2023-02-11T20:30:00,67.32510579466579,8.749400613975723,0.0
2023-02-11T20:45:00,68.32703504432367,9.056395110935917,0.0
2023-02-11T21:00:00,68.45111513838583,10.412797434935873,0.0
2023-02-11T21:15:00,68.26028767647531,8.686064150006086,0.0
2023-02-11T21:30:00,58.45516751623855,7.856708335862656,0.0
2023-02-11T21:45:00,56.13272388503338,9.288827367958616,0.0
2023-02-11T22:00:00,57.84926905348833,7.075378593030077,0.0
2023-02-11T22:15:00,55.755499241080834,9.221327744315763,0.0
2023-02-11T22:30:00,55.52623718013275,6.107847581037455,0.0
2023-02-11T22:45:00,59.982718238101505,5.249770428283431,0.0
2023-02-11T23:00:00,53.95318387501773,5.748869323996861,0.0
2023-02-11T23:15:00,53.72286508488547,5.33272563989411,0.0
2023-02-11T23:30:00,44.54821758127308,4.454942748447134,0.0
2023-02-11T23:45:00,46.30884958634676,7.561130486406762,0.0
2023-02-12T00:00:00,49.68072449705365,5.128719011078331,0.0
2023-02-12T00:15:00,49.76202001444139,5.005943859190086,0.0
2023-02-12T00:30:00,43.292669819913705,3.8307338215080344,0.0
2023-02-12T00:45:00,47.93704251216261,3.4862460718319643,0.0
2023-02-12T01:00:00,58.420158929959754,4.882139063403436,0.0
2023-02-12T01:15:00,47.71784395214915,1.9956549086064757,0.0
2023-02-12T01:30:00,44.80091080739149,2.3665914625342785,0.0
2023-02-12T01:45:00,47.93816941086489,3.1238438478141783,0.0
2023-02-12T02:00:00,49.88481365027484,4.608225478292269,0.0
2023-02-12T02:15:00,49.3592020388258,2.7935044750035107,0.0
2023-02-12T02:30:00,50.720595879122236,3.5202155194237004,0.0
2023-02-12T02:45:00,44.49040605406571,3.0933082703488384,0.0
2023-02-12T03:00:00,47.78914818916874,4.348991543329175,0.0
2023-02-12T03:15:00,52.81084370097059,1.4808565727478253,0.0
2023-02-12T03:30:00,53.742867758042856,3.840027165872282,0.0
2023-02-12T03:45:00,52.80208515363741,2.969122518230387,0.0
2023-02-12T04:00:00,55.85936825794727,4.182062366577365,0.0
2023-02-12T04:15:00,58.20373666102045,2.5518702473214177,0.0
2023-02-12T04:30:00,63.53783482365028,3.5338490051874856,0.0
2023-02-12T04:45:00,59.81958820613597,3.568989970283553,0.0
2023-02-12T05:00:00,63.56357131277031,2.8541452363653224,0.0
2023-02-12T05:15:00,60.13462824083728,2.783502443630132,0.0
2023-02-12T05:30:00,66.99439096192084,3.7122017267818133,0.0
2023-02-12T05:45:00,67.31502509178837,4.671625414513503,0.0
2023-02-12T06:00:00,71.07352120422856,4.053180218968589,22.35935282051489
2023-02-12T06:15:00,73.57769396845553,4.766584676764136,86.57461123999491
2023-02-12T06:30:00,76.18092382367402,3.514367201856472,104.42095377604126
2023-02-12T06:45:00,75.89440707083948,5.348661811791024,159.74740524871663
2023-02-12T07:00:00,80.64551322560223,7.076319777017374,211.35661953316702
2023-02-12T07:15:00,87.62219157178113,7.104181315048443,270.1390694302966
2023-02-12T07:30:00,81.7443337064155,6.669710599174685,316.89480760489874
2023-02-12T07:45:00,84.34847120359369,7.367749063587561,382.3310633811965
2023-02-12T08:00:00,90.64197423484785,6.671558464183085,399.99999999999994
2023-02-12T08:15:00,93.79043228771808,9.506629881586997,452.81660798014155
2023-02-12T08:30:00,89.28801966651987,10.337338483585963,496.7573633874612
2023-02-12T08:45:00,94.42921259387145,8.82513798571748,527.476652080055
2023-02-12T09:00:00,95.41657794091648,11.64341896645386,565.6854249492379
2023-02-12T09:15:00,85.5765046804988,8.764969534237885,601.4718459831818
2023-02-12T09:30:00,96.00242044219638,8.584811043643722,634.6826722329881
2023-02-12T09:45:00,96.44543225780734,9.51365130839502,698.7347980405107
2023-02-12T10:00:00,96.2538606066697,10.386157135932502,700.3261504241084
2023-02-12T10:15:00,103.66176249623808,13.2934364734143,717.4981932261506
2023-02-12T10:30:00,89.74963706380903,11.067674597176946,739.1036260090294
2023-02-12T10:45:00,90.69134735733931,10.846809458902353,769.356457240452
2023-02-12T11:00:00,80.50197372251417,11.15427427081493,786.6636449061275
2023-02-12T11:15:00,89.6958099509997,13.52617664055326,784.6282243225844
2023-02-12T11:30:00,88.47740132171346,13.702603452753728,805.2293987421605
2023-02-12T11:45:00,86.10962165473101,12.52332983463917,798.2871385908828
2023-02-12T12:00:00,92.28282288574826,11.419589701434496,821.3443055033632
2023-02-12T12:15:00,91.00470226478635,12.435178430556947,818.1408353062934
2023-02-12T12:30:00,86.96261703714218,15.534097009639321,793.1558890990484
2023-02-12T12:45:00,84.50707652869477,14.730358688757109,784.6282243225844
2023-02-12T13:00:00,91.19390105464514,14.314346928657304,813.3662954921251
2023-02-12T13:15:00,85.58424947905232,16.302802752739556,776.1880305966264
2023-02-12T13:30:00,81.1306766439629,16.554336598271604,739.1036260090294
2023-02-12T13:45:00,76.10064763156046,14.698374305401702,717.4981932261506
2023-02-12T14:00:00,81.85837179453982,14.83071632759511,696.9757643397535
2023-02-12T14:15:00,87.14704652024342,14.355398130699673,665.1756898420364
2023-02-12T14:30:00,93.99419644186962,14.716799011150094,634.6826722329881
2023-02-12T14:45:00,82.08928406885639,13.553561694023866,601.4718459831819
2023-02-12T15:00:00,77.05979423645888,13.562346754208306,565.685424949238
2023-02-12T15:15:00,74.00652644890977,13.317227800918086,550.007417715705
2023-02-12T15:30:00,81.67943925003188,16.085739305554675,523.7042679894868
2023-02-12T15:45:00,69.03276058680015,13.376042589899185,444.4561864156817
2023-02-12T16:00:00,79.4961616953539,16.798250386832933,399.99999999999994
2023-02-12T16:15:00,79.67876802402405,14.003936016163596,361.6078752748726
2023-02-12T16:30:00,76.57950210179558,16.333360232242622,338.77634818092633
2023-02-12T16:45:00,72.0749171346999,14.068915236723022,257.1515722425294
2023-02-12T17:00:00,74.74552035811396,12.682698782178521,224.0624139223011
2023-02-12T17:15:00,71.50093448429354,15.325329702273109,156.0722576129029
2023-02-12T17:30:00,65.46434082342753,15.214718799773003,104.84638113804371
2023-02-12T17:45:00,77.30456038480744,12.65772097499922,52.32250338411449
2023-02-12T18:00:00,64.98603929027688,12.963721550914203,0.2166412095850352
2023-02-12T18:15:00,71.27302798927691,12.103012084431802,0.0
2023-02-12T18:30:00,55.923126606987665,12.584775009986974,0.0
2023-02-12T18:45:00,74.96523564738789,12.493983675950835,0.0
2023-02-12T19:00:00,76.41187400955195,11.701350071276938,0.0
2023-02-12T19:15:00,69.59623725303022,9.887573876315521,0.0
2023-02-12T19:30:00,72.49122443251467,10.767954409492884,0.0
2023-02-12T19:45:00,72.59153839635579,11.68488868576538,0.0
2023-02-12T20:00:00,66.52089939689242,10.396747858411578,0.0
2023-02-12T20:15:00,72.22683604280341,9.895834434927433,0.0
2023-02-12T20:30:00,65.0149426531283,8.90511373868191,0.0
2023-02-12T20:45:00,65.38540818870861,8.83510053657561,0.0
2023-02-12T21:00:00,73.23701628066,10.461681236974327,0.0
2023-02-12T21:15:00,71.45260141285809,7.5205370982094015,0.0
2023-02-12T21:30:00,61.83437926626182,8.990399073757287,0.0
2023-02-12T21:45:00,60.30535521244265,7.929246419199122,0.0
2023-02-12T22:00:00,59.186326157118906,7.744629522898647,0.0
2023-02-12T22:15:00,64.37047929437166,6.39174005755878,0.0
2023-02-12T22:30:00,53.873523351849954,6.404855170153912,0.0
2023-02-12T22:45:00,58.72081822873791,6.393280808906403,0.0
2023-02-12T23:00:00,58.66015371571956,5.53206616578317,0.0
2023-02-12T23:15:00,52.4277548142757,6.050743836311305,0.0
2023-02-12T23:30:00,55.848143121715694,5.857603572463116,0.0
2023-02-12T23:45:00,47.22359975940919,7.269364863411875,0.0
2023-02-13T00:00:00,45.8012496672671,5.2275466077050785,0.0
2023-02-13T00:15:00,42.02711805180532,2.768715765069291,0.0
2023-02-13T00:30:00,52.12751718286149,5.594896304553261,0.0
2023-02-13T00:45:00,43.42221982927771,3.999308950010527,0.0
2023-02-13T01:00:00,49.3008702350306,6.007770205692214,0.0
2023-02-13T01:15:00,47.575344746704886,5.28168526877117,0.0
2023-02-13T01:30:00,43.12902170645262,3.143452686682706,0.0
2023-02-13T01:45:00,45.887557122466305,4.232319272362534,0.0
2023-02-13T02:00:00,56.464380791751566,2.8024871599796946,0.0
2023-02-13T02:15:00,51.249423139358164,3.309976409457304,0.0
2023-02-13T02:30:00,45.95770915957775,3.9193129115730834,0.0
2023-02-13T02:45:00,53.360372959400586,4.317843932076882,0.0
2023-02-13T03:00:00,51.99782189053299,4.087203094348233,0.0
2023-02-13T03:15:00,70.9538433814562,3.2798333579432,0.0
2023-02-13T03:30:00,56.12091829877362,5.726751997300347,0.0
2023-02-13T03:45:00,53.855998776512806,2.9422651765155208,0.0
2023-02-13T04:00:00,63.97066726117219,1.7892416760282848,0.0
2023-02-13T04:15:00,48.81957303139241,2.095717193282034,0.0
2023-02-13T04:30:00,59.688459806840356,5.122727800516616,0.0
2023-02-13T04:45:00,70.41388083957881,3.7341078964190575,0.0
2023-02-13T05:00:00,61.113150348387485,4.1549023408094525,0.0
2023-02-13T05:15:00,54.30221600867371,3.6606557117223844,0.0
2023-02-13T05:30:00,62.28041400578266,3.979174744415391,0.0
2023-02-13T05:45:00,72.83505529242899,3.8938625596388343,0.0
2023-02-13T06:00:00,68.75087565384054,5.420507391672796,0.0
2023-02-13T06:15:00,65.94220259257773,5.138542457324479,72.01628723403
2023-02-13T06:30:00,69.9371231572804,5.9744340692130695,123.69692982723046
2023-02-13T06:45:00,73.71408424228653,6.198014252661863,156.0722576129026
2023-02-13T07:00:00,81.35289799455708,5.766118531829096,207.0552360820166
2023-02-13T07:15:00,89.12171907812399,5.079534498845198,267.8403652962023
2023-02-13T07:30:00,90.39291310133254,5.350097075272096,325.7435415210316
2023-02-13T07:45:00,89.89666249153088,10.29001206533809,353.83095217520105
2023-02-13T08:00:00,83.20268492871584,9.117256439270179,405.6334174005911
2023-02-13T08:15:00,85.20046275033083,9.361637900256436,444.4561864156817
2023-02-13T08:30:00,96.20090375281593,7.734233305154787,487.00914320697655
2023-02-13T08:45:00,88.20176140518073,8.809088223844256,549.3497882379796
2023-02-13T09:00:00,94.8848281906246,8.376634473078822,625.8808276176252
2023-02-13T09:15:00,98.29974897335426,8.272333945676959,601.4718459831818
2023-02-13T09:30:00,91.53851189558395,9.386380898406602,634.6826722329881
2023-02-13T09:45:00,92.23680123416257,11.688724160988341,665.1756898420361
2023-02-13T10:00:00,96.71081148185293,11.585656903001087,694.141716788357
2023-02-13T10:15:00,99.22653404487923,10.150586055658941,717.4981932261506
2023-02-13T10:30:00,101.26231389232942,11.173281809495055,739.1036260090294
2023-02-13T10:45:00,97.97581887112236,12.594852578712581,757.5441035960845
2023-02-13T11:00:00,94.05732717297903,11.621025870274655,780.6522063557594
2023-02-13T11:15:00,88.49551099799238,12.605004908412337,784.6282243225844
2023-02-13T11:30:00,85.2271755970281,13.246413286579129,793.1558890990483
2023-02-13T11:45:00,86.23121357866378,13.539002707906535,798.2871385908828
2023-02-13T12:00:00,88.92020559713951,13.688783380271563,800.0
2023-02-13T12:15:00,88.51082467014547,13.049338936553346,798.2871385908828
2023-02-13T12:30:00,76.19991497108727,13.401142719690588,793.1558890990484
2023-02-13T12:45:00,82.55784813896378,13.047165087756639,797.5009443346593
2023-02-13T13:00:00,92.21158195604882,12.826813094666353,772.7406610312546
2023-02-13T13:15:00,86.2052055011595,14.458484972967893,757.5441035960846
2023-02-13T13:30:00,78.26307375694748,15.551534075116905,759.6025999903289
2023-02-13T13:45:00,96.5870884108812,13.49329564827868,725.8325896218521
2023-02-13T14:00:00,84.04632708635162,15.26052546732066,692.820323027551
2023-02-13T14:15:00,85.42158971485463,15.86134016126477,665.1756898420364
2023-02-13T14:30:00,84.73521825828705,13.30393266488351,634.6826722329881
2023-02-13T14:45:00,80.0693464910153,14.908569704757394,615.0099601647745
2023-02-13T15:00:00,77.37479488686066,16.838207465920366,565.685424949238
2023-02-13T15:15:00,90.66581889956775,15.731091822650987,527.4766520800551
2023-02-13T15:30:00,84.06178560049985,13.270209284642567,487.0091432069767
2023-02-13T15:45:00,82.0916183381721,15.735048410292986,444.4561864156817
2023-02-13T16:00:00,79.75197363082773,14.239815428968074,428.10792335914306
2023-02-13T16:15:00,70.69971452480829,15.564884972525386,367.0775533188714
2023-02-13T16:30:00,80.91184727823985,14.04519269392894,306.1467458920719
2023-02-13T16:45:00,69.08365368824117,14.520201270246158,260.98881066243626
2023-02-13T17:00:00,73.46334256504034,13.850606919605676,226.53759437896457
2023-02-13T17:15:00,62.57538458523641,14.183972662015771,157.18707786805473
2023-02-13T17:30:00,59.27675726340011,13.384837133298392,135.55603750940307
2023-02-13T17:45:00,69.77004627010511,13.47949786878138,110.67952022247061
2023-02-13T18:00:00,62.825031336262136,12.2590329442706,9.797174393178826e-14
2023-02-13T18:15:00,57.57452011444822,13.638731751476397,0.0
2023-02-13T18:30:00,70.84533701910883,13.019851048158243,0.0
2023-02-13T18:45:00,79.3093765726444,10.908886489475455,0.0
2023-02-13T19:00:00,76.14194806308657,13.18491392566392,0.0
2023-02-13T19:15:00,68.2865703749759,11.669441447121503,0.0
2023-02-13T19:30:00,69.86768727621782,11.649860255888441,0.0
2023-02-13T19:45:00,74.36358525614475,11.88519572931015,0.0
2023-02-13T20:00:00,75.47154882817779,11.073153778437103,0.0
2023-02-13T20:15:00,67.89963740538543,11.527742356019663,0.0
2023-02-13T20:30:00,69.35507506502115,9.681858896576891,0.0
2023-02-13T20:45:00,70.05835832466514,10.61884542706989,0.0
2023-02-13T21:00:00,70.49777364989988,9.314921883269314,0.0
2023-02-13T21:15:00,66.04002223320795,9.307211914587826,0.0
2023-02-13T21:30:00,64.89192203540428,8.812469284939587,0.0
2023-02-13T21:45:00,70.99849006262701,9.262185658674749,0.0
2023-02-13T22:00:00,68.58800416552891,8.360495368406163,0.0
2023-02-13T22:15:00,63.220425813131875,6.820414993333178,0.0
2023-02-13T22:30:00,67.5950840899238,6.254629627271607,0.0
2023-02-13T22:45:00,55.131117706333285,6.488510976553154,0.0
2023-02-13T23:00:00,63.16687838960221,5.431895824382744,0.0
2023-02-13T23:15:00,55.70765076732617,4.806383666018034,0.0
2023-02-13T23:30:00,67.27904673237123,3.4113762221116293,0.0
2023-02-13T23:45:00,42.908832456852984,3.686659617032869,0.0
2023-02-14T00:00:00,43.54785700942976,7.075748111081063,0.0
2023-02-14T00:15:00,49.13139394674714,4.165443342585183,0.0
2023-02-14T00:30:00,49.151856307935226,6.476322695162558,0.0
2023-02-14T00:45:00,57.129572583326954,4.747319364429131,0.0
2023-02-14T01:00:00,44.33419332823744,4.087071992746088,0.0
2023-02-14T01:15:00,52.58057327408378,2.451140871071461,0.0
2023-02-14T01:30:00,54.329307643700716,3.794374137597154,0.0
2023-02-14T01:45:00,52.58036760096594,5.543585427086421,0.0
2023-02-14T02:00:00,44.8690934852061,5.095064223371153,0.0
2023-02-14T02:15:00,57.40398505073656,3.7225094073670215,0.0
2023-02-14T02:30:00,57.27414112126883,2.235644902940946,0.0
2023-02-14T02:45:00,54.955709719888816,2.3886635524080524,0.0
2023-02-14T03:00:00,53.87418608283029,2.480390593696365,0.0
2023-02-14T03:15:00,54.93820701873695,4.623983825019905,0.0
2023-02-14T03:30:00,54.42567572914517,5.016033704954722,0.0
2023-02-14T03:45:00,59.08710428138764,3.644163589637028,0.0
2023-02-14T04:00:00,57.15025753524136,3.2343470438312614,0.0
2023-02-14T04:15:00,53.90618458937323,5.200112156779175,0.0
2023-02-14T04:30:00,54.097956399076715,2.81113170115615,0.0
2023-02-14T04:45:00,56.80561269619178,4.003569315493061,0.0
2023-02-14T05:00:00,62.92886358121332,4.599796013928324,0.0
2023-02-14T05:15:00,62.957997648017866,3.4813641560971544,0.0
2023-02-14T05:30:00,65.46077839255919,3.936948173950106,0.0
2023-02-14T05:45:00,68.19058635364416,4.108206013027359,0.0
2023-02-14T06:00:00,63.857978640932075,6.507068605957626,20.442565410525482
2023-02-14T06:15:00,77.58883958014685,7.2912748235455,52.32250338411445
2023-02-14T06:30:00,72.14883865621793,5.7952063932730615,104.42095377604126
2023-02-14T06:45:00,74.46950627240786,5.731342451928424,156.0722576129026
2023-02-14T07:00:00,82.08289535922916,5.7331413620955285,207.0552360820166
2023-02-14T07:15:00,73.37224299983515,6.680996609225147,257.15157224252926
2023-02-14T07:30:00,81.3021813870019,6.486660091461497,335.1854719046423
2023-02-14T07:45:00,92.64602117272419,7.307315402914635,353.83095217520105
2023-02-14T08:00:00,81.2978546819725,8.193300989477624,399.99999999999994
2023-02-14T08:15:00,97.55205190324361,7.7571275622016875,461.0475786527796
2023-02-14T08:30:00,101.21438207682259,8.360237221154419,487.00914320697655
2023-02-14T08:45:00,93.20589580400626,8.755109176635662,527.476652080055
2023-02-14T09:00:00,97.59578273137897,9.015419002362686,606.3335483213884
2023-02-14T09:15:00,102.4984877649583,9.283953335453473,609.0395938513923
2023-02-14T09:30:00,95.01659153045959,10.87833619334594,653.3687204536276
2023-02-14T09:45:00,101.82104610686758,8.732788340209153,675.0690841995205
2023-02-14T10:00:00,93.94972842731846,12.460176566705213,696.0542708595265
2023-02-14T10:15:00,94.44432673887286,11.397148692110791,742.7786914255931
2023-02-14T10:30:00,92.08209331691555,12.239100607265879,777.2105580983751
2023-02-14T10:45:00,96.77784329152341,12.711792361551709,757.5441035960845
2023-02-14T11:00:00,99.6029450591256,11.624923277058254,772.7406610312546
2023-02-14T11:15:00,91.4299757034716,11.752045279027197,784.6282243225844
2023-02-14T11:30:00,84.34952037496846,11.953281726487322,793.1558890990483
2023-02-14T11:45:00,83.49612050715524,13.04198929786065,817.9083511803516
2023-02-14T12:00:00,88.96758037736917,14.274827815759139,805.1377536503811
2023-02-14T12:15:00,96.17234380225989,13.260259256741865,836.7965958797384
2023-02-14T12:30:00,88.79210549456467,14.70103411901454,815.1612172849705
2023-02-14T12:45:00,84.67580612532483,11.953878892042898,811.9222730783608
2023-02-14T13:00:00,90.14401963054925,14.143567657820208,772.7406610312546
2023-02-14T13:15:00,84.73569268248485,15.881356253896518,757.5441035960846
2023-02-14T13:30:00,83.58074783392118,14.705288343123609,739.1036260090294
2023-02-14T13:45:00,80.13974257269392,14.185419577893292,743.9605692711597
2023-02-14T14:00:00,91.35733556743703,14.471694172685638,692.820323027551
2023-02-14T14:15:00,70.92793592908907,12.189671556439993,665.1756898420364
2023-02-14T14:30:00,86.85094607773752,14.269849634919765,634.6826722329881
2023-02-14T14:45:00,79.71265473110833,16.37737734903303,656.532390360757
2023-02-14T15:00:00,79.08501523698936,14.750379670192594,565.685424949238
2023-02-14T15:15:00,88.64307535310691,14.85559161451922,538.0744124112364
2023-02-14T15:30:00,75.59915638969063,12.94983941829528,487.0091432069767
2023-02-14T15:45:00,74.70564216076646,13.586856326395646,463.64135441408126
2023-02-14T16:00:00,76.34261207591882,16.318586573422987,399.99999999999994
2023-02-14T16:15:00,77.9095940039577,15.63185729472102,353.83095217520105
2023-02-14T16:30:00,72.43897300635392,13.578820600717114,306.1467458920719
2023-02-14T16:45:00,65.55407792390028,14.083646494711735,261.5290030126949
2023-02-14T17:00:00,67.84247326815807,14.499962516796673,207.05523608201682
2023-02-14T17:15:00,77.30305899316164,13.125672378747343,186.55221963481623
2023-02-14T17:30:00,69.97899106059506,12.088958595322636,114.48541786456975
2023-02-14T17:45:00,70.55808227363845,13.684810894523254,52.32250338411449
2023-02-14T18:00:00,65.68747723465128,14.14823168638135,19.952341541370114
2023-02-14T18:15:00,64.34692508834803,13.880914647419193,0.0
2023-02-14T18:30:00,76.65419235203031,13.860788396683297,0.0
2023-02-14T18:45:00,67.89206903041485,11.112846573426614,0.0
2023-02-14T19:00:00,67.10135297083042,12.390884346915763,0.0
2023-02-14T19:15:00,75.17792723136075,11.71826321417371,0.0
2023-02-14T19:30:00,66.33571454667596,11.541862345782173,0.0
2023-02-14T19:45:00,67.075472851635,11.049837595273658,0.0
2023-02-14T20:00:00,70.03619774736754,10.225448527096436,0.0
2023-02-14T20:15:00,69.74272211823462,7.485733914969991,0.0
2023-02-14T20:30:00,70.60629882419416,11.277968610979807,0.0
2023-02-14T20:45:00,79.13768533609968,10.055391377944773,0.0
2023-02-14T21:00:00,69.53368887854737,7.8486926495523175,0.0
2023-02-14T21:15:00,54.93919022779008,9.413695314700723,0.0
2023-02-14T21:30:00,67.2478985761856,8.102520476767046,0.0
2023-02-14T21:45:00,64.41278398458287,7.743468188574325,0.0
2023-02-14T22:00:00,62.88170637335158,7.01165356498467,0.0
2023-02-14T22:15:00,62.18716509121209,7.941276117922121,0.0
2023-02-14T22:30:00,58.98020289971496,6.237058271382089,0.0
2023-02-14T22:45:00,56.92434165046823,5.582415609684219,0.0
2023-02-14T23:00:00,58.24128779358904,7.464727247694819,0.0
2023-02-14T23:15:00,50.408725161955715,5.820679629204489,0.0
2023-02-14T23:30:00,46.3095400413822,5.532927473044295,0.0
2023-02-14T23:45:00,64.11420495215712,6.069371666765077,0.0
2023-02-15T00:00:00,43.53727900391158,4.565419480358341,0.0
2023-02-15T00:15:00,47.660102320346056,4.496454850803054,0.0
2023-02-15T00:30:00,39.8093677409647,5.021242096299227,0.0
2023-02-15T00:45:00,48.083202690010246,2.9454515920447646,0.0
2023-02-15T01:00:00,43.13192194358971,4.500593492385386,0.0
2023-02-15T01:15:00,45.96559891866558,3.3386989599463055,0.0
2023-02-15T01:30:00,53.864298901447626,4.787842265711232,0.0
2023-02-15T01:45:00,51.53915923405435,4.340729418203078,0.0
2023-02-15T02:00:00,52.63810577000307,4.094640267564423,0.0
2023-02-15T02:15:00,41.631149784807526,1.9839765373498637,0.0
2023-02-15T02:30:00,60.433975266138106,3.4235823049071206,0.0
2023-02-15T02:45:00,46.120363518528826,2.3112267684779058,0.0
2023-02-15T03:00:00,60.617234670556115,3.438782965346777,0.0
2023-02-15T03:15:00,59.0373692507238,1.173213652002444,0.0
2023-02-15T03:30:00,57.82800135156673,1.9861454317056986,0.0
2023-02-15T03:45:00,51.7302376578838,4.779968794744608,0.0
2023-02-15T04:00:00,57.87451544691536,4.049145086595954,0.0
2023-02-15T04:15:00,55.916185365213416,3.4402502438735025,0.0
2023-02-15T04:30:00,59.60809543304241,3.023626350569861,0.0
2023-02-15T04:45:00,59.43841562132672,3.01015650154058,0.0
2023-02-15T05:00:00,51.747132787905294,4.479650200705697,0.0
2023-02-15T05:15:00,68.82368053741811,4.143196884916186,0.0
2023-02-15T05:30:00,64.10050659566991,6.262174009893668,0.0
2023-02-15T05:45:00,63.384501640703704,4.77984430343959,0.0
2023-02-15T06:00:00,64.31493005866892,5.291726673449052,26.94136777884008
2023-02-15T06:15:00,72.17481957255524,4.131068509668019,52.32250338411445
2023-02-15T06:30:00,69.14059405228423,5.4623790690943395,105.15110923137463
2023-02-15T06:45:00,65.48274635624645,6.319216875274177,156.0722576129026
2023-02-15T07:00:00,81.82859614090955,6.102861157110617,211.84383749362792
2023-02-15T07:15:00,85.2722919537959,6.336286193435564,263.7405904246742
2023-02-15T07:30:00,84.3786774645296,7.5064558997485875,325.34350600009
2023-02-15T07:45:00,82.12312575561626,9.061833358065822,380.1007892521402
2023-02-15T08:00:00,90.55162498403075,8.067701968016506,413.7795432789152
2023-02-15T08:15:00,84.76350202931116,9.449291219700171,444.4561864156817
2023-02-15T08:30:00,88.6445292138899,9.314092092522275,487.00914320697655
2023-02-15T08:45:00,91.42166576290548,10.167581467610797,537.8770526941616
2023-02-15T09:00:00,100.47839720100649,8.865926944977165,595.6958471264621
2023-02-15T09:15:00,95.21198054081987,9.661138148720259,601.4718459831818
2023-02-15T09:30:00,95.23318836409618,10.05603045087945,634.6826722329881
2023-02-15T09:45:00,107.3776140335942,11.192466036984548,706.8708089761965
2023-02-15T10:00:00,99.18976784121666,11.820973961150791,702.6084140307798
2023-02-15T10:15:00,98.64929371021417,11.529339851254665,720.9210235471331
2023-02-15T10:30:00,94.35225486479783,12.648454039890206,739.1036260090294
2023-02-15T10:45:00,92.20473190966679,11.566047532656437,757.8684280539935
2023-02-15T11:00:00,83.00305054851337,13.361024421222929,786.4783442751657
2023-02-15T11:15:00,97.3162259759765,13.824877708627284,794.6886387336554
2023-02-15T11:30:00,93.06929765561365,13.80571178830079,793.1558890990483
2023-02-15T11:45:00,88.13580760482353,13.565891542405428,798.2871385908828
2023-02-15T12:00:00,86.43043271363648,14.431610887848054,800.0
2023-02-15T12:15:00,90.7544659988951,13.092681247959176,831.5703702488107
2023-02-15T12:30:00,79.1719130848947,14.434129174431423,811.0533686717706
2023-02-15T12:45:00,83.78286517311334,14.764975018964197,784.6282243225844
2023-02-15T13:00:00,80.75356843413647,13.34228362787895,772.7406610312546
2023-02-15T13:15:00,94.9127152251536,15.331467570459454,763.1004052407098
2023-02-15T13:30:00,89.97243453230999,13.770105337709708,739.1036260090294
2023-02-15T13:45:00,74.0405578477947,14.729309347385007,717.4981932261506
2023-02-15T14:00:00,76.86826616530665,15.310962785334512,692.820323027551
2023-02-15T14:15:00,83.08423010208124,14.62962216611038,665.1756898420364
2023-02-15T14:30:00,80.62143196828033,15.506870075186983,637.9360752841986
2023-02-15T14:45:00,75.53145133201285,15.529357398191644,601.4718459831819
2023-02-15T15:00:00,90.98251303480114,14.655465228964962,615.6157126696519
2023-02-15T15:15:00,81.86618209473203,16.030774866579755,539.3617207334114
2023-02-15T15:30:00,81.66587641730763,14.660159533260433,487.0091432069767
2023-02-15T15:45:00,74.76789613704872,17.64833292547788,444.4561864156817
2023-02-15T16:00:00,80.72793695870776,15.161723002727609,407.9634277731619
2023-02-15T16:15:00,74.06017622228772,13.985933500304405,353.83095217520105
2023-02-15T16:30:00,73.35351900158206,14.034582297177751,332.77624488216503
2023-02-15T16:45:00,76.60036532800729,16.004463782218235,262.7888490117282
2023-02-15T17:00:00,64.14795929956668,14.26264764131198,207.05523608201682
2023-02-15T17:15:00,79.00351196239524,13.100700734309108,156.0722576129029
2023-02-15T17:30:00,70.63903614083816,15.089479657198982,104.42095377604126
2023-02-15T17:45:00,74.82934985132275,13.571111825419585,61.16324215147927
2023-02-15T18:00:00,61.73946743972366,14.37170706656244,9.797174393178826e-14
2023-02-15T18:15:00,63.15057090137469,14.367287784580345,0.0
2023-02-15T18:30:00,62.578826946955466,13.402678981184673,0.0
2023-02-15T18:45:00,70.20649963129573,15.20497566212675,0.0
2023-02-15T19:00:00,69.77010183035857,10.75090437539058,0.0
2023-02-15T19:15:00,67.49713925572944,11.311428934366003,0.0
2023-02-15T19:30:00,64.99915332888777,11.515797457910386,0.0
2023-02-15T19:45:00,63.83811117415205,13.665457188750896,0.0
2023-02-15T20:00:00,69.86452777723105,12.826563609041141,0.0
2023-02-15T20:15:00,67.53542065215201,11.93487966781449,0.0
2023-02-15T20:30:00,66.00219007518805,9.464680080898203,0.0
2023-02-15T20:45:00,76.53677027208157,9.190550903934232,0.0
2023-02-15T21:00:00,67.56280220812313,8.64708683318335,0.0
2023-02-15T21:15:00,73.30165766347999,8.299801204902183,0.0
2023-02-15T21:30:00,63.0721258979156,10.185194322279468,0.0
2023-02-15T21:45:00,65.56924838342944,8.06133781283119,0.0
2023-02-15T22:00:00,62.509059122613884,7.8112344330647385,0.0
2023-02-15T22:15:00,52.591299948941895,8.321396863428266,0.0
2023-02-15T22:30:00,66.3872688217098,5.516018300099291,0.0
2023-02-15T22:45:00,56.633617032884366,6.874560548278936,0.0
2023-02-15T23:00:00,59.030140795201184,5.378775139650882,0.0
2023-02-15T23:15:00,49.4809684879217,5.847810549647874,0.0
2023-02-15T23:30:00,50.34573276398053,5.236657600312269,0.0
2023-02-15T23:45:00,44.78301884172967,4.881591231692133,0.0
2023-02-16T00:00:00,53.41643279677609,5.602889404204082,0.0
2023-02-16T00:15:00,48.83630865544043,5.3301228421356495,0.0
2023-02-16T00:30:00,49.24281078888736,4.640007653635607,0.0
2023-02-16T00:45:00,54.41165551041941,5.001814953792886,0.0
2023-02-16T01:00:00,53.69963034167288,3.5551813210568217,0.0
2023-02-16T01:15:00,52.12455047373844,4.9202977044603,0.0
2023-02-16T01:30:00,41.65021299754608,3.870472067391677,0.0
2023-02-16T01:45:00,45.82058995472194,3.454703945508472,0.0
2023-02-16T02:00:00,44.89649162721359,3.0296345151796116,0.0
2023-02-16T02:15:00,54.24471660503721,3.4938391417309385,0.0
2023-02-16T02:30:00,52.222633285884676,5.541918373220062,0.0
2023-02-16T02:45:00,45.24708206522661,3.5694809750827927,0.0
2023-02-16T03:00:00,52.150583694172035,2.4755447484735638,0.0
2023-02-16T03:15:00,46.57896240236386,4.551613811970428,0.0
2023-02-16T03:30:00,54.79542936243591,3.199350680582387,0.0
2023-02-16T03:45:00,47.84817320263116,4.0189956065500905,0.0
2023-02-16T04:00:00,59.88057784988219,3.2187327764560147,0.0
2023-02-16T04:15:00,60.28047970874946,5.219140823789539,0.0
2023-02-16T04:30:00,69.12251420239173,3.485911332903319,0.0
2023-02-16T04:45:00,65.04701752438261,5.636569813998409,0.0
2023-02-16T05:00:00,59.9454882017962,3.374535277381584,0.0
2023-02-16T05:15:00,67.42498440900899,4.338224225086252,0.0
2023-02-16T05:30:00,57.63759713383221,6.2598240287763725,0.0
2023-02-16T05:45:00,61.11601477995084,5.277083664524478,0.0
2023-02-16T06:00:00,68.90215304333468,7.648773539303351,0.0
2023-02-16T06:15:00,59.71114753712313,5.394732944778573,66.14976265961121
2023-02-16T06:30:00,73.54344597922855,6.224422563525352,140.60672264707307
2023-02-16T06:45:00,71.77718184816595,8.191676158548207,156.0722576129026
2023-02-16T07:00:00,80.41935656077587,5.106025067874734,207.0552360820166
2023-02-16T07:15:00,77.40796933391684,5.328466110121457,257.15157224252926
2023-02-16T07:30:00,87.61795143533509,6.528339513217056,307.85610242268166
2023-02-16T07:45:00,88.07915141004462,8.504684182271358,353.83095217520105
2023-02-16T08:00:00,97.22865102413236,6.4571828306699395,399.99999999999994
2023-02-16T08:15:00,92.2397107015286,9.046455409082252,444.4561864156817
2023-02-16T08:30:00,90.05734233266222,9.363497825785586,507.41294599632545
2023-02-16T08:45:00,94.06060032643124,11.241919742438103,553.1125328825225
2023-02-16T09:00:00,89.65739402160642,10.665433210129375,597.6832167083974
2023-02-16T09:15:00,99.17559572667302,10.376417297495635,605.9979347587692
2023-02-16T09:30:00,100.5416458146962,11.762238373090273,634.6826722329881
2023-02-16T09:45:00,110.07000580014343,11.32939415782864,665.1756898420361
2023-02-16T10:00:00,94.43814956239245,10.712792500604925,692.8203230275509
2023-02-16T10:15:00,95.73522244960549,10.403979299387112,717.4981932261506
2023-02-16T10:30:00,93.441840128792,11.34668327511446,744.208880220284
2023-02-16T10:45:00,96.36703291364817,12.233606551383893,768.3243345842249
2023-02-16T11:00:00,95.96340958113858,12.794966689966607,811.9081321457795
2023-02-16T11:15:00,92.32552325435753,10.818174084647858,784.6282243225844
2023-02-16T11:30:00,96.3792528713383,13.052956523745333,793.1558890990483
2023-02-16T11:45:00,86.06661421225809,13.60460494476686,798.2871385908828
2023-02-16T12:00:00,92.16731062241269,14.410126416616126,800.0
2023-02-16T12:15:00,89.8861081159366,15.757788011997215,798.2871385908828
2023-02-16T12:30:00,87.0051880109406,14.565721861809685,800.0308804485459
2023-02-16T12:45:00,85.27746278723802,13.699203082184557,784.6282243225844
2023-02-16T13:00:00,98.68829570239733,12.998021323722163,775.3550896877738
2023-02-16T13:15:00,82.08999971915084,15.688195691925515,770.5753689104741
2023-02-16T13:30:00,87.20369691802692,14.29413812020731,767.4983814136687
2023-02-16T13:45:00,81.42279986240223,16.168366038748985,723.7057102068694
2023-02-16T14:00:00,93.48505220175443,16.81292339451398,713.6827320379366
2023-02-16T14:15:00,88.29996427300605,13.960585201057212,665.1756898420364
2023-02-16T14:30:00,79.7117577945781,16.12251001161883,634.6826722329881
2023-02-16T14:45:00,84.83621149969481,16.899724234387968,628.4287868074947
2023-02-16T15:00:00,82.66705461307286,16.638987609897285,565.685424949238
2023-02-16T15:15:00,77.84023287508681,13.510722387138168,527.4766520800551
2023-02-16T15:30:00,83.2024900492744,14.71496540806616,509.578069341496
2023-02-16T15:45:00,80.2943719988732,14.224479461285963,444.4561864156817
2023-02-16T16:00:00,78.3149339523889,15.938975997498463,399.99999999999994
2023-02-16T16:15:00,75.87261563112752,15.714855685073134,353.83095217520105
2023-02-16T16:30:00,77.04538149325919,12.465333601744097,308.48978138901685
2023-02-16T16:45:00,74.81216799648466,14.700353112485292,278.87324908091426
2023-02-16T17:00:00,72.70828795013465,15.616820537664742,225.5398664484811
2023-02-16T17:15:00,67.93316724334387,14.756741949656398,156.3014024428821
2023-02-16T17:30:00,78.31579543117262,14.526335245864276,126.26872512585717
2023-02-16T17:45:00,63.29240325081925,13.765993442772157,59.158362650709215
2023-02-16T18:00:00,69.37462147735786,12.80364803066161,17.182403356416728
2023-02-16T18:15:00,66.28506697014987,13.558967351326933,0.0
2023-02-16T18:30:00,77.3059385623424,13.324610309904452,0.0
2023-02-16T18:45:00,64.5574727419937,13.568624203067571,0.0
2023-02-16T19:00:00,65.88374317210705,13.316448208912465,0.0
2023-02-16T19:15:00,65.08998219571758,12.35954184509425,0.0
2023-02-16T19:30:00,71.8066987082086,13.010957243392374,0.0
2023-02-16T19:45:00,63.42571338510443,11.173660408300202,0.0
2023-02-16T20:00:00,67.83417896593689,9.728837985352396,0.0
2023-02-16T20:15:00,59.221399595964954,11.26754388613198,0.0
2023-02-16T20:30:00,70.7522059677612,10.529484992326568,0.0
2023-02-16T20:45:00,66.42012270778359,10.509298575677725,0.0
2023-02-16T21:00:00,60.65402103956892,8.355496936334076,0.0
2023-02-16T21:15:00,72.49936416885703,11.01832559784719,0.0
2023-02-16T21:30:00,59.319926479545764,9.547293544960334,0.0
2023-02-16T21:45:00,68.44995957471859,8.161409461521107,0.0
2023-02-16T22:00:00,59.40110924409792,7.131580868037235,0.0
2023-02-16T22:15:00,69.20714254615102,8.768464903230283,0.0
2023-02-16T22:30:00,63.11320414516234,6.222077908362609,0.0
2023-02-16T22:45:00,52.38901987381768,9.227580968095065,0.0
2023-02-16T23:00:00,50.83251109612623,6.0067433447176715,0.0
2023-02-16T23:15:00,56.388612286492425,8.007032101105002,0.0
2023-02-16T23:30:00,49.9779381784699,5.782905925491965,0.0
2023-02-16T23:45:00,48.390442266381,7.2446201028368975,0.0
2023-02-17T00:00:00,53.715364538500346,4.788334732398696,0.0
2023-02-17T00:15:00,43.653547398018006,5.273641460017334,0.0
2023-02-17T00:30:00,47.981741863040924,5.810473214767653,0.0
2023-02-17T00:45:00,52.511603589836774,5.439103389225048,0.0
2023-02-17T01:00:00,52.08124114578649,5.67045333729575,0.0
2023-02-17T01:15:00,47.617504302134385,3.8971353623468032,0.0
2023-02-17T01:30:00,47.43205017515083,4.3073751041265895,0.0
2023-02-17T01:45:00,40.72263808638144,5.332651725371935,0.0
2023-02-17T02:00:00,44.7524371906251,3.2650334668911367,0.0
2023-02-17T02:15:00,52.31657411646262,4.453673305043518,0.0
2023-02-17T02:30:00,50.79769247910397,3.598014518323885,0.0
2023-02-17T02:45:00,52.69200947289144,3.9845644934954834,0.0
2023-02-17T03:00:00,58.40830265407921,3.8503941427589465,0.0
2023-02-17T03:15:00,48.2306383823271,2.990407236127914,0.0
2023-02-17T03:30:00,53.998040138302194,3.5564815659791886,0.0
2023-02-17T03:45:00,57.186320386303905,4.026064496001822,0.0
2023-02-17T04:00:00,53.83337054176727,3.8675649698979595,0.0
2023-02-17T04:15:00,65.6657819948969,5.656999099168104,0.0
2023-02-17T04:30:00,64.24343559040379,5.23252228809314,0.0
2023-02-17T04:45:00,62.37604755902041,4.674587975641865,0.0
2023-02-17T05:00:00,71.14894822423238,3.8065453209183637,0.0
2023-02-17T05:15:00,55.95788739126658,3.953003160631274,0.0
2023-02-17T05:30:00,64.70501497971041,6.979534919877498,0.0
2023-02-17T05:45:00,67.8777924897073,4.244919645398441,0.0
2023-02-17T06:00:00,62.781394995670254,5.637062857375738,0.0
2023-02-17T06:15:00,72.12369840663213,6.170717750092765,59.91843728682656
2023-02-17T06:30:00,68.3140672816393,5.801951700808868,120.8999387198556
2023-02-17T06:45:00,80.44901474681004,5.430218763649526,177.08942555121058
2023-02-17T07:00:00,85.31972497233481,5.980947287338012,224.56092537541207
2023-02-17T07:15:00,84.27604797647552,6.565606782726462,257.15157224252926
2023-02-17T07:30:00,76.35045151941513,6.760250463056181,311.6685651810659
2023-02-17T07:45:00,83.26627653255824,9.164927527706459,363.7683837230495
2023-02-17T08:00:00,93.16810130247224,8.203803662256744,399.99999999999994
2023-02-17T08:15:00,92.42976109526303,8.071500893100117,447.751228493776
2023-02-17T08:30:00,80.54827311568785,9.089644816891393,487.00914320697655
2023-02-17T08:45:00,101.62691137158959,10.041381056258555,527.476652080055
2023-02-17T09:00:00,97.17958838463996,9.421224220286918,573.1211710609996
2023-02-17T09:15:00,93.16726597982633,11.06024399690127,631.6226990701257
2023-02-17T09:30:00,102.6849024176339,9.27785430530825,657.7114644994249
2023-02-17T09:45:00,94.45405539882556,12.107689490557682,678.3928593967225
2023-02-17T10:00:00,94.22279877407412,11.309805857187403,694.4143238030464
2023-02-17T10:15:00,98.98368841973232,11.64646836641174,717.4981932261506
2023-02-17T10:30:00,105.34355489387528,11.368930196070183,739.1036260090294
2023-02-17T10:45:00,103.5421301445372,11.191725937145092,757.5441035960845
2023-02-17T11:00:00,95.97124424994176,11.099171990529108,772.7406610312546
2023-02-17T11:15:00,95.0220556174324,12.336488655512325,796.1234106333974
2023-02-17T11:30:00,95.02284779407799,14.006085720999176,812.0548445287649
2023-02-17T11:45:00,82.98432320086594,12.760640394640248,813.0186069814121
2023-02-17T12:00:00,90.57491191539977,12.460036427739473,823.653328761396
2023-02-17T12:15:00,83.64098135369427,13.367817460380575,799.7322896214124
2023-02-17T12:30:00,88.77545779109896,14.141130650587595,793.1558890990484
2023-02-17T12:45:00,85.83253769966778,14.409160377497416,784.6282243225844
2023-02-17T13:00:00,89.17872839099228,14.833103440808365,772.7406610312546
2023-02-17T13:15:00,86.88329014457426,16.179686721592507,770.7013034312065
2023-02-17T13:30:00,70.46660952575908,16.55837555950371,739.1036260090294
2023-02-17T13:45:00,86.18608361881951,17.452887208704453,717.4981932261506
2023-02-17T14:00:00,87.88544306682493,13.93649156738034,706.6927676209726
2023-02-17T14:15:00,86.21320421738302,14.794671688427545,665.1756898420364
2023-02-17T14:30:00,82.70830730442165,16.412998251647114,653.9622039494332
2023-02-17T14:45:00,90.60177483887142,15.298966250251093,601.4718459831819
2023-02-17T15:00:00,83.05317149897911,16.62663039619373,571.8164443080145
2023-02-17T15:15:00,82.72945303260676,15.960110895890946,527.4766520800551
2023-02-17T15:30:00,84.75185828006711,17.29371730462416,503.5559791354563
2023-02-17T15:45:00,80.27853988851489,16.69327172269657,444.4561864156817
2023-02-17T16:00:00,72.86408146256883,16.62241551063789,399.99999999999994
2023-02-17T16:15:00,64.00825696512177,15.035553094621436,368.8318398924238
2023-02-17T16:30:00,72.62223436685125,15.211660275443947,306.1467458920719
2023-02-17T16:45:00,77.58768716510866,14.841826917973272,257.1515722425294
2023-02-17T17:00:00,70.76506947460125,13.456104205401223,207.05523608201682
2023-02-17T17:15:00,75.26186853137106,16.226430855655305,174.32846520944761
2023-02-17T17:30:00,70.70833495364224,15.271351276935121,110.40527798424205
2023-02-17T17:45:00,75.10256316555363,13.931855647137425,57.13578514525536
2023-02-17T18:00:00,65.87808669403654,15.313077120923758,9.797174393178826e-14
2023-02-17T18:15:00,70.34207466117621,13.091551170197757,0.0
2023-02-17T18:30:00,71.15535738445342,11.580278031941546,0.0
2023-02-17T18:45:00,76.70062463794959,14.106635077355726,0.0
2023-02-17T19:00:00,61.14460279591805,11.487283693228502,0.0
2023-02-17T19:15:00,67.76476098594163,12.223800602034522,0.0
2023-02-17T19:30:00,74.5496838270788,12.268067561318798,0.0
2023-02-17T19:45:00,78.1381789285216,12.07994606290223,0.0
2023-02-17T20:00:00,71.54490884961683,12.16715925316342,0.0
2023-02-17T20:15:00,68.63743773480967,11.517237284708782,0.0
2023-02-17T20:30:00,73.4534208871737,11.098893606226836,0.0
2023-02-17T20:45:00,73.38244022440404,9.367510919668867,0.0
2023-02-17T21:00:00,66.41372621257236,10.060087483612156,0.0
2023-02-17T21:15:00,68.84058356155519,7.8678751809135345,0.0
2023-02-17T21:30:00,71.87862713021102,10.544824471477018,0.0
2023-02-17T21:45:00,74.03526593763051,7.1927371704295044,0.0
2023-02-17T22:00:00,66.73706800689413,7.866489816973031,0.0
2023-02-17T22:15:00,61.537709986682586,6.518332895498746,0.0
2023-02-17T22:30:00,59.2128054170228,6.739577046288309,0.0
2023-02-17T22:45:00,60.33397186083667,7.1255402004625426,0.0
2023-02-17T23:00:00,54.95728949146124,6.237085827828496,0.0
2023-02-17T23:15:00,54.426918602163546,7.576668786372508,0.0
2023-02-17T23:30:00,46.11817735604709,6.340176368254973,0.0
2023-02-17T23:45:00,55.84017063062435,5.346859306515492,0.0
2023-02-18T00:00:00,41.76879724122216,5.537067944385623,0.0
2023-02-18T00:15:00,45.35198360992842,6.621952173661027,0.0
2023-02-18T00:30:00,48.12878995374842,6.062041403016011,0.0
2023-02-18T00:45:00,57.80894966834414,3.7857019936482716,0.0
2023-02-18T01:00:00,46.03778942692256,4.036486424632718,0.0
2023-02-18T01:15:00,45.20103921726146,5.006843930967197,0.0
2023-02-18T01:30:00,46.23804564007085,4.723379952438275,0.0
2023-02-18T01:45:00,57.82675188436835,3.181328243109559,0.0
2023-02-18T02:00:00,36.087477833746675,4.866862193051169,0.0
2023-02-18T02:15:00,45.82663857017171,3.137704738873177,0.0
2023-02-18T02:30:00,65.2590976169386,5.268448167092434,0.0
2023-02-18T02:45:00,55.3873350948442,4.455586178296957,0.0
2023-02-18T03:00:00,47.797660506538506,2.7813661108332344,0.0
2023-02-18T03:15:00,54.073214664090315,3.3970603205839236,0.0
2023-02-18T03:30:00,55.63176512713045,3.4181607787074695,0.0
2023-02-18T03:45:00,60.58894244610154,4.188455600361904,0.0
2023-02-18T04:00:00,66.66723089107838,3.913758705732055,0.0
2023-02-18T04:15:00,60.5667054789816,3.0862208711265384,0.0
2023-02-18T04:30:00,57.11711071459895,2.9757542201886595,0.0
2023-02-18T04:45:00,64.97635378139334,5.081077446680687,0.0
2023-02-18T05:00:00,58.80207649060084,5.003375003336487,0.0
2023-02-18T05:15:00,58.40122695669784,5.030010444868716,0.0
2023-02-18T05:30:00,56.0596526727823,5.423902378692005,0.0
2023-02-18T05:45:00,58.33601631986068,4.783332569080057,0.0
2023-02-18T06:00:00,62.98749509634419,5.854642232134815,7.403620035114377
2023-02-18T06:15:00,64.84672750636483,8.49572123586281,52.32250338411445
2023-02-18T06:30:00,75.52871303477798,7.435289108173775,104.42095377604126
2023-02-18T06:45:00,71.1147696736443,6.291460712401506,165.58922903431085
2023-02-18T07:00:00,64.42777026889226,6.389918814377715,207.0552360820166
2023-02-18T07:15:00,77.81037274521226,4.399119022673382,276.6192785623364
2023-02-18T07:30:00,83.37069300345847,8.685884120273116,306.1467458920718
2023-02-18T07:45:00,85.18854734635428,8.771259123434799,353.83095217520105
2023-02-18T08:00:00,98.05772533027806,7.816548321587339,438.1211173151064
2023-02-18T08:15:00,89.37160572858116,7.3110409465050585,444.4561864156817
2023-02-18T08:30:00,98.53845416747198,7.974865964968919,487.00914320697655
2023-02-18T08:45:00,95.43339710116977,9.965269648577522,564.506329031313
2023-02-18T09:00:00,96.40033287233351,9.823949827816442,565.6854249492379
2023-02-18T09:15:00,93.20128850291206,10.997301354467094,628.4072593644618
2023-02-18T09:30:00,97.53176181922244,10.78289085316745,647.7321695210884
2023-02-18T09:45:00,94.13182547619869,12.05059132569221,665.1756898420361
2023-02-18T10:00:00,98.63073158069375,11.835779972486327,692.8203230275509
2023-02-18T10:15:00,96.1262276488694,12.670722733458607,717.4981932261506
2023-02-18T10:30:00,91.8307735790315,10.119707744747556,739.1036260090294
2023-02-18T10:45:00,100.49921660050146,11.332677132295503,762.1884737127084
2023-02-18T11:00:00,96.42243980285406,12.548938891591328,777.3739192251061
2023-02-18T11:15:00,90.58536429979526,14.326280744496811,833.9453994656624
2023-02-18T11:30:00,91.90836901615612,15.44638886159902,798.7750504220384
2023-02-18T11:45:00,88.96567961752858,13.70512966969249,810.8900450067597
2023-02-18T12:00:00,83.13176619064919,13.54435118471006,823.299263348198
2023-02-18T12:15:00,87.77938048684344,12.469360862095016,809.0971648214387
2023-02-18T12:30:00,84.19355933040488,15.536974367299532,793.1558890990484
2023-02-18T12:45:00,82.36075730692967,14.35191766009975,784.6282243225844
2023-02-18T13:00:00,78.6744007514143,18.067777653543743,772.7406610312546
2023-02-18T13:15:00,84.61528669917452,14.555123090640572,766.4283241788162
2023-02-18T13:30:00,88.7821648251099,17.56184285340734,739.1036260090294
2023-02-18T13:45:00,81.93387894072502,16.343238722037057,729.9969210367827
2023-02-18T14:00:00,97.39377241344418,14.680581119891999,692.820323027551
2023-02-18T14:15:00,88.52754139128012,16.030146032541925,668.1126590102092
2023-02-18T14:30:00,89.85843834609265,16.633340256272284,665.7240186611355
2023-02-18T14:45:00,86.48273208691388,15.675191908393993,601.4718459831819
2023-02-18T15:00:00,90.87618137538936,16.751273272031256,602.5454574885736
2023-02-18T15:15:00,76.72162726160423,16.716401260259236,530.7500810266337
2023-02-18T15:30:00,66.84126252884687,16.45829823031595,487.0091432069767
2023-02-18T15:45:00,76.35049749559317,15.781528875850833,446.788556461759
2023-02-18T16:00:00,80.26081375470324,14.53390542990724,399.99999999999994
2023-02-18T16:15:00,77.07307954008547,15.518085962974355,353.83095217520105
2023-02-18T16:30:00,76.50075257910628,15.632632420262519,323.75024305653494
2023-02-18T16:45:00,80.50306019637816,13.418476139637262,301.0058355214717
2023-02-18T17:00:00,74.55638965132847,15.278678300176932,216.66382148267022
2023-02-18T17:15:00,75.36609195524323,14.805306970484086,166.89867684003207
2023-02-18T17:30:00,65.38243101210278,13.376784532441413,104.42095377604126
2023-02-18T17:45:00,63.30081501548823,14.091323015661063,75.47828536072734
2023-02-18T18:00:00,75.54029049208799,13.844084901763942,9.797174393178826e-14
2023-02-18T18:15:00,68.6240588513988,15.799459985572788,0.0
2023-02-18T18:30:00,65.62533679187166,13.785977481708647,0.0
2023-02-18T18:45:00,66.20119345438374,14.282757210911168,0.0
2023-02-18T19:00:00,66.54772436672386,12.795475256988308,0.0
2023-02-18T19:15:00,66.62755790080392,10.693106185957879,0.0
2023-02-18T19:30:00,64.00691493444367,12.88173300449112,0.0
2023-02-18T19:45:00,63.02214516585152,11.183740623710385,0.0
2023-02-18T20:00:00,69.48508004546004,11.13060470210617,0.0
2023-02-18T20:15:00,67.25187985264081,10.030861244460256,0.0
2023-02-18T20:30:00,75.31917611834365,10.769215578720626,0.0
2023-02-18T20:45:00,70.61986076190591,11.370887698482267,0.0
2023-02-18T21:00:00,69.65417365362451,10.846028669953581,0.0
2023-02-18T21:15:00,63.588995610220906,11.107061293883262,0.0
2023-02-18T21:30:00,65.486399386577,10.858092866112756,0.0
2023-02-18T21:45:00,66.50352713674116,6.6968743991239625,0.0
2023-02-18T22:00:00,66.72057255660674,7.166755729934701,0.0
2023-02-18T22:15:00,60.963107018088486,6.176462191333434,0.0
2023-02-18T22:30:00,64.99435084115908,8.249120377678008,0.0
2023-02-18T22:45:00,57.70248626673397,6.566476636365796,0.0
2023-02-18T23:00:00,59.61543994377259,6.424110229635025,0.0
2023-02-18T23:15:00,51.14500571143155,6.363271731433889,0.0
2023-02-18T23:30:00,42.46016749318395,6.643292675517386,0.0
2023-02-18T23:45:00,50.81223023558687,4.471894622872086,0.0
2023-02-19T00:00:00,51.209678400518754,4.5607403486468545,0.0
2023-02-19T00:15:00,50.5026162790514,5.55250186005747,0.0
2023-02-19T00:30:00,49.865094164496625,6.5008703928072835,0.0
2023-02-19T00:45:00,46.22441764694608,5.04802942133387,0.0
2023-02-19T01:00:00,44.2308103017763,4.074432369311563,0.0
2023-02-19T01:15:00,51.40309684010242,2.5327993688664607,0.0
2023-02-19T01:30:00,51.237704515551265,5.471642888392786,0.0
2023-02-19T01:45:00,46.841107799912734,3.6447320720391136,0.0
2023-02-19T02:00:00,55.80967095505714,3.119252624914096,0.0
2023-02-19T02:15:00,46.53933826599672,2.462207589522064,0.0
2023-02-19T02:30:00,48.798374385005715,2.674474519015399,0.0
2023-02-19T02:45:00,60.72838799691441,3.1138767385147545,0.0
2023-02-19T03:00:00,57.78383214972424,3.8233957622060766,0.0
2023-02-19T03:15:00,52.60609525332914,2.8663492542079503,0.0
2023-02-19T03:30:00,56.844733052828964,4.299283367705002,0.0
2023-02-19T03:45:00,57.24561464701278,3.9310850760627427,0.0
2023-02-19T04:00:00,43.85498875989873,6.488681829850345,0.0
2023-02-19T04:15:00,54.20491453303869,2.6762206050369315,0.0
2023-02-19T04:30:00,59.67515635193742,4.68044673364489,0.0
2023-02-19T04:45:00,59.37121139592587,4.855013038245054,0.0
2023-02-19T05:00:00,63.64219000688732,3.835534671770447,0.0
2023-02-19T05:15:00,69.32866320920266,5.168679222032417,0.0
2023-02-19T05:30:00,63.36485531711495,6.071718823059531,0.0
2023-02-19T05:45:00,60.98672151956845,5.647697136084196,0.0
2023-02-19T06:00:00,69.20731637734086,7.204066696100781,0.0
2023-02-19T06:15:00,69.21589688485024,3.928481989704476,54.27548514270348
2023-02-19T06:30:00,73.29555010161494,5.567442511545183,104.42095377604126
2023-02-19T06:45:00,75.76624741481915,8.20387914751356,156.0722576129026
2023-02-19T07:00:00,91.46862798689098,7.974270831664078,207.0552360820166
2023-02-19T07:15:00,71.93974752098994,7.949024068352508,257.15157224252926
2023-02-19T07:30:00,83.9016589342224,8.999359310729147,331.65163643372125
2023-02-19T07:45:00,88.31068686529221,6.217049827879489,353.83095217520105
2023-02-19T08:00:00,86.6677266801383,9.304940890507924,413.35580359746984
2023-02-19T08:15:00,97.05178489348839,9.95607272872288,472.11242648339606
2023-02-19T08:30:00,98.31346245289426,8.620387178904183,487.00914320697655
2023-02-19T08:45:00,95.40287421495145,12.299062840910594,527.476652080055
2023-02-19T09:00:00,95.3718249317981,10.258593462462285,600.259260447432
2023-02-19T09:15:00,96.93174298381408,8.261894231272546,606.0513690861667
2023-02-19T09:30:00,97.4150790167073,11.22667364965429,642.1576690743667
2023-02-19T09:45:00,97.67877817787702,10.512926400507599,665.1756898420361
2023-02-19T10:00:00,96.95395170965696,12.78015404294487,706.5613396361957
2023-02-19T10:15:00,98.68305959276988,12.538825323610494,717.4981932261506
2023-02-19T10:30:00,100.4333107769489,11.760423020314576,739.1036260090294
2023-02-19T10:45:00,89.50178137182566,14.21842855797713,757.5441035960845
2023-02-19T11:00:00,89.14825511440125,14.001695804379539,772.7406610312546
2023-02-19T11:15:00,84.19642503090896,12.56774590883574,786.8730436080353
2023-02-19T11:30:00,95.62622799058762,13.562767991891704,793.1558890990483
2023-02-19T11:45:00,90.74974589881077,14.535236179764722,807.8497079047324
2023-02-19T12:00:00,90.10939566444948,13.94062192274689,800.8952684186759
2023-02-19T12:15:00,80.39274535774035,14.238883939426836,798.2871385908828
2023-02-19T12:30:00,96.33669592666251,14.859089568412124,793.1558890990484
2023-02-19T12:45:00,84.15450915212345,13.985263588178109,797.039478355206
2023-02-19T13:00:00,87.74260364612326,13.025631582529892,795.7005217475339
2023-02-19T13:15:00,90.7935839780796,15.682615809928395,757.5441035960846
2023-02-19T13:30:00,81.125749956031,13.616621744172761,739.1036260090294
2023-02-19T13:45:00,82.78889112287605,14.75078657222614,756.5178920321717
2023-02-19T14:00:00,85.79942503347877,14.086217097186065,692.820323027551
2023-02-19T14:15:00,98.49981570816007,14.298511733058307,667.0050685484758
2023-02-19T14:30:00,84.95574860487045,16.437268840762382,634.6826722329881
2023-02-19T14:45:00,90.65165998751876,15.827089872771776,605.7762505539896
2023-02-19T15:00:00,87.75355943447634,15.803844042932102,599.9873384800416
2023-02-19T15:15:00,82.6100245692596,14.73349625420784,532.5639574571939
2023-02-19T15:30:00,74.81230780680664,15.35506457780453,508.3084081897636
2023-02-19T15:45:00,83.99323079926883,16.323411340029796,445.0358635464082
2023-02-19T16:00:00,70.09250637654539,15.805712190828137,399.99999999999994
2023-02-19T16:15:00,84.43320750755112,16.566499336412846,353.83095217520105
2023-02-19T16:30:00,76.23675327317869,16.57061370559386,306.1467458920719
2023-02-19T16:45:00,60.760729654357974,15.191261089338147,261.5073039142631
2023-02-19T17:00:00,71.05690851167685,13.406147635186368,231.53301195501683
2023-02-19T17:15:00,74.7546036297229,14.294417273149284,159.29247645591937
2023-02-19T17:30:00,69.00846256398782,14.724675259274948,104.42095377604126
2023-02-19T17:45:00,72.46614972435636,13.796796291269978,52.32250338411449
2023-02-19T18:00:00,63.33293724622414,13.25026097418576,7.108917256903581
2023-02-19T18:15:00,61.7029765195455,14.088071673224128,0.0
2023-02-19T18:30:00,68.49759290168437,16.145116175185834,0.0
2023-02-19T18:45:00,69.57933146638896,12.907477834481465,0.0
2023-02-19T19:00:00,68.1647554274236,13.059438645908452,0.0
2023-02-19T19:15:00,76.42214594706417,11.403940762483247,0.0
2023-02-19T19:30:00,66.28495427958676,13.60174614763228,0.0
2023-02-19T19:45:00,72.20341242143587,12.86562433357062,0.0
2023-02-19T20:00:00,70.91328899737033,12.420892908481271,0.0
2023-02-19T20:15:00,62.54626665138246,12.592582241801743,0.0
2023-02-19T20:30:00,63.301565980604686,10.418060297025729,0.0
2023-02-19T20:45:00,69.32736978463456,10.152245453935464,0.0
2023-02-19T21:00:00,78.34692245448949,11.772123030286878,0.0
2023-02-19T21:15:00,70.31428391530729,10.302553825963928,0.0
2023-02-19T21:30:00,57.57670454757378,7.0598655237357555,0.0
2023-02-19T21:45:00,49.25941850080733,9.346523541940467,0.0
2023-02-19T22:00:00,66.91819903088535,7.927632167015508,0.0
2023-02-19T22:15:00,61.06483594385939,9.031779531237916,0.0
2023-02-19T22:30:00,65.41839899990995,8.174334373629863,0.0
2023-02-19T22:45:00,53.37228732645712,5.667969593063422,0.0
2023-02-19T23:00:00,57.51560404829689,7.331074668895704,0.0
2023-02-19T23:15:00,57.93847127733669,6.939450827534224,0.0
2023-02-19T23:30:00,49.39912834281483,6.773138410812693,0.0
2023-02-19T23:45:00,47.453344652159004,6.6816984597131235,0.0
2023-02-20T00:00:00,47.82046242433133,7.46598687154456,0.0
2023-02-20T00:15:00,50.45035153686895,6.115511743582548,0.0
2023-02-20T00:30:00,47.79358101880362,5.475440017569167,0.0
2023-02-20T00:45:00,52.9484243495722,6.371811479215066,0.0
2023-02-20T01:00:00,46.06595579672287,7.2592498997252495,0.0
2023-02-20T01:15:00,42.11356965162172,5.746495903814073,0.0
2023-02-20T01:30:00,59.10143445917954,4.8755905305824845,0.0
2023-02-20T01:45:00,46.73352475547338,4.963611371640399,0.0
2023-02-20T02:00:00,47.53142977456187,4.673150400505962,0.0
2023-02-20T02:15:00,50.73573941742755,4.346468331696059,0.0
2023-02-20T02:30:00,52.16298701128458,6.429163262105632,0.0
2023-02-20T02:45:00,50.72393390681842,3.4764546850940614,0.0
2023-02-20T03:00:00,53.46484316036338,5.367567427084814,0.0
2023-02-20T03:15:00,54.30842080969713,4.0996511167099206,0.0
2023-02-20T03:30:00,56.393016323769,2.7835732604605283,0.0
2023-02-20T03:45:00,44.79530631351076,4.139632172836225,0.0
2023-02-20T04:00:00,67.09852980387862,3.8703308073537896,0.0
2023-02-20T04:15:00,58.11193289678656,5.10865814028914,0.0
2023-02-20T04:30:00,62.94359271877251,4.760684626432965,0.0
2023-02-20T04:45:00,54.37485225510603,3.8093982859980153,0.0
2023-02-20T05:00:00,60.162766060542715,6.4875170896251975,0.0
2023-02-20T05:15:00,60.43076249691474,6.313977929502568,0.0
2023-02-20T05:30:00,72.43224324698107,7.0385970891911045,0.0
2023-02-20T05:45:00,63.457017650057104,5.938587418036367,0.0
2023-02-20T06:00:00,71.48454820353984,5.934287843442139,34.779537525879725
2023-02-20T06:15:00,67.70800147337704,6.960147190860322,52.32250338411445
2023-02-20T06:30:00,71.92386309150848,5.982618003868888,106.09861099916756
2023-02-20T06:45:00,76.10845536863486,7.009299755444338,156.0722576129026
2023-02-20T07:00:00,86.7897548050363,7.036983699520749,207.0552360820166
2023-02-20T07:15:00,73.80509571488284,6.097895140338187,257.15157224252926
2023-02-20T07:30:00,79.37610085756722,8.044016509490648,306.1467458920718
2023-02-20T07:45:00,78.70369634913885,7.843057915279842,353.83095217520105
2023-02-20T08:00:00,85.2470187267987,8.417195164208685,399.99999999999994
2023-02-20T08:15:00,88.60574566094019,9.405904612395299,444.4561864156817
2023-02-20T08:30:00,86.28585797289787,10.70203757950843,489.51861917526696
2023-02-20T08:45:00,92.08199875837455,8.971472732913279,527.476652080055
2023-02-20T09:00:00,86.76271148790325,9.876103383712758,565.6854249492379
2023-02-20T09:15:00,92.51267372018766,9.839997677863161,601.4718459831818
2023-02-20T09:30:00,104.05220446855111,10.165638164363433,644.0508724375231
2023-02-20T09:45:00,100.1996738539651,10.788634587289112,665.1756898420361
2023-02-20T10:00:00,98.94237576215735,11.569125586642045,703.0561669162671
2023-02-20T10:15:00,92.5180104224661,12.72717004753859,726.1517774244222
2023-02-20T10:30:00,89.09791584163972,12.82920795781749,739.1036260090294
2023-02-20T10:45:00,90.0683919162009,11.809536741072872,757.5441035960845
2023-02-20T11:00:00,94.29661566014067,14.506821922759267,789.2404826982078
2023-02-20T11:15:00,97.39098926101366,14.490495303436765,784.6282243225844
2023-02-20T11:30:00,95.91716825852998,12.964044522284736,793.1558890990483
2023-02-20T11:45:00,92.76228142932888,15.392847381362087,821.2919209505056
2023-02-20T12:00:00,84.00636394849965,14.782240698557674,800.0
2023-02-20T12:15:00,87.7740758956314,14.56724514079073,807.4703043069252
2023-02-20T12:30:00,85.91633284612935,15.330861685068838,793.1558890990484
2023-02-20T12:45:00,86.30390505943024,15.175708477031863,784.6282243225844
2023-02-20T13:00:00,97.19830427941982,15.953892676030152,781.6751953227325
2023-02-20T13:15:00,77.82274967372344,15.781213571169411,757.5441035960846
2023-02-20T13:30:00,84.99835483945381,15.418512741637631,739.1036260090294
2023-02-20T13:45:00,91.69034763547391,13.868415616651365,726.0848317698782
2023-02-20T14:00:00,77.68519886936048,16.53539909720845,697.337205211519
2023-02-20T14:15:00,81.10480338855903,15.723718002874763,665.1756898420364
2023-02-20T14:30:00,80.91602258682589,16.93927737673022,634.6826722329881
2023-02-20T14:45:00,81.61449580814899,16.681490200549455,614.0411436270668
2023-02-20T15:00:00,73.85649809453923,15.864997387686104,565.685424949238
2023-02-20T15:15:00,83.85749487253095,17.22280332935107,538.3835961126352
2023-02-20T15:30:00,83.20081326157953,16.366172428921548,494.6136059173269
2023-02-20T15:45:00,81.34742955432117,16.261016128639586,444.4561864156817
2023-02-20T16:00:00,73.34227989738396,15.870105869813383,421.45123485989296
2023-02-20T16:15:00,76.97247602715588,17.577798088052546,353.83095217520105
2023-02-20T16:30:00,70.85061571829573,15.042672064814177,329.95582537510995
2023-02-20T16:45:00,72.45995427104505,15.27122351057919,283.57742285348
2023-02-20T17:00:00,83.63786880674418,14.17147887646875,228.0575295718213
2023-02-20T17:15:00,72.07443159714323,15.928210349981892,156.0722576129029
2023-02-20T17:30:00,64.36703923330454,14.390632634231853,155.36253666340104
2023-02-20T17:45:00,69.90388755676182,14.253664861989657,55.35939256589936
2023-02-20T18:00:00,60.935168638522825,13.938365653804219,4.8211295769292875
2023-02-20T18:15:00,62.34892660496223,14.231458405504917,0.0
2023-02-20T18:30:00,63.76029442123219,12.614470588235292,0.0
2023-02-20T18:45:00,67.31104605301473,11.302837730857465,0.0
2023-02-20T19:00:00,74.70261234473499,13.670365636234886,0.0
2023-02-20T19:15:00,73.28877138799115,10.752836033952411,0.0
2023-02-20T19:30:00,73.26205798057244,13.362899977010033,0.0
2023-02-20T19:45:00,65.25405174087517,13.699826140196233,0.0
2023-02-20T20:00:00,67.97795754842771,11.601352065522207,0.0
2023-02-20T20:15:00,71.80094213053259,12.682696477659375,0.0
2023-02-20T20:30:00,66.86620715605893,10.971562332619206,0.0
2023-02-20T20:45:00,67.98707268593965,12.204321533300844,0.0
2023-02-20T21:00:00,70.75880610775816,9.756443746728904,0.0
2023-02-20T21:15:00,65.78516163386047,7.455361014030135,0.0
2023-02-20T21:30:00,67.44626680286082,9.349592701415302,0.0
2023-02-20T21:45:00,72.88659129055563,10.750082860156084,0.0
2023-02-20T22:00:00,62.50472725498221,9.194715634167409,0.0
2023-02-20T22:15:00,67.55368259115016,7.7687015784853015,0.0
2023-02-20T22:30:00,62.620009672948655,8.245462173936309,0.0
2023-02-20T22:45:00,50.55075714663425,8.53005429598066,0.0
2023-02-20T23:00:00,50.364946596740396,7.1270451599276425,0.0
2023-02-20T23:15:00,49.65071473090164,9.505630286066882,0.0
2023-02-20T23:30:00,47.47336213323707,6.042675068270306,0.0
2023-02-20T23:45:00,49.24341395683401,7.25909743028645,0.0
2023-02-21T00:00:00,50.87617875111687,6.883793840334006,0.0
2023-02-21T00:15:00,54.121572129459295,5.153631021399571,0.0
2023-02-21T00:30:00,49.51493672685696,5.179936981876408,0.0
2023-02-21T00:45:00,45.958855122377095,6.393778264635584,0.0
2023-02-21T01:00:00,38.07323576677702,5.313132755869102,0.0
2023-02-21T01:15:00,49.217303797892335,5.321332568502634,0.0
2023-02-21T01:30:00,49.454218828956975,3.185252742199415,0.0
2023-02-21T01:45:00,50.78014744774878,5.33891516916296,0.0
2023-02-21T02:00:00,61.01365192353565,4.85623917731965,0.0
2023-02-21T02:15:00,57.37654899562221,4.415875585910956,0.0
2023-02-21T02:30:00,55.861196296132974,4.776719985787706,0.0
2023-02-21T02:45:00,47.95577671077021,3.968126044415622,0.0
2023-02-21T03:00:00,51.09584914099308,3.772594787088018,0.0
2023-02-21T03:15:00,54.14181917406386,4.135458219900762,0.0
2023-02-21T03:30:00,51.75069431048157,3.951624944410333,0.0
2023-02-21T03:45:00,59.193876475241304,6.66031516959531,0.0
2023-02-21T04:00:00,59.58750275678628,5.480813062080672,0.0
2023-02-21T04:15:00,53.51564574105426,3.7144475900291574,0.0
2023-02-21T04:30:00,66.13337340888657,6.857516098164615,0.0
2023-02-21T04:45:00,61.885720873688825,4.5504042303390495,0.0
2023-02-21T05:00:00,53.98122187494609,5.197800235729145,0.0
2023-02-21T05:15:00,63.64443777866034,6.273096812087541,0.0
2023-02-21T05:30:00,66.59846694592125,3.6343887053264656,0.0
2023-02-21T05:45:00,71.3588577332836,5.61643259915666,0.0
2023-02-21T06:00:00,66.11557649507469,5.54852275288504,29.64441931586527
2023-02-21T06:15:00,75.20860531584742,6.613502479915214,52.32250338411445
2023-02-21T06:30:00,75.23147796549766,7.08197840018461,106.79084973931685
2023-02-21T06:45:00,70.86974339131878,6.953816527521528,156.20747884066972
2023-02-21T07:00:00,73.40350554534561,7.240849992792504,207.0552360820166
2023-02-21T07:15:00,88.97596860264854,8.77589652229293,257.15157224252926
2023-02-21T07:30:00,92.04314976771661,8.369882627114993,306.1467458920718
2023-02-21T07:45:00,90.16357857147993,8.477285509204465,357.32386866080856
2023-02-21T08:00:00,98.27187317337447,8.959453611816507,406.05162055676425
2023-02-21T08:15:00,98.05560540397714,11.029844356404942,449.5076434177466
2023-02-21T08:30:00,97.8852181326168,9.754014114635288,511.12889338511894
2023-02-21T08:45:00,91.30499028964793,9.45763001062493,527.476652080055
2023-02-21T09:00:00,105.60223788960042,8.455498202360433,565.6854249492379
2023-02-21T09:15:00,100.39293474193582,9.322978692317395,621.811147070939
2023-02-21T09:30:00,96.22971883781037,10.680628549212042,634.6826722329881
2023-02-21T09:45:00,94.94919371790148,11.426662379114115,665.1756898420361
2023-02-21T10:00:00,99.39776655073238,11.361790101976379,692.8203230275509
2023-02-21T10:15:00,89.28541802153777,12.644278059836273,717.4981932261506
2023-02-21T10:30:00,100.38551725549601,12.092089840653722,739.1036260090294
2023-02-21T10:45:00,91.10512846227054,12.10374016215007,757.5441035960845
2023-02-21T11:00:00,96.47451558061056,13.977141126328906,785.7272832768452
2023-02-21T11:15:00,90.5508139174579,15.06731318596712,784.6282243225844
2023-02-21T11:30:00,90.19204785109824,12.909898267277269,803.2460316691866
2023-02-21T11:45:00,85.93348049495528,14.564288045279715,798.2871385908828
2023-02-21T12:00:00,86.99681135480374,12.702133319936959,818.0569198156386
2023-02-21T12:15:00,97.2070347055666,13.400998005118195,798.2871385908828
2023-02-21T12:30:00,94.55715387342715,14.53585150474173,793.1558890990484
2023-02-21T12:45:00,89.19105889374966,16.48822539716396,790.9607001811104
2023-02-21T13:00:00,86.99500370866436,14.78194368397265,788.0883564118282
2023-02-21T13:15:00,90.9625670540743,14.929633265402073,757.5441035960846
2023-02-21T13:30:00,91.93040113147127,15.943861767933662,763.0877513571977
2023-02-21T13:45:00,81.59132143032387,16.083161679091976,717.4981932261506
2023-02-21T14:00:00,84.73627224823552,15.374920775951233,706.2348592848977
2023-02-21T14:15:00,75.32255960891827,18.235430540654114,700.0712086851794
2023-02-21T14:30:00,89.28553586783693,16.04780308609898,635.4172919204191
2023-02-21T14:45:00,93.16487594879158,16.46523581282119,601.4718459831819
2023-02-21T15:00:00,82.34550725755413,15.96271775326105,565.685424949238
2023-02-21T15:15:00,70.36482418819405,16.79162239255429,560.0425598190911
2023-02-21T15:30:00,83.02263967376733,17.54812401891847,495.06479468280025
2023-02-21T15:45:00,74.39391734035439,17.912872670345447,487.34023996005516
2023-02-21T16:00:00,74.48621130238546,15.397786573442023,405.58502775888036
2023-02-21T16:15:00,79.7816142640428,17.146873244243338,353.83095217520105
2023-02-21T16:30:00,76.72939778557317,16.45745530559023,306.1467458920719
2023-02-21T16:45:00,71.79120394007798,16.7202703496277,258.38371755238836
2023-02-21T17:00:00,69.73131124974985,15.468770440985327,207.05523608201682
2023-02-21T17:15:00,72.33394522713449,15.166274191504584,156.0722576129029
2023-02-21T17:30:00,68.36615459254695,16.0603319784329,104.42095377604126
2023-02-21T17:45:00,63.564835427295584,15.830228641901643,57.11829849249182
2023-02-21T18:00:00,66.14014260331595,16.172858541952664,38.8363644080291
2023-02-21T18:15:00,70.15075192568159,14.519119737022395,0.0
2023-02-21T18:30:00,68.18420300874637,13.91015123738906,0.0
2023-02-21T18:45:00,62.5738605646206,11.2380651090949,0.0
2023-02-21T19:00:00,75.07190071553504,11.753236752976157,0.0
2023-02-21T19:15:00,56.811533455058665,12.623977827102106,0.0
2023-02-21T19:30:00,68.52406580606201,11.559538953915816,0.0
2023-02-21T19:45:00,67.75649253792669,13.107264648223708,0.0
2023-02-21T20:00:00,71.53423395683141,10.607390600007665,0.0
2023-02-21T20:15:00,73.35805587699869,11.033734894717975,0.0
2023-02-21T20:30:00,75.75044136617456,10.685627951153315,0.0
2023-02-21T20:45:00,65.92569076255273,11.961659149751798,0.0
2023-02-21T21:00:00,71.59373457364421,9.756258541951848,0.0
2023-02-21T21:15:00,68.61692722114267,10.424490633638623,0.0
2023-02-21T21:30:00,57.867082223302965,9.7770462651739,0.0
2023-02-21T21:45:00,74.5344605294967,10.097243844322001,0.0
2023-02-21T22:00:00,56.27895585558457,9.66179807247285,0.0
2023-02-21T22:15:00,63.86329014597109,8.40242038628298,0.0
2023-02-21T22:30:00,61.881769299268974,6.372102184173775,0.0
2023-02-21T22:45:00,59.37396126758184,7.479024263011857,0.0
2023-02-21T23:00:00,53.511557574118356,7.344541646439339,0.0
2023-02-21T23:15:00,58.06376764382201,7.317085126006659,0.0
2023-02-21T23:30:00,44.05450959005388,5.974373571698361,0.0
2023-02-21T23:45:00,49.47452898586684,7.549323518779692,0.0
2023-02-22T00:00:00,45.09008318480548,6.288685313791601,0.0
2023-02-22T00:15:00,44.56578839246055,5.0861703899099036,0.0
2023-02-22T00:30:00,50.224298277359296,5.299358702106802,0.0
2023-02-22T00:45:00,53.68114367310158,7.457431562747451,0.0
2023-02-22T01:00:00,46.87466123260208,5.98593205283576,0.0
2023-02-22T01:15:00,52.87425942729455,6.184926688964167,0.0
2023-02-22T01:30:00,49.68056924456503,3.9328424178147596,0.0
2023-02-22T01:45:00,45.50834069072397,4.147296113441459,0.0
2023-02-22T02:00:00,49.299188025673686,4.0407293189802385,0.0
2023-02-22T02:15:00,49.78263486755879,4.817388637765133,0.0
2023-02-22T02:30:00,48.55909019921583,4.395035583267472,0.0
2023-02-22T02:45:00,55.015075061267396,4.041058631907252,0.0
2023-02-22T03:00:00,54.940551882360616,4.15363699009244,0.0
2023-02-22T03:15:00,46.769291774219305,3.7365178564892036,0.0
2023-02-22T03:30:00,47.47659801119657,4.389198127451621,0.0
2023-02-22T03:45:00,58.9214741732045,5.746210484010259,0.0
2023-02-22T04:00:00,53.8330244235951,3.2090122733117297,0.0
2023-02-22T04:15:00,60.57388853868936,5.18260523926049,0.0
2023-02-22T04:30:00,64.16044581081192,6.354522082407797,0.0
2023-02-22T04:45:00,55.125903074476746,4.953283034834196,0.0
2023-02-22T05:00:00,55.67538939263643,4.792678130743366,0.0
2023-02-22T05:15:00,72.37980853922167,6.4531203947312115,0.0
2023-02-22T05:30:00,67.05678663797904,4.773364663979638,0.0
2023-02-22T05:45:00,64.50519069959856,5.983976207783299,0.0
2023-02-22T06:00:00,63.23975430433646,5.235221795090882,8.321973517670662
2023-02-22T06:15:00,68.62320779093501,4.691530721971201,65.71827710193972
2023-02-22T06:30:00,68.44940440794005,6.713153743748774,112.39973245150428
2023-02-22T06:45:00,81.96857536381965,5.920890121211297,157.52410409776454
2023-02-22T07:00:00,76.7020817015866,7.506036069266726,212.83266153046804
2023-02-22T07:15:00,88.93734024984315,8.979004065662593,257.15157224252926
2023-02-22T07:30:00,84.16658233381773,10.075861395084978,306.1467458920718
2023-02-22T07:45:00,83.43877955822975,8.682599074720134,353.83095217520105
2023-02-22T08:00:00,88.76832968426534,9.984008143956368,420.63077506974093
2023-02-22T08:15:00,79.75822032812204,9.746127300605757,458.1209495353105
2023-02-22T08:30:00,93.96972965870818,9.351435815400526,500.61717020937397
2023-02-22T08:45:00,95.11744983452552,8.20051145328414,561.7464831953347
2023-02-22T09:00:00,101.17530592403857,12.144198909678012,565.6854249492379
2023-02-22T09:15:00,88.38640099783757,9.861023168695631,601.4718459831818
2023-02-22T09:30:00,104.07474257204623,12.683634647333971,634.6826722329881
2023-02-22T09:45:00,102.50003827627626,12.225056143954914,665.1756898420361
2023-02-22T10:00:00,104.48056351851643,11.094608067963659,692.8203230275509
2023-02-22T10:15:00,97.48360462256937,12.758341736233815,729.9202534055129
2023-02-22T10:30:00,102.0631331061055,14.946718238071764,739.1036260090294
2023-02-22T10:45:00,88.62326041806617,14.707091304773673,757.5441035960845
2023-02-22T11:00:00,98.29321091937182,13.004993526461446,772.7406610312546
2023-02-22T11:15:00,89.409599850609,13.139147222528825,784.6282243225844
2023-02-22T11:30:00,83.3636303094671,14.27048319396429,810.8689362549696
2023-02-22T11:45:00,84.20382532481881,14.308267744226471,799.4963646909127
2023-02-22T12:00:00,87.93711226071413,15.96008465535791,800.0
2023-02-22T12:15:00,83.74513899125182,15.768334563891562,817.7197987857444
2023-02-22T12:30:00,89.61872145352298,13.585585022814882,807.731716795824
2023-02-22T12:45:00,78.4839744006123,15.965199511835076,784.6282243225844
2023-02-22T13:00:00,76.59248537526983,15.534768044435157,777.7859939244553
2023-02-22T13:15:00,93.70999632818777,15.936051167820091,757.5441035960846
2023-02-22T13:30:00,90.90604786480068,16.309926791924273,739.1036260090294
2023-02-22T13:45:00,80.6004272186525,17.398016364843127,754.8884864524008
2023-02-22T14:00:00,85.21496642590385,17.291054503876325,695.3057507965867
2023-02-22T14:15:00,89.6363841146253,15.652675524327982,665.1756898420364
2023-02-22T14:30:00,85.87252641484551,16.40776378314909,636.3816967389006
2023-02-22T14:45:00,83.6873681980647,16.056338729170303,618.9566512397678
2023-02-22T15:00:00,87.52736259786171,14.835860613689293,565.685424949238
2023-02-22T15:15:00,77.44281049356304,16.395489614426424,527.4766520800551
2023-02-22T15:30:00,80.24057739106533,18.311130178397853,500.1425723699033
2023-02-22T15:45:00,78.93161803649785,14.690374871265531,444.4561864156817
2023-02-22T16:00:00,76.54564632921256,16.289199746670235,419.8154368181858
2023-02-22T16:15:00,74.80620281484404,16.14314921415685,353.83095217520105
2023-02-22T16:30:00,75.92746640401202,16.348719249427937,306.1467458920719
2023-02-22T16:45:00,74.51028335355865,14.936218074398093,257.1515722425294
2023-02-22T17:00:00,67.84369925694557,14.288748414502573,207.05523608201682
2023-02-22T17:15:00,75.82024255739259,14.12792659961654,182.02559478500194
2023-02-22T17:30:00,65.6380543731375,16.608760382674784,125.31011125273568
2023-02-22T17:45:00,68.12635192943476,14.046059453107901,75.34894937967658
2023-02-22T18:00:00,66.43305420396752,14.260785078062007,9.797174393178826e-14
2023-02-22T18:15:00,70.34980492956176,16.57841407180928,0.0
2023-02-22T18:30:00,58.58569869861788,13.436019499871763,0.0
2023-02-22T18:45:00,74.20245068736884,14.193527578664433,0.0
2023-02-22T19:00:00,66.84812392745654,14.5815182592214,0.0
2023-02-22T19:15:00,76.71190517052062,14.187158910889144,0.0
2023-02-22T19:30:00,68.47156501548342,11.482230819742753,0.0
2023-02-22T19:45:00,70.71976493888623,11.732990926713365,0.0
2023-02-22T20:00:00,80.46876782467648,12.372984829463006,0.0
2023-02-22T20:15:00,69.26955385087669,13.617265972075957,0.0
2023-02-22T20:30:00,76.41736480509668,10.539353077275006,0.0
2023-02-22T20:45:00,69.78943861399635,10.416512373865675,0.0
2023-02-22T21:00:00,70.84441509530427,10.937281003996898,0.0
2023-02-22T21:15:00,68.09412628565225,10.744946034563412,0.0
2023-02-22T21:30:00,70.77053528757972,10.41480343357832,0.0
2023-02-22T21:45:00,61.710599244920914,8.500808785664324,0.0
2023-02-22T22:00:00,58.65908693354966,8.432744175046366,0.0
2023-02-22T22:15:00,58.67942088939743,8.804570990578894,0.0
2023-02-22T22:30:00,60.537019516760715,9.483917301033637,0.0
2023-02-22T22:45:00,56.998181485044825,7.62549035916346,0.0
2023-02-22T23:00:00,59.64231442414229,7.495404682512073,0.0
2023-02-22T23:15:00,60.55766094408712,6.158356747338873,0.0
2023-02-22T23:30:00,47.08365333045434,8.728364840435814,0.0
2023-02-22T23:45:00,46.240427028026815,6.715894639137191,0.0
2023-02-23T00:00:00,40.83241379018249,7.507358166933143,0.0
2023-02-23T00:15:00,58.20829737077021,6.191102437689423,0.0
2023-02-23T00:30:00,49.7080611498797,5.997391097991688,0.0
2023-02-23T00:45:00,50.79691687394004,4.183117509828353,0.0
2023-02-23T01:00:00,41.99405243081016,3.325329782096488,0.0
2023-02-23T01:15:00,49.06915834681028,6.542912837135516,0.0
2023-02-23T01:30:00,52.082260153586454,5.207025093690387,0.0
2023-02-23T01:45:00,48.81236759842088,5.197091420511671,0.0
2023-02-23T02:00:00,56.07163093018997,3.6276353645608665,0.0
2023-02-23T02:15:00,62.94337426391001,3.884468214282681,0.0
2023-02-23T02:30:00,47.4112299404523,5.7858769073878085,0.0
2023-02-23T02:45:00,47.86637850228374,6.425234305905503,0.0
2023-02-23T03:00:00,49.48269493037293,4.050970060723135,0.0
2023-02-23T03:15:00,62.85769037982784,5.356573823427122,0.0
2023-02-23T03:30:00,61.05015888672077,4.91359983893443,0.0
2023-02-23T03:45:00,56.22456713238648,4.667003451998578,0.0
2023-02-23T04:00:00,58.19640920375114,6.728648136939596,0.0
2023-02-23T04:15:00,55.085118946383126,4.537461651502301,0.0
2023-02-23T04:30:00,64.81007802316088,6.369679516445453,0.0
2023-02-23T04:45:00,59.68531245514077,5.672430942341605,0.0
2023-02-23T05:00:00,61.536847282421355,5.459202329424236,0.0
2023-02-23T05:15:00,67.15575329907048,7.055443573713494,0.0
2023-02-23T05:30:00,64.46311234692963,6.202258531171304,0.0
2023-02-23T05:45:00,65.53071832965468,6.064777699709543,0.0
2023-02-23T06:00:00,68.06648690939215,7.8090455603584354,0.0
2023-02-23T06:15:00,75.25634341861578,7.965431437667165,64.35923022678773
2023-02-23T06:30:00,82.73888578010477,8.221638821597239,109.73209938623671
2023-02-23T06:45:00,80.58309996877611,3.45101833475841,156.0722576129026
2023-02-23T07:00:00,84.70656290191853,8.112420700234098,232.21721605640076
2023-02-23T07:15:00,82.57455131243519,8.23062912625165,271.3753281560071
2023-02-23T07:30:00,82.7348919310032,8.341280226219663,306.1467458920718
2023-02-23T07:45:00,92.0296159516709,9.353386916649395,375.90282771996266
2023-02-23T08:00:00,91.8601960615162,9.379886676385091,399.99999999999994
2023-02-23T08:15:00,85.87006528605937,10.1795095597261,444.4561864156817
2023-02-23T08:30:00,93.03737873912922,9.621125113420383,487.00914320697655
2023-02-23T08:45:00,95.65771498694754,11.778005929291322,542.5028918604548
2023-02-23T09:00:00,94.60345717033533,11.451188266268513,565.6854249492379
2023-02-23T09:15:00,105.3307579246441,11.607189440391384,616.6415083224026
2023-02-23T09:30:00,100.76876026641858,11.949106461522861,646.5718750847689
2023-02-23T09:45:00,105.36707070491022,13.00006731408602,665.1756898420361
2023-02-23T10:00:00,99.64162632246291,13.2468461320463,729.4146748566769
2023-02-23T10:15:00,98.25830499889445,12.48810881276837,717.4981932261506
2023-02-23T10:30:00,92.41481416171948,13.95865504950952,739.1036260090294
2023-02-23T10:45:00,96.14328257276253,13.500028455851739,774.6660863294583
2023-02-23T11:00:00,94.89739703590534,15.589170865996016,772.7406610312546
2023-02-23T11:15:00,86.53399855511655,15.103393283660266,814.4645608491971
2023-02-23T11:30:00,89.02715643690881,13.699203329986318,795.1909666295757
2023-02-23T11:45:00,88.3122692372378,16.959029654546363,798.2871385908828
2023-02-23T12:00:00,90.08100860202538,12.812844925625141,800.0
2023-02-23T12:15:00,90.27753990644737,15.820637660038592,798.2871385908828
2023-02-23T12:30:00,84.93591569939696,14.736116786797812,800.8135481531193
2023-02-23T12:45:00,89.9736645025208,17.543242041983977,784.6282243225844
2023-02-23T13:00:00,86.42173276078555,16.121202562497604,782.7824416451735
2023-02-23T13:15:00,72.60411334737411,15.259685058604695,757.5441035960846
2023-02-23T13:30:00,84.0676913722148,15.949026557343824,739.1036260090294
2023-02-23T13:45:00,91.34600891311243,15.63989339280073,727.6851125633825
2023-02-23T14:00:00,76.92509017429715,16.162022053660017,705.2905496201129
2023-02-23T14:15:00,85.20645912987538,16.228308141025565,688.0917472829454
2023-02-23T14:30:00,91.8069837584979,15.869757374037494,634.6826722329881
2023-02-23T14:45:00,79.24734226627392,16.92946142550993,601.4718459831819
2023-02-23T15:00:00,82.16649190761615,17.06346823790242,565.685424949238
2023-02-23T15:15:00,74.68044589760855,15.66309122265134,530.736401590991
2023-02-23T15:30:00,88.32499517023905,14.962644479694552,487.0091432069767
2023-02-23T15:45:00,78.70835240715574,16.86791220906464,444.4561864156817
2023-02-23T16:00:00,78.24674509571686,16.99971958334963,399.99999999999994
2023-02-23T16:15:00,83.63088701365491,17.084041613427555,359.69817105574526
2023-02-23T16:30:00,78.97467150227598,16.766695651157534,306.2058452367635
2023-02-23T16:45:00,70.06425652532631,17.626197299428807,267.27760435790384
2023-02-23T17:00:00,69.95360216336061,16.86546438413358,207.05523608201682
2023-02-23T17:15:00,74.39007384468584,18.340889944726534,156.0722576129029
2023-02-23T17:30:00,67.5035294508331,18.53301131307604,108.24661172119072
2023-02-23T17:45:00,58.735456905747,13.425180331724837,52.32250338411449
2023-02-23T18:00:00,67.74740688855138,12.717746130379126,11.383156315587167
2023-02-23T18:15:00,61.26237787482063,14.620927667249386,0.0
2023-02-23T18:30:00,77.36678148170218,14.829045078428333,0.0
2023-02-23T18:45:00,70.73599411571631,13.929780463607578,0.0
2023-02-23T19:00:00,65.81135469597848,14.375824520553447,0.0
2023-02-23T19:15:00,67.22308093750209,13.05573414041132,0.0
2023-02-23T19:30:00,61.51955601287358,12.274393905272103,0.0
2023-02-23T19:45:00,65.57082774783277,12.057990006463612,0.0
2023-02-23T20:00:00,76.08560795121684,12.024989976046609,0.0
2023-02-23T20:15:00,81.91932993648598,12.686298350652608,0.0
2023-02-23T20:30:00,73.95925226190317,10.968660531150167,0.0
2023-02-23T20:45:00,69.2381548072474,10.775694146959841,0.0
2023-02-23T21:00:00,66.71167837974623,11.24246091854004,0.0
2023-02-23T21:15:00,63.06600858489257,10.08102890156964,0.0
2023-02-23T21:30:00,76.9342609669568,11.005797471820767,0.0
2023-02-23T21:45:00,64.2986681140433,8.582195910163856,0.0
2023-02-23T22:00:00,74.2616330131371,7.982966047415077,0.0
2023-02-23T22:15:00,68.94405370351183,9.04823631669506,0.0
2023-02-23T22:30:00,51.43863979258788,8.780431942569946,0.0
2023-02-23T22:45:00,54.876667748179,7.153552439098268,0.0
2023-02-23T23:00:00,52.849868735096294,9.015839475823112,0.0
2023-02-23T23:15:00,53.738924938629815,9.263759486148302,0.0
2023-02-23T23:30:00,51.765428065239604,6.3918212876026494,0.0
2023-02-23T23:45:00,64.99552077726618,8.203469856626464,0.0
2023-02-24T00:00:00,42.72925121769981,4.203291114756824,0.0
2023-02-24T00:15:00,49.303061803623486,7.393137395720992,0.0
2023-02-24T00:30:00,51.36903207493642,5.210181161001003,0.0
2023-02-24T00:45:00,48.49182495966302,6.815318982033698,0.0
2023-02-24T01:00:00,49.34777695319904,4.6706355652135345,0.0
2023-02-24T01:15:00,43.952743528638564,5.378339990053906,0.0
2023-02-24T01:30:00,50.170230912861285,4.474671182267272,0.0
2023-02-24T01:45:00,52.7349307402917,4.932602499124117,0.0
2023-02-24T02:00:00,52.43288543574048,6.8624330450728666,0.0
2023-02-24T02:15:00,54.33700286358316,4.835414494864043,0.0
2023-02-24T02:30:00,59.31136328743006,6.989696429559805,0.0
2023-02-24T02:45:00,57.76342715006577,4.455097873352375,0.0
2023-02-24T03:00:00,54.329728033829845,6.319828677683634,0.0
2023-02-24T03:15:00,49.06968252865584,3.2152178279324084,0.0
2023-02-24T03:30:00,52.9401356363436,4.592885750255778,0.0
2023-02-24T03:45:00,55.90583017009449,4.407242306132092,0.0
2023-02-24T04:00:00,59.37711974678085,6.570214616939563,0.0
2023-02-24T04:15:00,56.8779529781966,5.331731982942272,0.0
2023-02-24T04:30:00,55.783055946850055,3.1967036091616166,0.0
2023-02-24T04:45:00,55.745607838408695,4.136697869957139,0.0
2023-02-24T05:00:00,54.68312089274554,4.619249301790799,0.0
2023-02-24T05:15:00,63.038830630878195,6.773296594173729,0.0
2023-02-24T05:30:00,58.15653953532106,6.872951415785696,0.0
2023-02-24T05:45:00,61.80469958468379,6.0166256960418485,0.0
2023-02-24T06:00:00,66.14588122585211,6.036913493139974,3.8164254372984994
2023-02-24T06:15:00,64.70175951102009,7.588377324126472,56.55134500481905
2023-02-24T06:30:00,76.50696105350593,6.045972307392547,104.42095377604126
2023-02-24T06:45:00,81.45856383390098,7.952311553709571,172.16421885412564
2023-02-24T07:00:00,78.04463639324705,8.200581970747065,207.37771020854322
2023-02-24T07:15:00,81.49046479321764,7.89974223949606,264.3044005127015
2023-02-24T07:30:00,89.06280980586902,8.929641344732008,321.04327258944227
2023-02-24T07:45:00,85.29148901264877,9.001521535132548,353.83095217520105
2023-02-24T08:00:00,87.19210208885372,9.772569198018248,425.1781137863163
2023-02-24T08:15:00,99.06748062906642,8.323419733299968,444.4561864156817
2023-02-24T08:30:00,99.20044525814798,10.659408801085226,517.2600877383153
2023-02-24T08:45:00,99.18172982440174,11.462246527998245,527.476652080055
2023-02-24T09:00:00,101.88574932077503,11.149015394441276,594.4503570878558
2023-02-24T09:15:00,88.1374660334235,11.82169860024919,601.4718459831818
2023-02-24T09:30:00,105.24052252419986,11.501301809787378,685.6582979650999
2023-02-24T09:45:00,100.56328640671254,12.889938472236645,665.1756898420361
2023-02-24T10:00:00,103.48018664255764,12.44622537247181,713.9520574366587
2023-02-24T10:15:00,99.8889544206777,11.60875948324119,717.4981932261506
2023-02-24T10:30:00,97.44420708149833,13.944380722950632,753.4040736823604
2023-02-24T10:45:00,94.80886855329626,11.847649867683067,757.5441035960845
2023-02-24T11:00:00,96.76962900028602,14.110843718165215,772.7406610312546
2023-02-24T11:15:00,91.9126081390918,13.777262521947465,784.6282243225844
2023-02-24T11:30:00,96.16595399441319,14.032506798224444,843.3075550229062
2023-02-24T11:45:00,82.09817871538546,14.956127614403451,799.7476231031831
2023-02-24T12:00:00,85.40751128110223,14.361416470178124,800.0
2023-02-24T12:15:00,98.2966852972289,15.851308832878528,804.339310720181
2023-02-24T12:30:00,84.81388549968786,15.644980648246245,806.9476222296449
2023-02-24T12:45:00,86.53767758282085,15.199587696279906,784.6282243225844
2023-02-24T13:00:00,83.02100244910459,17.36239596662978,772.7406610312546
2023-02-24T13:15:00,88.73322154440484,16.41408303337246,757.5441035960846
2023-02-24T13:30:00,82.91165678958836,17.002142102369035,763.1555106242729
2023-02-24T13:45:00,85.12479074669213,17.926233480341885,719.4973956226112
2023-02-24T14:00:00,89.68023134593773,18.02379746740561,722.0848291144007
2023-02-24T14:15:00,81.25096574205045,17.292561110152405,687.8000732926412
2023-02-24T14:30:00,87.92551299222441,16.47407494110989,634.6826722329881
2023-02-24T14:45:00,87.26333331745494,15.385513725771244,601.4718459831819
2023-02-24T15:00:00,87.53230668740103,17.034754674356577,565.685424949238
2023-02-24T15:15:00,82.0050118666652,17.90980182912584,538.0063000879555
2023-02-24T15:30:00,96.49691455513195,17.13104796151298,488.2070127345661
2023-02-24T15:45:00,84.49946373317606,13.268191606528319,457.1446830495076
2023-02-24T16:00:00,79.73977871210775,17.493681086437707,417.26839952299434
2023-02-24T16:15:00,72.58154232404497,17.441143905623207,364.44812324351875
2023-02-24T16:30:00,75.2837636080047,16.07011897521824,306.1467458920719
2023-02-24T16:45:00,81.67581478063703,17.197662098326482,267.54924174236965
2023-02-24T17:00:00,81.83944457025538,16.65218181097684,251.7649207125956
2023-02-24T17:15:00,79.40884253259732,15.131374855410076,156.0722576129029
2023-02-24T17:30:00,74.65187596812274,16.85948513184193,114.16670311387045
2023-02-24T17:45:00,63.14515214319861,14.071625895644582,88.96256908522915
2023-02-24T18:00:00,70.55119967920197,15.013459989957182,9.797174393178826e-14
2023-02-24T18:15:00,62.55820899850654,14.62713655170516,0.0
2023-02-24T18:30:00,61.9497964553066,13.655194395740377,0.0
2023-02-24T18:45:00,71.14962905811359,14.46527923964341,0.0
2023-02-24T19:00:00,73.05500692437194,15.13843287344989,0.0
2023-02-24T19:15:00,75.33490821154523,14.729537987052227,0.0
2023-02-24T19:30:00,73.5540048625005,13.847828782809287,0.0
2023-02-24T19:45:00,73.82784681877587,11.060778258815507,0.0
2023-02-24T20:00:00,66.18250872187832,11.045025943614839,0.0
2023-02-24T20:15:00,70.33729549392753,12.164775025732371,0.0
2023-02-24T20:30:00,62.89346547606279,11.5769860861136,0.0
2023-02-24T20:45:00,59.783301561678414,10.722402921759375,0.0
2023-02-24T21:00:00,72.67646851555804,12.733387171331664,0.0
2023-02-24T21:15:00,64.18464539214644,10.541505351667116,0.0
2023-02-24T21:30:00,71.09970368930021,10.58731956174734,0.0
2023-02-24T21:45:00,70.8859292210922,10.645415922728509,0.0
2023-02-24T22:00:00,60.688676948035436,9.33010815293417,0.0
2023-02-24T22:15:00,65.02979133656487,11.490489349970233,0.0
2023-02-24T22:30:00,56.938618014577884,7.591591077250591,0.0
2023-02-24T22:45:00,49.07881506216819,7.5682602426687025,0.0
2023-02-24T23:00:00,56.91342108650454,6.885238255594325,0.0
2023-02-24T23:15:00,51.88556706890655,9.057300862186525,0.0
2023-02-24T23:30:00,49.96833398619956,7.977581274043157,0.0
2023-02-24T23:45:00,59.99282059782994,6.327837170557826,0.0
2023-02-25T00:00:00,40.58548061936078,5.878603045866204,0.0
2023-02-25T00:15:00,50.171942745109426,7.858971763669009,0.0
2023-02-25T00:30:00,43.41183211982418,6.586687781531718,0.0
2023-02-25T00:45:00,53.14036697129615,7.406720402741335,0.0
2023-02-25T01:00:00,50.38840518811811,5.7288183344520816,0.0
2023-02-25T01:15:00,51.172884689025096,6.115418981177739,0.0
2023-02-25T01:30:00,45.012726794787106,5.742070568116553,0.0
2023-02-25T01:45:00,46.449371135928764,4.679427996595567,0.0
2023-02-25T02:00:00,55.5305099940648,5.045420991396851,0.0
2023-02-25T02:15:00,60.43936189561105,3.9161050812225433,0.0
2023-02-25T02:30:00,54.74923781332037,5.5305577634246506,0.0
2023-02-25T02:45:00,48.69086577958743,5.75921531485551,0.0
2023-02-25T03:00:00,55.76732252160353,5.97528130804559,0.0
2023-02-25T03:15:00,67.16520945271081,5.6645114616796555,0.0
2023-02-25T03:30:00,56.55165100644429,4.908240803194383,0.0
2023-02-25T03:45:00,64.4125651696001,6.652379070597872,0.0
2023-02-25T04:00:00,54.513118703830585,6.081873637935405,0.0
2023-02-25T04:15:00,59.158561470462175,6.692085632626741,0.0
2023-02-25T04:30:00,63.65892291635006,6.8931296173429,0.0
2023-02-25T04:45:00,63.77261776827523,5.478284003437249,0.0
2023-02-25T05:00:00,59.20644123041793,6.176847142126875,0.0
2023-02-25T05:15:00,60.26537180704858,6.770867617622477,0.0
2023-02-25T05:30:00,70.54566370413642,5.075858278658433,0.0
2023-02-25T05:45:00,72.86445701167202,5.347108090687607,0.0
2023-02-25T06:00:00,75.77548332363375,5.443167774825908,1.606702104796172
2023-02-25T06:15:00,80.50037341719212,6.920945128819968,52.32250338411445
2023-02-25T06:30:00,75.38067223557597,6.9992344746763475,131.0380883406376
2023-02-25T06:45:00,76.3008272376651,6.216028081527419,156.0722576129026
2023-02-25T07:00:00,87.64610112896692,8.134478335638947,207.0552360820166
2023-02-25T07:15:00,87.3403226834761,8.23576904990967,281.7975712420985
2023-02-25T07:30:00,81.56275960478621,9.871259683826723,310.5324457514153
2023-02-25T07:45:00,83.79266111417813,11.06946239525376,376.13108632096043
2023-02-25T08:00:00,93.66479759657227,9.888656177739378,411.45097246911644
2023-02-25T08:15:00,92.2979898736655,9.117947654477266,492.28864133979545
2023-02-25T08:30:00,94.74673173383108,10.84868733196703,487.00914320697655
2023-02-25T08:45:00,101.63602157918365,10.602004255879883,527.7985169064794
2023-02-25T09:00:00,101.15208688168028,10.744994854158772,580.0820378284337
2023-02-25T09:15:00,104.772600845303,10.515937762141318,601.4718459831818
2023-02-25T09:30:00,88.91303920131803,11.304057222038573,650.735426409594
2023-02-25T09:45:00,99.96934035285037,11.977871028763213,665.1756898420361
2023-02-25T10:00:00,101.99909727746552,13.342130770720843,692.8203230275509
2023-02-25T10:15:00,90.41959118460801,13.424782480167105,717.4981932261506
2023-02-25T10:30:00,94.02447969449823,15.106796845059305,739.1036260090294
2023-02-25T10:45:00,92.08236374641248,14.31319032310075,757.5441035960845
2023-02-25T11:00:00,95.1417729141051,14.409415032502631,790.8631178021806
2023-02-25T11:15:00,101.70999247003542,14.01231114058531,784.6282243225844
2023-02-25T11:30:00,102.03889546036267,13.600225700145884,797.161377100488
2023-02-25T11:45:00,86.05839911573058,14.371301556687541,798.2871385908828
2023-02-25T12:00:00,90.84755178549202,14.527922132297629,810.0072841570759
2023-02-25T12:15:00,90.96593325850777,12.93525213488233,826.9063545689605
2023-02-25T12:30:00,89.9817916180741,14.73660836711351,797.0579662033158
2023-02-25T12:45:00,89.82536931478494,17.576147543121515,801.4561648502142
2023-02-25T13:00:00,89.05199457106214,16.549872743605892,775.6380644680463
2023-02-25T13:15:00,95.59121872695835,15.989832701791302,757.5441035960846
2023-02-25T13:30:00,92.20468875509016,16.926877125148014,739.1036260090294
2023-02-25T13:45:00,80.85145087568658,14.713296359181529,717.4981932261506
2023-02-25T14:00:00,89.51387901311566,17.062772782137102,704.1835656659417
2023-02-25T14:15:00,89.30602465163233,18.147324053507138,667.30873068742
2023-02-25T14:30:00,85.65666877460778,16.812673329093755,634.6826722329881
2023-02-25T14:45:00,88.90868353511735,15.200284121123325,601.4718459831819
2023-02-25T15:00:00,83.29727132825029,16.571179573163572,565.685424949238
2023-02-25T15:15:00,82.40402044040678,18.251535642355012,527.4766520800551
2023-02-25T15:30:00,80.99619683658378,17.192418933080802,487.0352605650617
2023-02-25T15:45:00,69.23494976441783,15.451521695566088,480.6251504234005
2023-02-25T16:00:00,77.81277356349477,19.14830424485855,426.9690412168894
2023-02-25T16:15:00,73.71928646513133,15.41289236866577,353.83095217520105
2023-02-25T16:30:00,69.93619428936316,16.28547272139478,310.1821342787075
2023-02-25T16:45:00,81.813646262785,15.328970556484196,261.53777852497103
2023-02-25T17:00:00,75.91218402774686,15.1452705157333,207.05523608201682
2023-02-25T17:15:00,71.96741656862397,15.521786666020386,156.0722576129029
2023-02-25T17:30:00,68.00127262191305,16.38139030953376,104.42095377604126
2023-02-25T17:45:00,71.0036760407707,16.786690398033738,89.7766731217806
2023-02-25T18:00:00,73.17194599961172,14.841592623027097,9.797174393178826e-14
2023-02-25T18:15:00,64.72976661398735,13.93105144435576,0.0
2023-02-25T18:30:00,69.46238550377788,15.116327998652405,0.0
2023-02-25T18:45:00,74.39354307243379,14.82650508498707,0.0
2023-02-25T19:00:00,60.858378985553074,14.225496443493721,0.0
2023-02-25T19:15:00,70.62954885006471,13.91459206216101,0.0
2023-02-25T19:30:00,69.02124175078286,13.168654255787128,0.0
2023-02-25T19:45:00,70.60014254423749,13.011907754315121,0.0
2023-02-25T20:00:00,68.69700380793121,12.356383249931826,0.0
2023-02-25T20:15:00,71.64967688633787,13.225905767074163,0.0
2023-02-25T20:30:00,80.14656044929936,13.996736761966456,0.0
2023-02-25T20:45:00,68.27990978198717,11.557192035028322,0.0
2023-02-25T21:00:00,70.53118495476373,10.97854785996891,0.0
2023-02-25T21:15:00,78.02337439609732,10.84856269824948,0.0
2023-02-25T21:30:00,64.0865082296727,9.544041153636668,0.0
2023-02-25T21:45:00,74.51694301928738,10.579556546948321,0.0
2023-02-25T22:00:00,63.91125354723749,9.873382246406276,0.0
2023-02-25T22:15:00,71.08709193606353,8.636013108078611,0.0
2023-02-25T22:30:00,64.09478222532822,9.59108633279221,0.0
2023-02-25T22:45:00,59.94312619116495,8.35037773497165,0.0
2023-02-25T23:00:00,56.068095597809844,7.015063469465894,0.0
2023-02-25T23:15:00,51.219104211039834,8.00330315524562,0.0
2023-02-25T23:30:00,52.647111731907515,7.569544037287275,0.0
2023-02-25T23:45:00,54.702287246652965,7.989463363450482,0.0
2023-02-26T00:00:00,48.24614910867473,7.732272200519491,0.0
2023-02-26T00:15:00,46.771413773576725,6.5231007620613015,0.0
2023-02-26T00:30:00,47.22889636529301,5.911158959402986,0.0
2023-02-26T00:45:00,53.65838372350874,6.156292013806454,0.0
2023-02-26T01:00:00,55.118997013375996,6.310522394525952,0.0
2023-02-26T01:15:00,46.037351104914116,6.245883866132846,0.0
2023-02-26T01:30:00,46.491176326194896,5.901500950632326,0.0
2023-02-26T01:45:00,52.27104603133988,5.371023217121525,0.0
2023-02-26T02:00:00,58.62885851175558,6.344627999852742,0.0
2023-02-26T02:15:00,57.412265559169974,4.584352361051269,0.0
2023-02-26T02:30:00,46.185378396933814,7.6741002214758876,0.0
2023-02-26T02:45:00,51.95453026411923,5.919282778286067,0.0
2023-02-26T03:00:00,49.51655286647957,4.015880534393918,0.0
2023-02-26T03:15:00,53.787227352080414,5.341441729068723,0.0
2023-02-26T03:30:00,64.15852766366044,5.967380287353198,0.0
2023-02-26T03:45:00,50.08729835935095,4.909285149624836,0.0
2023-02-26T04:00:00,50.21737979725713,3.852666932252811,0.0
2023-02-26T04:15:00,55.32316169211004,4.422721218994399,0.0
2023-02-26T04:30:00,62.094590629236244,6.142181686841759,0.0
2023-02-26T04:45:00,64.98669106079863,4.007513015799426,0.0
2023-02-26T05:00:00,65.32256753591534,4.497868943011274,0.0
2023-02-26T05:15:00,70.2883268394906,6.691383010682583,0.0
2023-02-26T05:30:00,56.885754448087404,6.160696678969687,0.0
2023-02-26T05:45:00,72.9453263708499,5.936546703085268,0.0
2023-02-26T06:00:00,66.75122966342663,6.40599310312211,7.281283789261384
2023-02-26T06:15:00,75.23513328058606,5.716477234119195,52.32250338411445
2023-02-26T06:30:00,68.18738865078089,7.975250793966549,124.25959304646615
2023-02-26T06:45:00,77.97854767450235,7.003400984428869,156.0722576129026
2023-02-26T07:00:00,82.16944101865357,7.607613752980058,207.0552360820166
2023-02-26T07:15:00,89.65067219234422,8.836418932837098,257.15157224252926
2023-02-26T07:30:00,78.64570351571926,8.590637807919174,312.05611307750877
2023-02-26T07:45:00,89.21154291508115,8.510075836110621,353.83095217520105
2023-02-26T08:00:00,85.87591086471394,7.601013242224875,424.5717379800318
2023-02-26T08:15:00,95.8087841327608,10.340249851334972,450.3619106877048
2023-02-26T08:30:00,98.86190492044915,10.43920175185202,488.5223024809739
2023-02-26T08:45:00,102.80614669880705,10.233559704499697,532.6793752625184
2023-02-26T09:00:00,94.77869461584716,10.105966832097081,580.3435435684719
2023-02-26T09:15:00,102.85630776228874,11.54854719159831,606.2873438460022
2023-02-26T09:30:00,105.47216840120407,12.406994851410007,634.6826722329881
2023-02-26T09:45:00,90.58305664810095,12.411666750985,686.9658671226135
2023-02-26T10:00:00,101.68431999660568,14.334345728671206,695.2138271890728
2023-02-26T10:15:00,102.9420174675809,13.776777231987927,731.1952493705855
2023-02-26T10:30:00,96.10226669974485,13.332183442080424,739.1036260090294
2023-02-26T10:45:00,90.32786240106546,14.5353768349745,757.5441035960845
2023-02-26T11:00:00,99.84500156998777,14.192028215955007,772.7406610312546
2023-02-26T11:15:00,87.67011921941025,14.521980090204195,784.6282243225844
2023-02-26T11:30:00,91.13113199511758,16.092298308927276,803.5017738361993
2023-02-26T11:45:00,90.02615732271428,14.201382950023822,824.2449576901683
2023-02-26T12:00:00,91.88939652217807,15.40931627273817,806.0394245055184
2023-02-26T12:15:00,85.13572693086749,16.844114785087395,798.2871385908828
2023-02-26T12:30:00,84.71768504699502,16.212476537486232,793.1558890990484
2023-02-26T12:45:00,88.42198926553826,15.763130626010419,811.843886295608
2023-02-26T13:00:00,92.66217517753819,14.633358594896391,772.7406610312546
2023-02-26T13:15:00,98.68755885682593,14.254255444566349,799.5795612263719
2023-02-26T13:30:00,79.25189091498994,18.762824322392397,776.624376525522
2023-02-26T13:45:00,87.82587118324473,17.133458535785373,760.1926346235483
2023-02-26T14:00:00,80.1995392081754,16.354847756212077,700.43435277724
2023-02-26T14:15:00,90.0351547257427,17.37753450911315,665.1756898420364
2023-02-26T14:30:00,79.48605033293663,16.14436096750344,641.8095975560188
2023-02-26T14:45:00,79.975261322326,16.799318199599284,619.6435450042208
2023-02-26T15:00:00,79.50748759206905,16.202425544570964,565.685424949238
2023-02-26T15:15:00,81.11762787206044,15.717245892431045,527.4766520800551
2023-02-26T15:30:00,82.10292282812604,14.987050159968868,487.0091432069767
2023-02-26T15:45:00,81.84161789209269,15.430420227754476,444.4561864156817
2023-02-26T16:00:00,78.28286853274416,17.960208659235796,424.81772957300717
2023-02-26T16:15:00,70.50802495583521,15.838064753324531,353.83095217520105
2023-02-26T16:30:00,79.60430566251082,17.221535244434527,308.0595752240188
2023-02-26T16:45:00,74.47570225140618,17.48124977660527,276.8123826546863
2023-02-26T17:00:00,79.296761115782,16.356098045478017,232.6520822889336
2023-02-26T17:15:00,68.67481880658097,15.83361639905813,160.2434432499973
2023-02-26T17:30:00,62.910856471304136,16.036508899839003,112.1068785083063
2023-02-26T17:45:00,69.44963883484557,15.237784415913678,52.32250338411449
2023-02-26T18:00:00,74.79146970507941,16.589915886739846,20.46113293847818
2023-02-26T18:15:00,69.76624724543625,16.975974702308836,0.0
2023-02-26T18:30:00,68.58511909993058,16.245746341987207,0.0
2023-02-26T18:45:00,65.79841622052469,12.325224100907974,0.0
2023-02-26T19:00:00,79.42415769501179,13.706339178703814,0.0
2023-02-26T19:15:00,65.86632541830177,13.801257217659092,0.0
2023-02-26T19:30:00,67.63766804601329,13.90252449217701,0.0
2023-02-26T19:45:00,74.21640354406671,11.34468819168085,0.0
2023-02-26T20:00:00,62.02198387099071,10.952836547810088,0.0
2023-02-26T20:15:00,77.43144791784204,13.620697619286092,0.0
2023-02-26T20:30:00,73.74633064890648,11.367403772274459,0.0
2023-02-26T20:45:00,74.4926182413194,10.048378374491556,0.0
2023-02-26T21:00:00,71.9601556996754,10.039725129840967,0.0
2023-02-26T21:15:00,67.34096544740385,11.141421805495286,0.0
2023-02-26T21:30:00,61.61778330139229,9.537661097780122,0.0
2023-02-26T21:45:00,64.84012979915168,10.21444964765121,0.0
2023-02-26T22:00:00,59.105397685972726,8.611724304202301,0.0
2023-02-26T22:15:00,64.70532808775476,7.4705290183609385,0.0
2023-02-26T22:30:00,64.47461648397108,10.271645506594714,0.0
2023-02-26T22:45:00,65.88856826487782,8.887823707538898,0.0
2023-02-26T23:00:00,58.35202794064104,7.809615076325811,0.0
2023-02-26T23:15:00,59.05912892404576,7.288582817764707,0.0
2023-02-26T23:30:00,50.879371026568975,8.955697732586842,0.0
2023-02-26T23:45:00,47.921034992145806,7.77882109249224,0.0
2023-02-27T00:00:00,50.77454351042879,8.206926915609742,0.0
2023-02-27T00:15:00,46.51664122798817,6.208023048730205,0.0
2023-02-27T00:30:00,49.923215773006866,6.5933010695254355,0.0
2023-02-27T00:45:00,43.48451750160307,6.716135813274528,0.0
2023-02-27T01:00:00,44.67952911818192,5.556533039072796,0.0
2023-02-27T01:15:00,52.64462797153413,5.825986012893498,0.0
2023-02-27T01:30:00,54.36204378314953,5.175867036142299,0.0
2023-02-27T01:45:00,45.54044838085762,6.0202329916248525,0.0
2023-02-27T02:00:00,54.43874753318812,4.185805449508278,0.0
2023-02-27T02:15:00,49.113113445117506,5.990012907920944,0.0
2023-02-27T02:30:00,52.62164313152163,5.664798604593317,0.0
2023-02-27T02:45:00,60.454109985718475,5.112292503154326,0.0
2023-02-27T03:00:00,58.30148460272858,5.752271716745352,0.0
2023-02-27T03:15:00,59.19862769445437,4.950660567928671,0.0
2023-02-27T03:30:00,65.77490726845521,4.68395466152312,0.0
2023-02-27T03:45:00,53.77538269070376,5.9617690434625645,0.0
2023-02-27T04:00:00,53.47680918138205,6.094213618513231,0.0
2023-02-27T04:15:00,55.949798900821804,5.113903555313601,0.0
2023-02-27T04:30:00,59.48001014200991,5.1664250837824905,0.0
2023-02-27T04:45:00,50.204641678822085,5.738544638136682,0.0
2023-02-27T05:00:00,62.19266197081032,5.5545964955726195,0.0
2023-02-27T05:15:00,61.78152395654765,7.839056007160266,0.0
2023-02-27T05:30:00,69.71445904893275,6.859110243540064,0.0
2023-02-27T05:45:00,68.86021836679213,6.8063159597666205,0.0
2023-02-27T06:00:00,65.4027009174981,6.127388910284955,0.0
2023-02-27T06:15:00,74.62194375106294,8.085669127529496,54.80804881494493
2023-02-27T06:30:00,78.51530887640247,7.038581097096529,104.42095377604126
2023-02-27T06:45:00,74.20551303318665,7.316585861894616,156.0722576129026
2023-02-27T07:00:00,78.61744368148312,9.075369234169855,207.0552360820166
2023-02-27T07:15:00,72.83957886204891,9.03634515077116,257.32205790793176
2023-02-27T07:30:00,81.21315454959837,6.503206367767172,306.38766639318237
2023-02-27T07:45:00,85.43991016297545,9.21634701550999,353.83095217520105
2023-02-27T08:00:00,91.76739599614147,9.875359921025764,399.99999999999994
2023-02-27T08:15:00,88.64886830760706,9.792616483215339,444.4561864156817
2023-02-27T08:30:00,92.50304009560968,10.679961083462764,492.9795784339514
2023-02-27T08:45:00,90.33811987104032,9.100647792803398,552.3690722159214
2023-02-27T09:00:00,98.4038891727321,8.471733971752544,565.6854249492379
2023-02-27T09:15:00,100.44322609945603,10.719705108103858,613.9318884092182
2023-02-27T09:30:00,100.77396499860463,12.368158846180727,634.6826722329881
2023-02-27T09:45:00,98.9555749495913,9.248340274669149,675.6901354640129
2023-02-27T10:00:00,91.01170820629315,12.012122774468885,716.5311897727706
2023-02-27T10:15:00,95.14417067190281,11.30863039371285,717.4981932261506
2023-02-27T10:30:00,95.45384306277631,13.35623099275246,757.9897195669744
2023-02-27T10:45:00,94.45973151677458,15.914385970363126,757.5441035960845
2023-02-27T11:00:00,95.59960667207534,14.085578576429167,775.2926456865997
2023-02-27T11:15:00,100.88984801174082,14.528673123880013,784.6282243225844
2023-02-27T11:30:00,96.17784802378179,15.794554085933825,794.0814784591961
2023-02-27T11:45:00,85.38366650517415,15.280136019504257,798.2871385908828
2023-02-27T12:00:00,91.79819843282795,15.330403488023215,808.737669121004
2023-02-27T12:15:00,91.56487435944554,16.740439340112136,830.0128839011784
2023-02-27T12:30:00,84.20474391906316,16.534761763352485,793.1558890990484
2023-02-27T12:45:00,92.2662192775866,16.580198006474994,788.4211347558488
2023-02-27T13:00:00,86.92281740239983,16.360126841232432,789.8581234528349
2023-02-27T13:15:00,80.29501919617468,16.337926315562335,757.5441035960846
2023-02-27T13:30:00,89.15978832975622,17.763202651392653,766.3114844401625
2023-02-27T13:45:00,87.42844800507117,16.64787272818473,717.4981932261506
2023-02-27T14:00:00,84.58830398610442,18.32956240818369,692.820323027551
2023-02-27T14:15:00,84.8483108774792,16.14031988722337,665.1756898420364
2023-02-27T14:30:00,80.67782346772718,18.68520769384191,637.2144793743839
2023-02-27T14:45:00,86.49363272490987,17.76194819361331,601.5323048931613
2023-02-27T15:00:00,82.3310665075311,16.334219648041262,578.4034498461353
2023-02-27T15:15:00,82.4253445780873,17.798886745077198,527.4766520800551
2023-02-27T15:30:00,82.36712225866357,16.601120841018854,487.0091432069767
2023-02-27T15:45:00,73.7446606446052,17.220894307860128,453.70602877368134
2023-02-27T16:00:00,73.93476894693453,16.611682391682425,427.9438098014912
2023-02-27T16:15:00,66.20223556264376,16.851423183930823,366.41115712782073
2023-02-27T16:30:00,78.88356399609862,17.78746255997086,343.0949908642948
2023-02-27T16:45:00,68.77392324367419,17.202502672436083,268.2577216669685
2023-02-27T17:00:00,74.24541350787347,15.373541602030821,217.4410931991042
2023-02-27T17:15:00,74.16293162136512,15.223475803250105,169.65811522630128
2023-02-27T17:30:00,74.02847209520841,16.333650223106012,134.18436889162453
2023-02-27T17:45:00,63.69416207176735,16.15698054286291,77.07390470645822
2023-02-27T18:00:00,68.08037596564132,14.870950278825458,9.797174393178826e-14
2023-02-27T18:15:00,77.40741645898143,16.85014494467572,0.0
2023-02-27T18:30:00,78.24951928840314,15.76881808241519,0.0
2023-02-27T18:45:00,75.18124457163331,14.010599603826087,0.0
2023-02-27T19:00:00,72.41726884838857,13.580499255277276,0.0
2023-02-27T19:15:00,66.08328424118548,13.728673498694029,0.0
2023-02-27T19:30:00,74.95222525379646,13.267000754209649,0.0
2023-02-27T19:45:00,70.67060421259909,14.487548856644016,0.0
2023-02-27T20:00:00,74.19920648947559,13.840191814703282,0.0
2023-02-27T20:15:00,67.98875510936146,12.508366016691431,0.0
2023-02-27T20:30:00,69.85517730630676,12.763817285302792,0.0
2023-02-27T20:45:00,70.91167747533268,12.518148572818678,0.0
2023-02-27T21:00:00,70.49543889008312,11.361015299359803,0.0
2023-02-27T21:15:00,70.70967439967363,11.3129544750815,0.0
2023-02-27T21:30:00,64.13202972223161,11.11378497186524,0.0
2023-02-27T21:45:00,58.91856253741217,10.619818362645383,0.0
2023-02-27T22:00:00,72.19998223692157,8.971036472002355,0.0
2023-02-27T22:15:00,74.81530017517633,8.696408021928239,0.0
2023-02-27T22:30:00,62.772298679929165,8.718059315216681,0.0
2023-02-27T22:45:00,51.979042427922934,7.942358150732373,0.0
2023-02-27T23:00:00,52.72169194634904,6.829653998457614,0.0
2023-02-27T23:15:00,57.076317779011376,8.645285133924698,0.0
2023-02-27T23:30:00,59.16515056381282,7.996594123909949,0.0
2023-02-27T23:45:00,44.34244530216421,6.00731310420031,0.0
2023-02-28T00:00:00,47.87650681103077,6.979681379389462,0.0
2023-02-28T00:15:00,49.520652772723054,6.767914116109793,0.0
2023-02-28T00:30:00,52.99216594422845,6.8850631649988125,0.0
2023-02-28T00:45:00,47.16445983520877,5.392498655773353,0.0
2023-02-28T01:00:00,41.3605809328843,4.91309211953524,0.0
2023-02-28T01:15:00,52.665556122637675,6.601726825074064,0.0
2023-02-28T01:30:00,55.644560090905735,4.385999570899942,0.0
2023-02-28T01:45:00,50.14775877589572,5.5489945082109875,0.0
2023-02-28T02:00:00,53.20386329611866,5.3416066347436475,0.0
2023-02-28T02:15:00,49.49632252208902,5.455242777590117,0.0
2023-02-28T02:30:00,48.4022401358211,5.767287231171274,0.0
2023-02-28T02:45:00,58.59350316843183,7.07465585661607,0.0
2023-02-28T03:00:00,56.29351453061663,3.8637465776453848,0.0
2023-02-28T03:15:00,57.76309761028332,6.352666821537413,0.0
2023-02-28T03:30:00,63.833518075073926,3.0024117038620455,0.0
2023-02-28T03:45:00,52.112554583290375,6.97223824463422,0.0
2023-02-28T04:00:00,55.73803957447817,3.624814479964718,0.0
2023-02-28T04:15:00,60.44206385506873,8.218052639300442,0.0
2023-02-28T04:30:00,58.02293607916727,5.53019375369141,0.0
2023-02-28T04:45:00,65.9850642855743,7.372385389813189,0.0
2023-02-28T05:00:00,62.38479390870495,7.351242378940517,0.0
2023-02-28T05:15:00,59.63370043746676,6.037932013116605,0.0
2023-02-28T05:30:00,66.21650544681256,6.343369518301272,0.0
2023-02-28T05:45:00,68.04180218470636,6.115040970230146,0.0
2023-02-28T06:00:00,73.17158122975694,8.00796825756129,0.0
2023-02-28T06:15:00,73.72983089891603,7.0836957834174035,55.71183657938422
2023-02-28T06:30:00,77.2967123930133,6.991686676133226,114.01864473767992
2023-02-28T06:45:00,79.74168726111033,8.667093392074824,156.0722576129026
2023-02-28T07:00:00,80.23343921086605,7.5660623368305355,207.0552360820166
2023-02-28T07:15:00,80.477286080913,8.480524345170275,257.15157224252926
2023-02-28T07:30:00,88.20263303867218,9.274244048917941,316.59708425920417
2023-02-28T07:45:00,87.57862099460563,8.892172497156047,353.83095217520105
2023-02-28T08:00:00,99.93766507424694,9.418775826701225,399.99999999999994
2023-02-28T08:15:00,100.17868003720272,11.827680047278973,452.1957528714637
2023-02-28T08:30:00,98.32648255154376,10.475846424630827,487.00914320697655
2023-02-28T08:45:00,98.44909483434874,10.711193043071814,540.1010375514601
2023-02-28T09:00:00,97.20051128410034,11.288113640167563,565.6854249492379
2023-02-28T09:15:00,92.1010213287263,12.31011254211621,601.4718459831818
2023-02-28T09:30:00,97.77326399882618,11.21253224888273,635.7274358933296
2023-02-28T09:45:00,99.49275631602177,13.060996110791441,665.1756898420361
2023-02-28T10:00:00,99.95634241995394,13.27197323891065,692.8203230275509
2023-02-28T10:15:00,100.6836076853767,11.603220185981138,717.4981932261506
2023-02-28T10:30:00,102.18901427268766,15.553594975835583,739.1036260090294
2023-02-28T10:45:00,93.10742458184387,15.577784480313499,771.8204567853173
2023-02-28T11:00:00,91.9013094050116,13.662675845491448,772.7406610312546
2023-02-28T11:15:00,101.10841140753203,13.674233638656615,784.6282243225844
2023-02-28T11:30:00,96.06426176525504,15.343858849313852,793.1558890990483
2023-02-28T11:45:00,88.45938755268152,13.99345038100541,800.311189889321
2023-02-28T12:00:00,87.9621150705141,17.070162419057823,800.0
2023-02-28T12:15:00,87.94177964667286,15.505823887357755,806.2834563187967
2023-02-28T12:30:00,88.4849387541584,17.845165748292512,804.6366160893011
2023-02-28T12:45:00,90.47729198453297,15.62765308166529,832.6622298416466
2023-02-28T13:00:00,100.4916511715558,16.547189115376195,795.7535450584691
2023-02-28T13:15:00,88.38555631099067,18.111687834009782,757.5441035960846
2023-02-28T13:30:00,90.28875231762727,16.683276493665176,739.1036260090294
2023-02-28T13:45:00,78.00324221497833,17.416911298382658,717.4981932261506
2023-02-28T14:00:00,83.39417902706988,18.351452491608708,704.3217414760438
2023-02-28T14:15:00,91.27163817490921,16.7919030098215,665.1756898420364
2023-02-28T14:30:00,86.37681467788306,16.150168855931454,634.6826722329881
2023-02-28T14:45:00,61.58939414053064,15.991681721360328,601.4718459831819
2023-02-28T15:00:00,86.01042255058722,18.04667152767416,565.685424949238
2023-02-28T15:15:00,91.2759091904205,17.839170704665523,527.4766520800551
2023-02-28T15:30:00,70.69386156485074,18.473571119560237,487.0091432069767
2023-02-28T15:45:00,87.20651395389488,17.073905741673077,444.4561864156817
2023-02-28T16:00:00,64.63839276214564,15.828056478370153,419.6405147880178
2023-02-28T16:15:00,82.03393944492238,14.792067248925342,363.27522943186875
2023-02-28T16:30:00,76.10859643251588,19.874478507655706,306.1467458920719
2023-02-28T16:45:00,63.177104145115436,17.371398245969917,257.671031025878
2023-02-28T17:00:00,75.90524095352464,16.79618295702521,207.05523608201682
2023-02-28T17:15:00,78.15417610135815,16.730696212365373,182.91737213343555
2023-02-28T17:30:00,72.92812977878418,14.792019871751258,136.7031212391738
2023-02-28T17:45:00,72.73037168517621,15.179405632147102,52.32250338411449
2023-02-28T18:00:00,66.43979035357998,17.44920959334681,9.797174393178826e-14
2023-02-28T18:15:00,59.84105243786808,16.077660954688916,0.0
2023-02-28T18:30:00,73.22925285909737,14.352209694660672,0.0
2023-02-28T18:45:00,79.08538555766053,13.569844848270659,0.0
2023-02-28T19:00:00,76.46969428436216,13.947544669291718,0.0
2023-02-28T19:15:00,61.26142389633613,13.801540272327413,0.0
2023-02-28T19:30:00,63.87663194971702,15.808485408273528,0.0
2023-02-28T19:45:00,67.32285850627709,13.2036081940893,0.0
2023-02-28T20:00:00,63.52367471564114,11.826601264718398,0.0
2023-02-28T20:15:00,71.46590884033273,12.575178346722971,0.0
2023-02-28T20:30:00,72.77890875533951,12.510734399934597,0.0
2023-02-28T20:45:00,63.031661117669216,10.575110976029773,0.0
2023-02-28T21:00:00,73.24167758792197,11.865404312688899,0.0
2023-02-28T21:15:00,71.33856740640296,12.279735955126997,0.0
2023-02-28T21:30:00,64.37919587956809,10.818752908166738,0.0
2023-02-28T21:45:00,64.86436172697375,9.495631694289836,0.0
2023-02-28T22:00:00,54.41903801808794,9.381454070051012,0.0
2023-02-28T22:15:00,60.799705407554676,7.875766009755454,0.0
2023-02-28T22:30:00,60.66410685349939,9.033302949943211,0.0
2023-02-28T22:45:00,59.53472773664493,9.120286593752192,0.0
2023-02-28T23:00:00,58.57403894959479,7.566606193370807,0.0
2023-02-28T23:15:00,55.84392550883989,10.069517531146301,0.0
2023-02-28T23:30:00,51.22984087800853,8.602949699635111,0.0
2023-02-28T23:45:00,51.92986004657557,5.714386548687429,0.0
2023-03-01T00:00:00,53.59779954930927,5.609867758432024,0.0
2023-03-01T00:15:00,48.152970751437735,6.129708356481185,0.0
2023-03-01T00:30:00,50.34671680944021,8.437836369070729,0.0
2023-03-01T00:45:00,48.04107866137283,7.526875040795957,0.0
2023-03-01T01:00:00,46.03532847457881,8.052330776910523,0.0
2023-03-01T01:15:00,52.26343532744394,6.253743841425492,0.0
2023-03-01T01:30:00,47.33391921168127,5.87200448102887,0.0
2023-03-01T01:45:00,52.58091925706522,4.69568074102761,0.0
2023-03-01T02:00:00,51.40840836461948,6.178899971241254,0.0
2023-03-01T02:15:00,50.43857395410641,5.5438911547224645,0.0
2023-03-01T02:30:00,51.07985861620002,5.441429645334143,0.0
2023-03-01T02:45:00,51.01023847110005,7.255668305680086,0.0
2023-03-01T03:00:00,46.21649809858201,5.498425401194307,0.0
2023-03-01T03:15:00,57.31519875656511,6.968598908674932,0.0
2023-03-01T03:30:00,57.57014512897522,4.0880271746733925,0.0
2023-03-01T03:45:00,61.724586184608455,8.428171554502407,0.0
2023-03-01T04:00:00,55.93035507122406,5.455945584569088,0.0
2023-03-01T04:15:00,69.21878390576134,6.65037425036226,0.0
2023-03-01T04:30:00,59.035291196208064,6.94776672093766,0.0
2023-03-01T04:45:00,57.78330206572132,5.746177824487302,0.0
2023-03-01T05:00:00,58.4428340814943,7.247648671411289,0.0
2023-03-01T05:15:00,56.01622112628714,7.506956506824835,0.0
2023-03-01T05:30:00,73.64025520032264,6.151506461265688,0.0
2023-03-01T05:45:00,74.13491395199847,6.412431935003111,0.0
2023-03-01T06:00:00,71.59136539718183,7.427437140424326,43.5569570534522
2023-03-01T06:15:00,67.37315101178277,7.553202165773119,87.57146934303265
2023-03-01T06:30:00,84.13678751149246,9.36533252585608,114.44448494362311
2023-03-01T06:45:00,76.47110170094868,8.994017790886334,181.58736583968434
2023-03-01T07:00:00,79.91889132867519,8.554347434595776,207.0552360820166
2023-03-01T07:15:00,91.33414572613245,9.577116821452535,271.64066179583824
2023-03-01T07:30:00,90.1424628702624,7.282017332071639,306.1467458920718
2023-03-01T07:45:00,100.33922918527955,9.080823238608156,353.83095217520105
2023-03-01T08:00:00,92.8216319411197,10.359677741762631,451.8384522168135
2023-03-01T08:15:00,91.57208323292576,11.569594573854548,444.4561864156817
2023-03-01T08:30:00,92.19273113996948,11.041383185394352,492.9603058281347
2023-03-01T08:45:00,87.41124791941343,12.690591228655666,533.1941857836184
2023-03-01T09:00:00,96.33679634245796,12.492710862084131,576.0055366330283
2023-03-01T09:15:00,104.21907534708163,11.528860355368382,601.4718459831818
2023-03-01T09:30:00,101.9377646461991,12.267897511425408,634.6826722329881
2023-03-01T09:45:00,99.17676484928027,13.203734622394208,667.9439245098426
2023-03-01T10:00:00,93.92385649613173,12.729049721817628,702.4176926543666
2023-03-01T10:15:00,99.559759607844,15.084697973794432,717.4981932261506
2023-03-01T10:30:00,102.73590047675884,12.812145463957116,739.1036260090294
2023-03-01T10:45:00,98.81125989014087,14.59460959579726,757.5441035960845
2023-03-01T11:00:00,96.2398319567062,15.360217817663925,813.0143104252022
2023-03-01T11:15:00,89.95880840989295,14.644745412715379,795.3422073086317
2023-03-01T11:30:00,96.6347315573321,14.738540245461945,797.3340243251314
2023-03-01T11:45:00,74.84318683710997,15.504764598209281,798.2871385908828
2023-03-01T12:00:00,90.50186812708375,16.679410203963325,800.0
2023-03-01T12:15:00,101.39642795225309,15.635961851404877,815.4868675518336
2023-03-01T12:30:00,80.874669873575,15.315969858896985,793.1558890990484
2023-03-01T12:45:00,86.99649791731582,17.764173454867166,797.0495160140423
2023-03-01T13:00:00,87.86660115791577,17.22021989970109,772.7406610312546
2023-03-01T13:15:00,85.21332810237726,18.013864883744517,788.4812004756172
2023-03-01T13:30:00,92.24710144577867,17.92737993039403,757.1311747172182
2023-03-01T13:45:00,88.8873494851883,19.486241089311466,717.4981932261506
2023-03-01T14:00:00,86.6696495211834,18.535297997399823,702.1728313960092
2023-03-01T14:15:00,89.20339463465534,16.78540312460343,679.9957770327327
2023-03-01T14:30:00,84.53845993394145,18.04370813953331,634.6826722329881
2023-03-01T14:45:00,99.52375817645515,17.054435822446944,635.0283838109402
2023-03-01T15:00:00,83.4865098747727,17.170644840221033,575.3506449108974
2023-03-01T15:15:00,82.75096637720793,16.199424142875188,527.4766520800551
2023-03-01T15:30:00,72.21052791506607,17.28732699043519,487.0091432069767
2023-03-01T15:45:00,76.98179260663295,18.05451697501295,464.19814124336267
2023-03-01T16:00:00,84.32452799175708,17.35430425665954,404.22318394454004
2023-03-01T16:15:00,70.7561291353387,16.20698337778081,363.48297023384293
2023-03-01T16:30:00,65.45352235855006,15.645028866658272,306.6800369831975
2023-03-01T16:45:00,75.17800624475915,19.117853388735565,257.1515722425294
2023-03-01T17:00:00,80.61774302218335,17.146084179806998,217.22759188057915
2023-03-01T17:15:00,72.70135216656124,15.789519508274255,156.0722576129029
2023-03-01T17:30:00,69.51754041402734,16.846674505509153,104.42095377604126
2023-03-01T17:45:00,60.60326247865599,18.32499592673882,99.86255749822602
2023-03-01T18:00:00,70.848910196269,16.487874050824047,17.381382755294275
2023-03-01T18:15:00,72.54384542587117,12.793778025630749,0.0
2023-03-01T18:30:00,60.9507389193893,17.929631266098134,0.0
2023-03-01T18:45:00,76.0987468713979,13.108945921886104,0.0
2023-03-01T19:00:00,74.73973631016817,14.418759058682035,0.0
2023-03-01T19:15:00,76.95185142456234,13.145098845340025,0.0
2023-03-01T19:30:00,74.45819811242117,13.180869488276194,0.0
2023-03-01T19:45:00,74.91057942680314,13.837817480860476,0.0
2023-03-01T20:00:00,74.18162513303331,11.106661765875385,0.0
2023-03-01T20:15:00,75.67678951754127,12.70506735066605,0.0
2023-03-01T20:30:00,61.807509551300065,13.555270580120538,0.0
2023-03-01T20:45:00,62.76709903325623,11.173949454852176,0.0
2023-03-01T21:00:00,65.76546445807821,10.234485944116713,0.0
2023-03-01T21:15:00,67.77341549542287,11.093047126522269,0.0
2023-03-01T21:30:00,69.15014478781025,10.503272360687182,0.0
2023-03-01T21:45:00,67.43984859052068,9.85900140162763,0.0
2023-03-01T22:00:00,69.843041621116,8.88351065732613,0.0
2023-03-01T22:15:00,68.29296134937455,10.215318793426022,0.0
2023-03-01T22:30:00,56.35472510886155,9.923933921310061,0.0
2023-03-01T22:45:00,59.973338978239084,7.905392128288375,0.0
2023-03-01T23:00:00,52.52996531836747,7.697517359455108,0.0
2023-03-01T23:15:00,53.77095026840195,8.427841599946982,0.0
2023-03-01T23:30:00,54.24998487706211,7.007230771918879,0.0
2023-03-01T23:45:00,33.54479361892828,7.847358096155244,0.0
2023-03-02T00:00:00,60.73078374549439,9.012709224573133,0.0
2023-03-02T00:15:00,51.54942846951127,7.2164418569741775,0.0
2023-03-02T00:30:00,45.86714994275273,5.813566973889703,0.0
2023-03-02T00:45:00,58.6957067153825,7.190589206582832,0.0
2023-03-02T01:00:00,47.61889116908363,6.413496230850108,0.0
2023-03-02T01:15:00,50.39855788653414,6.2559098963889115,0.0
2023-03-02T01:30:00,47.7613938450821,6.719349060887425,0.0
2023-03-02T01:45:00,58.997067903858905,6.796760008884048,0.0
2023-03-02T02:00:00,50.829131940077794,6.0272505908152505,0.0
2023-03-02T02:15:00,52.79259180494261,5.84191138394769,0.0
2023-03-02T02:30:00,58.82640750659849,7.902175705306884,0.0
2023-03-02T02:45:00,56.563464685021806,7.000703842552033,0.0
2023-03-02T03:00:00,54.26068759789466,6.6208495011415245,0.0
2023-03-02T03:15:00,61.039602107081905,5.9313557895249325,0.0
2023-03-02T03:30:00,69.19175111426131,4.83289097893852,0.0
2023-03-02T03:45:00,59.150211130901035,7.029978086590967,0.0
2023-03-02T04:00:00,59.2583639866588,6.136042572059967,0.0
2023-03-02T04:15:00,60.68192516101134,5.528553592282589,0.0
2023-03-02T04:30:00,67.57304240415175,6.000885734420941,0.0
2023-03-02T04:45:00,59.24978556606813,5.439884367642078,0.0
2023-03-02T05:00:00,62.10659484668725,7.648480003355586,0.0
2023-03-02T05:15:00,57.085542361340195,7.48152279238287,0.0
2023-03-02T05:30:00,60.144700389695075,7.208815802857296,0.0
2023-03-02T05:45:00,64.77750094920326,7.233478964577222,0.0
2023-03-02T06:00:00,68.39487857699386,6.863993818707229,0.0
2023-03-02T06:15:00,80.78593564405021,5.7011558487174225,78.19906025460207
2023-03-02T06:30:00,77.84733709286093,6.721807912363965,132.3213245688088
2023-03-02T06:45:00,73.75622892214592,7.711236645439453,156.0722576129026
2023-03-02T07:00:00,77.71104202252582,7.894337001062503,210.4087967915161
2023-03-02T07:15:00,91.10851770464328,9.422931866378415,257.15157224252926
2023-03-02T07:30:00,92.56788565554194,10.302696530859139,306.1467458920718
2023-03-02T07:45:00,89.56138700716554,9.73022737235635,366.17870766636054
2023-03-02T08:00:00,89.45231227636839,11.643306047582666,399.99999999999994
2023-03-02T08:15:00,99.26882537388055,9.833863731392956,448.3346955462422
2023-03-02T08:30:00,90.37204388818297,10.868609103007767,506.1545865125718
2023-03-02T08:45:00,98.69330476019212,11.343897428417902,557.7798865559736
2023-03-02T09:00:00,109.17999412549358,12.879489711910775,571.459027845427
2023-03-02T09:15:00,99.60981102873995,12.285609240539392,603.8271541239845
2023-03-02T09:30:00,95.15247035114866,12.704029450954796,634.6826722329881
2023-03-02T09:45:00,101.21399229437388,11.303002200165205,696.8916589242506
2023-03-02T10:00:00,96.63540908467458,12.440310944480725,702.7343443841139
2023-03-02T10:15:00,91.54173926355118,14.811892448592909,720.2226957158845
2023-03-02T10:30:00,101.26393604968044,12.00806171366971,740.8046104529633
2023-03-02T10:45:00,102.33375957507751,15.784028176820991,764.7571730671896
2023-03-02T11:00:00,93.93854671271448,15.286967872030587,788.1764708288692
2023-03-02T11:15:00,92.14434227035557,14.373203452830214,802.5392349251963
2023-03-02T11:30:00,87.57791949570084,14.607822980721393,825.3719270151804
2023-03-02T11:45:00,89.83995689303099,17.639333573525075,803.1409087611352
2023-03-02T12:00:00,85.86272163268002,17.441349876675062,835.0840243853081
2023-03-02T12:15:00,83.57657857855176,16.17890145640672,819.441604180534
2023-03-02T12:30:00,97.96430492677021,16.682015154276147,793.1558890990484
2023-03-02T12:45:00,90.62273323910813,16.129939695981353,784.6282243225844
2023-03-02T13:00:00,90.85505561322408,17.118239783609095,774.4519063171942
2023-03-02T13:15:00,92.03016398186021,16.49463614370319,788.713659693891
2023-03-02T13:30:00,91.00733528132072,17.252037553969895,739.1036260090294
2023-03-02T13:45:00,84.54646861396617,19.27921353981173,719.1474461754017
2023-03-02T14:00:00,87.35783473784207,17.48724429426034,696.1247012139866
2023-03-02T14:15:00,83.95880337204359,16.623993184222112,684.0182216786604
2023-03-02T14:30:00,86.73394847700396,16.369600503334244,634.6826722329881
2023-03-02T14:45:00,85.41981412666634,17.901574679872457,601.4718459831819
2023-03-02T15:00:00,80.90339786670592,17.026408228583566,577.0854679737128
2023-03-02T15:15:00,75.21498623468835,18.021060064490513,527.4766520800551
2023-03-02T15:30:00,81.58097741229791,16.11646945819067,487.0091432069767
2023-03-02T15:45:00,78.76462076865151,18.362265200071622,481.263624904239
2023-03-02T16:00:00,69.22270230875219,16.52269346901776,418.54061324275096
2023-03-02T16:15:00,80.0586461961196,17.51518141932433,391.4987078835448
2023-03-02T16:30:00,81.15494275581165,16.992277360704104,323.6270009523826
2023-03-02T16:45:00,87.74513522940396,18.886928794551356,270.7588706763785
2023-03-02T17:00:00,71.8949569327431,17.154944979212516,214.44594875042398
2023-03-02T17:15:00,69.88281050487319,18.721593005006223,156.0722576129029
2023-03-02T17:30:00,65.7379822395008,17.10816582488619,114.66308541414318
2023-03-02T17:45:00,71.02583566433385,17.7237481502627,52.32250338411449
2023-03-02T18:00:00,69.68615445008776,15.821145863772719,9.797174393178826e-14
2023-03-02T18:15:00,65.26791217206014,16.088881323167094,0.0
2023-03-02T18:30:00,69.07167596941355,16.658515546147637,0.0
2023-03-02T18:45:00,60.619680258002965,16.025684729778018,0.0
2023-03-02T19:00:00,75.63006638441178,15.318296661260925,0.0
2023-03-02T19:15:00,67.52379937800272,14.113100691602636,0.0
2023-03-02T19:30:00,71.45421486072749,13.924627483460174,0.0
2023-03-02T19:45:00,64.59562274079559,14.853602126498682,0.0
2023-03-02T20:00:00,68.75317660675469,14.686128902423622,0.0
2023-03-02T20:15:00,70.02339610698559,12.364982585893454,0.0
2023-03-02T20:30:00,70.93176812665344,11.826701562041697,0.0
2023-03-02T20:45:00,72.7579827435143,11.275588370186998,0.0
2023-03-02T21:00:00,76.72780334099613,12.617003998806512,0.0
2023-03-02T21:15:00,72.17299503217036,10.46540958563298,0.0
2023-03-02T21:30:00,72.10720685153852,11.821749635777794,0.0
2023-03-02T21:45:00,73.13388483863005,11.1624517941006,0.0
2023-03-02T22:00:00,67.19297593598728,9.689297268095453,0.0
2023-03-02T22:15:00,62.45387284291575,11.422525905108653,0.0
2023-03-02T22:30:00,65.84913414614373,8.028943880784592,0.0
2023-03-02T22:45:00,64.23242882233295,10.79310384152091,0.0
2023-03-02T23:00:00,60.09887621134478,9.106189247321852,0.0
2023-03-02T23:15:00,47.525971439527204,6.380415628300053,0.0
2023-03-02T23:30:00,48.52065123088434,9.726614444845648,0.0
2023-03-02T23:45:00,49.30100744567225,8.803440996695931,0.0
2023-03-03T00:00:00,52.65702215512193,7.279935382904786,0.0
2023-03-03T00:15:00,48.695006491317564,6.475028343321849,0.0
2023-03-03T00:30:00,54.61436299121904,5.621600967851314,0.0
2023-03-03T00:45:00,55.71939458709923,9.377416241432229,0.0
2023-03-03T01:00:00,55.4362528690471,5.831253456568634,0.0
2023-03-03T01:15:00,55.84801728394176,5.3059627422400535,0.0
2023-03-03T01:30:00,45.09635687792311,6.67542968271954,0.0
2023-03-03T01:45:00,53.23463971806755,4.631313509705361,0.0
2023-03-03T02:00:00,48.40076377097658,5.173684397258144,0.0
2023-03-03T02:15:00,43.884193148595536,7.061045265178196,0.0
2023-03-03T02:30:00,51.454494585338544,6.466329180013627,0.0
2023-03-03T02:45:00,60.34580572999914,5.577264254266107,0.0
2023-03-03T03:00:00,56.920491478303795,5.96909442636849,0.0
2023-03-03T03:15:00,65.66104760747051,5.521163683805486,0.0
2023-03-03T03:30:00,57.46983919760858,5.940120775825209,0.0
2023-03-03T03:45:00,69.88652615901492,5.304264688458075,0.0
2023-03-03T04:00:00,59.64652317902769,5.574993476175273,0.0
2023-03-03T04:15:00,60.02554472783108,5.658528838921043,0.0
2023-03-03T04:30:00,54.70829796453315,5.681649706513635,0.0
2023-03-03T04:45:00,67.88294144684303,7.613462300657462,0.0
2023-03-03T05:00:00,61.071910504689626,7.524752722743531,0.0
2023-03-03T05:15:00,61.62187241407623,6.02960681123089,0.0
2023-03-03T05:30:00,72.55454602585425,5.996273919147128,0.0
2023-03-03T05:45:00,73.24196781081936,7.282472265432631,0.0
2023-03-03T06:00:00,74.41917388749583,9.863434664607372,3.035446204960572
2023-03-03T06:15:00,70.21391684907115,6.967007659140149,52.32250338411445
2023-03-03T06:30:00,74.996847245855,8.136994789680745,118.97795719205314
2023-03-03T06:45:00,78.10170298876209,8.706086769037158,166.46052919621476
2023-03-03T07:00:00,85.34788885685484,8.84214557939196,207.0552360820166
2023-03-03T07:15:00,92.08695113510761,8.838845737903615,266.7204492664524
2023-03-03T07:30:00,88.85992019253447,10.809767131445124,306.1467458920718
2023-03-03T07:45:00,99.37944638697778,10.476609584561595,362.9781912623306
2023-03-03T08:00:00,96.23527019837431,11.243678806567061,409.4258909068917
2023-03-03T08:15:00,92.55451772893169,11.369625771006671,491.87711698705186
2023-03-03T08:30:00,99.56659005659773,12.061578921922788,487.00914320697655
2023-03-03T08:45:00,105.34720766759482,13.142774811030314,527.476652080055
2023-03-03T09:00:00,107.89249759188004,13.281831720225444,565.6854249492379
2023-03-03T09:15:00,104.60184284462453,14.668010488413884,601.4718459831818
2023-03-03T09:30:00,99.24324351989314,13.95128618816461,634.6826722329881
2023-03-03T09:45:00,98.16303601488303,12.451882909006374,678.4777037464609
2023-03-03T10:00:00,101.95015370170472,14.351014065858063,707.569553654537
2023-03-03T10:15:00,106.96654446281994,14.589859724240673,723.4117901198972
2023-03-03T10:30:00,100.01195503053863,16.16718325285984,739.1036260090294
2023-03-03T10:45:00,99.1016004358194,13.637361378074829,757.5441035960845
2023-03-03T11:00:00,95.83442284880927,15.508738834830046,772.7406610312546
2023-03-03T11:15:00,92.47541883182731,14.603138806787765,784.6282243225844
2023-03-03T11:30:00,91.65942742223685,16.11590143158957,793.1558890990483
2023-03-03T11:45:00,91.35111832574292,15.692115979437805,825.4443048283961
2023-03-03T12:00:00,97.34941703264154,16.672897244747283,836.7430297264409
2023-03-03T12:15:00,87.51752662356049,15.051488412229551,798.2871385908828
2023-03-03T12:30:00,88.85087465847553,17.50413427674042,798.9411618560606
2023-03-03T12:45:00,84.0477343574745,17.145664942438483,790.0820634297049
2023-03-03T13:00:00,91.66058890958956,17.299133057915647,776.9168368230572
2023-03-03T13:15:00,94.53091553493596,19.28225250248057,757.5441035960846
2023-03-03T13:30:00,95.35899693145194,17.111581550237005,759.5539051841432
2023-03-03T13:45:00,87.71319450557473,17.974633955179726,725.7077392577219
2023-03-03T14:00:00,88.95119654352737,17.84661341021078,713.5027581068276
2023-03-03T14:15:00,84.62055768664315,18.033538596097223,665.1756898420364
2023-03-03T14:30:00,87.26607725573975,20.12126082632275,634.6826722329881
2023-03-03T14:45:00,85.36553896351803,18.00174838528248,610.1699565748223
2023-03-03T15:00:00,83.19237461143081,17.38350795394885,565.685424949238
2023-03-03T15:15:00,82.63460181482945,19.80884408831595,548.5686441967326
2023-03-03T15:30:00,83.19375704858508,17.591768156241013,487.0091432069767
2023-03-03T15:45:00,78.39955953760665,16.230321288647435,444.4561864156817
2023-03-03T16:00:00,77.54643309105225,17.00549900474267,399.99999999999994
2023-03-03T16:15:00,86.14150092418022,16.38578103636489,353.83095217520105
2023-03-03T16:30:00,89.96531954297613,15.694099482190378,311.368727331336
2023-03-03T16:45:00,69.16587161483544,16.96900919826511,265.07628696255733
2023-03-03T17:00:00,67.63794193161256,17.07672421087031,219.84998812831074
2023-03-03T17:15:00,67.87495935272425,18.120133342381287,171.1719848986955
2023-03-03T17:30:00,70.85299882065068,17.340309407246586,104.42095377604126
2023-03-03T17:45:00,74.54588219123157,17.04566090643964,94.49659061824366
2023-03-03T18:00:00,71.71518176168378,15.300218435358676,27.741806679139874
2023-03-03T18:15:00,70.2689030340427,16.79179590600164,0.0
2023-03-03T18:30:00,72.6753566183687,16.994589163888172,0.0
2023-03-03T18:45:00,67.13693131345435,15.678780043100883,0.0
2023-03-03T19:00:00,69.86192229062891,15.373305289735034,0.0
2023-03-03T19:15:00,71.36107643863102,13.339827595051139,0.0
2023-03-03T19:30:00,63.790768427579586,15.301324155232978,0.0
2023-03-03T19:45:00,66.00689232781795,15.660255094017499,0.0
2023-03-03T20:00:00,66.14146780182071,13.826654423099074,0.0
2023-03-03T20:15:00,75.32624649713856,12.526972407166397,0.0
2023-03-03T20:30:00,72.29935060846613,12.571950050769576,0.0
2023-03-03T20:45:00,73.49897967041791,11.922785813805381,0.0
2023-03-03T21:00:00,60.41850647869915,11.590338100276815,0.0
2023-03-03T21:15:00,61.17596039221202,12.206352041750312,0.0
2023-03-03T21:30:00,70.69681484123623,11.447094711787141,0.0
2023-03-03T21:45:00,52.09436958473057,11.784182427311709,0.0
2023-03-03T22:00:00,70.55193682051926,10.76877602760021,0.0
2023-03-03T22:15:00,53.60517660754324,9.158062987639958,0.0
2023-03-03T22:30:00,65.10465257863981,9.153995135397182,0.0
2023-03-03T22:45:00,54.508812772886316,8.734214539335246,0.0
2023-03-03T23:00:00,62.18491910151898,8.764317676818656,0.0
2023-03-03T23:15:00,70.92426749843665,10.412080046734086,0.0
2023-03-03T23:30:00,41.44641734989841,10.253118771032415,0.0
2023-03-03T23:45:00,54.236517209274375,8.831314063283283,0.0
2023-03-04T00:00:00,39.79986153146494,7.9912987809082425,0.0
2023-03-04T00:15:00,51.01734124574909,6.242484606815651,0.0
2023-03-04T00:30:00,47.97791705419797,7.575063935176582,0.0
2023-03-04T00:45:00,49.87388110367824,6.336350700941583,0.0
2023-03-04T01:00:00,44.96372719201109,8.549545145053198,0.0
2023-03-04T01:15:00,53.804778057014026,5.1278335322072905,0.0
2023-03-04T01:30:00,43.121295259355996,6.956382809456308,0.0
2023-03-04T01:45:00,57.11140658327358,5.559355516572907,0.0
2023-03-04T02:00:00,49.47391549069395,6.310105527976027,0.0
2023-03-04T02:15:00,45.19782946636728,6.896532179085584,0.0
2023-03-04T02:30:00,60.948292410312426,7.188475191733144,0.0
2023-03-04T02:45:00,53.46716568580833,6.067331930830709,0.0
2023-03-04T03:00:00,64.23671932791282,6.876392221375439,0.0
2023-03-04T03:15:00,61.76053944399897,5.465552033150187,0.0
2023-03-04T03:30:00,52.67471799532704,6.412044887724268,0.0
2023-03-04T03:45:00,57.30432143435785,7.232671403212392,0.0
2023-03-04T04:00:00,59.44586479775151,6.6517201915994875,0.0
2023-03-04T04:15:00,67.6264172949858,5.90425119784997,0.0
2023-03-04T04:30:00,63.37459501896741,6.2928561085627575,0.0
2023-03-04T04:45:00,63.2933488988527,7.749595284545719,0.0
2023-03-04T05:00:00,62.66489626189169,5.8271786315591205,0.0
2023-03-04T05:15:00,64.68608347983788,6.182042863371186,0.0
2023-03-04T05:30:00,72.75311168342424,7.956644389258234,0.0
2023-03-04T05:45:00,67.55113926881815,7.164993231778249,0.0
2023-03-04T06:00:00,66.86568874294277,6.419476787724936,21.91247312008073
2023-03-04T06:15:00,69.28409473926884,9.509919447635408,52.32250338411445
2023-03-04T06:30:00,72.56465885119167,7.3630068092616785,104.42095377604126
2023-03-04T06:45:00,71.47225304501873,8.582324259756659,156.0722576129026
2023-03-04T07:00:00,77.76517945985167,8.495655027506812,207.0552360820166
2023-03-04T07:15:00,91.8929872188793,9.163760044339682,267.4890711789285
2023-03-04T07:30:00,86.06794916169616,8.934455619352033,321.366916167054
2023-03-04T07:45:00,93.10880735096269,10.900818117068402,353.83095217520105
2023-03-04T08:00:00,79.43727356669605,10.673084924885698,423.5065025265326
2023-03-04T08:15:00,96.6518292923244,11.928287334308031,444.4561864156817
2023-03-04T08:30:00,94.69802755209851,10.722850306331878,487.00914320697655
2023-03-04T08:45:00,94.49206420758962,13.855778665762264,527.476652080055
2023-03-04T09:00:00,98.88761051027025,10.210526885689966,574.0304226258856
2023-03-04T09:15:00,96.27001790056019,10.922459538652474,603.3533403340186
2023-03-04T09:30:00,88.57725470015258,14.651417672230648,648.242043340385
2023-03-04T09:45:00,103.93950003901354,13.759759270737064,702.0517821325238
2023-03-04T10:00:00,100.36665203862995,14.00947602486511,700.7773724876859
2023-03-04T10:15:00,97.10871776071667,14.475087770330891,717.4981932261506
2023-03-04T10:30:00,93.0939406070954,14.982483535534897,748.3250065601405
2023-03-04T10:45:00,89.56141154393089,15.068675532941867,796.446888530832
2023-03-04T11:00:00,96.7786551605553,14.149271179568805,785.8674663078338
2023-03-04T11:15:00,102.26383699410138,16.266787974384314,803.5420965037843
2023-03-04T11:30:00,93.56769038715284,16.428422456784467,793.1558890990483
2023-03-04T11:45:00,83.84193841704236,17.49968170853415,806.0247105700304
2023-03-04T12:00:00,89.96625873462565,18.12205743521436,800.0
2023-03-04T12:15:00,88.53113875297207,16.956690595711034,798.2871385908828
2023-03-04T12:30:00,92.98979045728099,15.64774669530914,793.1558890990484
2023-03-04T12:45:00,91.49004659455689,18.876516276211316,786.8009039485274
2023-03-04T13:00:00,73.23007895466539,16.2931781588976,772.7406610312546
2023-03-04T13:15:00,90.50548871147804,17.83437631406242,761.3133788002592
2023-03-04T13:30:00,82.30086870213896,17.401718939840777,739.1036260090294
2023-03-04T13:45:00,79.66948622284391,17.36613109797975,731.546970716473
2023-03-04T14:00:00,85.2188161232546,18.67503075045984,697.3718198439625
2023-03-04T14:15:00,87.52492289063461,18.24434695288126,672.6941570190223
2023-03-04T14:30:00,76.50406885382422,18.5770863307049,654.2704316067213
2023-03-04T14:45:00,87.40035333430095,17.28664292046216,612.5709631799662
2023-03-04T15:00:00,86.79950496082259,17.94110070581925,565.685424949238
2023-03-04T15:15:00,82.2624723829325,17.33279423078483,527.4766520800551
2023-03-04T15:30:00,76.67778552847281,17.864773251459308,497.2837030828769
2023-03-04T15:45:00,75.05518973887922,17.881125128745882,444.4561864156817
2023-03-04T16:00:00,83.97033575733478,19.755034802133117,399.99999999999994
2023-03-04T16:15:00,70.13033547133415,17.537367933695805,361.2518918803966
2023-03-04T16:30:00,81.81669605083133,15.532854541730984,332.80732636789617
2023-03-04T16:45:00,74.44346860984469,18.891503657710828,293.9980282715339
2023-03-04T17:00:00,73.53788350326978,17.760587467926566,207.05523608201682
2023-03-04T17:15:00,64.20204301268959,16.972982910455794,156.0722576129029
2023-03-04T17:30:00,70.71761579319174,16.438080346080227,110.93529715977776
2023-03-04T17:45:00,73.21666526409338,15.67928886001089,57.171058464872374
2023-03-04T18:00:00,62.158624660173736,18.295864455399688,9.797174393178826e-14
2023-03-04T18:15:00,71.98368473439078,16.123095450454358,0.0
2023-03-04T18:30:00,70.55749819996552,14.02999310176476,0.0
2023-03-04T18:45:00,67.46034207542588,15.776337102596765,0.0
2023-03-04T19:00:00,75.43765962983974,16.32134737322875,0.0
2023-03-04T19:15:00,60.53202338360844,14.925342480861415,0.0
2023-03-04T19:30:00,73.5270119136486,13.509682793189135,0.0
2023-03-04T19:45:00,79.99237718978861,13.052738176988223,0.0
2023-03-04T20:00:00,79.03077185170352,12.750771014089802,0.0
2023-03-04T20:15:00,73.5364970294035,14.807375600337632,0.0
2023-03-04T20:30:00,69.64593003294102,12.826668769277395,0.0
2023-03-04T20:45:00,67.34641893530126,10.82887003189614,0.0
2023-03-04T21:00:00,68.18391050617448,12.499309597038375,0.0
2023-03-04T21:15:00,71.39458811005078,11.863793681386605,0.0
2023-03-04T21:30:00,63.426276660647886,10.88312305099027,0.0
2023-03-04T21:45:00,69.85659493130395,9.92422698300833,0.0
2023-03-04T22:00:00,75.17635067052808,9.498366500805911,0.0
2023-03-04T22:15:00,62.494104197511426,11.27317269484128,0.0
2023-03-04T22:30:00,54.24771215058959,10.06658793280847,0.0
2023-03-04T22:45:00,52.30977021308028,9.940087194541688,0.0
2023-03-04T23:00:00,60.90498633221016,9.35993448077403,0.0
2023-03-04T23:15:00,54.66649008204317,9.10944297798812,0.0
2023-03-04T23:30:00,57.2782180288155,7.994212433713348,0.0
2023-03-04T23:45:00,48.17321827216559,7.953271426112721,0.0
2023-03-05T00:00:00,53.07293120229464,9.202689542964702,0.0
2023-03-05T00:15:00,48.17113913257479,9.183969747604193,0.0
2023-03-05T00:30:00,45.428395960499536,6.298206395151784,0.0
2023-03-05T00:45:00,47.299115462518955,7.08334191773589,0.0
2023-03-05T01:00:00,43.61602516169794,7.923551360945978,0.0
2023-03-05T01:15:00,59.92800866760143,8.781261707678546,0.0
2023-03-05T01:30:00,49.96031374657731,8.519100810921975,0.0
2023-03-05T01:45:00,54.2049290773527,5.803079832741812,0.0
2023-03-05T02:00:00,48.914959724552716,7.7599095851303606,0.0
2023-03-05T02:15:00,47.03078210864547,6.4543430443465795,0.0
2023-03-05T02:30:00,51.883344104181106,7.3761658952918205,0.0
2023-03-05T02:45:00,59.38897998191193,7.0815435660486115,0.0
2023-03-05T03:00:00,52.17401888387312,5.0164543820941825,0.0
2023-03-05T03:15:00,51.38023729894703,6.8432388418545,0.0
2023-03-05T03:30:00,57.52190610626679,7.337445847585372,0.0
2023-03-05T03:45:00,60.303521807792166,6.375551487211731,0.0
2023-03-05T04:00:00,67.13405430886141,6.238547039617915,0.0
2023-03-05T04:15:00,61.842792052077925,5.027173735915223,0.0
2023-03-05T04:30:00,64.48610820994986,7.42075874614216,0.0
2023-03-05T04:45:00,66.08740034313387,7.107930343276726,0.0
2023-03-05T05:00:00,57.97835565288192,6.1620820872422275,0.0
2023-03-05T05:15:00,60.201346671925194,6.965760753967274,0.0
2023-03-05T05:30:00,60.8898081721662,7.674801632039307,0.0
2023-03-05T05:45:00,60.9510221015344,7.210743790732412,0.0
2023-03-05T06:00:00,72.8971128389475,8.04045486504955,20.703127641529075
2023-03-05T06:15:00,73.63601939081789,6.574410886855082,96.58318665005288
2023-03-05T06:30:00,75.81010330099156,9.977271547458576,133.25783438135494
2023-03-05T06:45:00,65.59828881338305,8.962906311507616,156.0722576129026
2023-03-05T07:00:00,91.873578659739,8.181064918168635,224.21689084390852
2023-03-05T07:15:00,80.00866418502176,7.166977434957255,262.2820506556812
2023-03-05T07:30:00,97.43914760939028,11.013452771501798,306.1467458920718
2023-03-05T07:45:00,82.41967997008747,10.909873185563619,359.50685641164046
2023-03-05T08:00:00,87.84818872857937,10.938189867512872,438.37353395814176
2023-03-05T08:15:00,82.87516420010869,11.97352449382678,468.3734706300651
2023-03-05T08:30:00,97.39455431881942,12.358159667635348,487.00914320697655
2023-03-05T08:45:00,91.47211858314785,12.082437719331619,527.7509964177538
2023-03-05T09:00:00,92.69694831783465,12.026204207401129,575.5189135553749
2023-03-05T09:15:00,91.96571144891018,12.255695601424547,601.4718459831818
2023-03-05T09:30:00,103.16254297844553,13.484517601884454,634.6826722329881
2023-03-05T09:45:00,102.96471695615342,14.847991731635064,668.2682467242093
2023-03-05T10:00:00,108.29087205244475,13.7304295239581,696.1738240262313
2023-03-05T10:15:00,95.32903529425292,15.685532622394636,717.4981932261506
2023-03-05T10:30:00,99.09810268785344,14.949671492301897,746.863096523182
2023-03-05T10:45:00,90.54316150261864,15.314841534489615,779.2833576660528
2023-03-05T11:00:00,94.06313487670026,17.685527891982918,772.7406610312546
2023-03-05T11:15:00,91.68154399173054,17.26651803899499,785.8244600464079
2023-03-05T11:30:00,94.95324615608659,17.611596243099484,804.5841234327332
2023-03-05T11:45:00,95.91999384475928,15.438879656892501,807.0677241167639
2023-03-05T12:00:00,93.87514691875298,18.715241613934523,800.0
2023-03-05T12:15:00,84.6629305682795,16.70924047541285,798.2871385908828
2023-03-05T12:30:00,93.74105021518668,16.81304728665285,793.1558890990484
2023-03-05T12:45:00,88.31509338712111,15.109987685060977,784.6282243225844
2023-03-05T13:00:00,86.61534551089179,17.802861671919402,802.0800309907972
2023-03-05T13:15:00,84.31585862040302,16.578300915752436,770.2336223614323
2023-03-05T13:30:00,84.59772514301346,18.231949448273653,739.1036260090294
2023-03-05T13:45:00,95.56883752623041,16.80043406839189,717.4981932261506
2023-03-05T14:00:00,87.77737537275439,19.87367322018816,715.4281657685576
2023-03-05T14:15:00,86.42226494815242,18.716704069955053,665.1756898420364
2023-03-05T14:30:00,83.47564597773547,20.508959168651383,651.7143493198732
2023-03-05T14:45:00,96.18650267136516,17.244547932598053,629.135439794395
2023-03-05T15:00:00,89.58700153255856,19.829597669366922,590.0082442421693
2023-03-05T15:15:00,78.5014191926029,16.46485954705774,531.0847349717317
2023-03-05T15:30:00,79.7269667712468,18.437163069376105,512.0296431532824
2023-03-05T15:45:00,78.95999540813298,17.533506987136374,444.4561864156817
2023-03-05T16:00:00,79.64917335600848,17.628016847143,449.7176267589219
2023-03-05T16:15:00,74.25945730581833,17.44550278372075,358.64794300389184
2023-03-05T16:30:00,78.76756472870576,16.908979434375336,329.08262913426984
2023-03-05T16:45:00,82.60904343085528,16.401966567204386,257.1515722425294
2023-03-05T17:00:00,67.5280538216251,17.03414404043411,217.04352674704666
2023-03-05T17:15:00,67.18088621945773,17.38526449576109,166.94152722613038
2023-03-05T17:30:00,69.11454453250997,18.204232823032374,104.42095377604126
2023-03-05T17:45:00,68.0438982486592,17.086807666153863,52.32250338411449
2023-03-05T18:00:00,78.91214283832514,17.689599313072616,9.797174393178826e-14
2023-03-05T18:15:00,74.5781898633676,14.75831644330226,0.0
2023-03-05T18:30:00,74.91318705732357,15.50001759300253,0.0
2023-03-05T18:45:00,69.43643004218225,16.324844741912983,0.0
2023-03-05T19:00:00,69.81186552861101,15.623609180450304,0.0
2023-03-05T19:15:00,64.36391852483607,14.072975451313775,0.0
2023-03-05T19:30:00,75.781447675331,15.510587911015387,0.0
2023-03-05T19:45:00,74.42961278862792,13.677782034525436,0.0
2023-03-05T20:00:00,78.34018134475347,13.055969133880351,0.0
2023-03-05T20:15:00,70.61245322509191,13.937908117252524,0.0
2023-03-05T20:30:00,70.52457654775512,13.06974494331349,0.0
2023-03-05T20:45:00,71.45479772600443,12.149924865011194,0.0
2023-03-05T21:00:00,74.23716571840001,11.723549899411841,0.0
2023-03-05T21:15:00,61.403612125135695,10.81820284947139,0.0
2023-03-05T21:30:00,71.22191472179868,11.10151302527977,0.0
2023-03-05T21:45:00,66.04613639534973,12.209885928049612,0.0
2023-03-05T22:00:00,59.29650010590481,10.972054617031986,0.0
2023-03-05T22:15:00,52.45962997503992,11.310375713617322,0.0
2023-03-05T22:30:00,60.3664559727762,10.50038636814311,0.0
2023-03-05T22:45:00,66.35119722619453,9.014440076373118,0.0
2023-03-05T23:00:00,65.4747202725211,7.6312771498747,0.0
2023-03-05T23:15:00,56.82124039535771,8.02014266183754,0.0
2023-03-05T23:30:00,62.783230232868334,7.956614039509103,0.0
2023-03-05T23:45:00,50.705822468340465,7.5757606637668715,0.0
2023-03-06T00:00:00,53.76282645473634,9.184846288578566,0.0
2023-03-06T00:15:00,46.78297578721823,8.906016670813967,0.0
2023-03-06T00:30:00,46.594417272625485,9.898226647367364,0.0
2023-03-06T00:45:00,45.99305750405464,6.693928203830472,0.0
2023-03-06T01:00:00,39.37514743511951,8.847762932195913,0.0
2023-03-06T01:15:00,56.49316740635488,8.65649780530613,0.0
2023-03-06T01:30:00,47.31055585060662,6.670926095731546,0.0
2023-03-06T01:45:00,47.05165996709269,7.238441668807731,0.0
2023-03-06T02:00:00,45.77594221277028,7.8916453402449305,0.0
2023-03-06T02:15:00,51.34511926779011,6.502830743756487,0.0
2023-03-06T02:30:00,61.94670344349644,6.361406103380625,0.0
2023-03-06T02:45:00,64.42840680105648,5.831976088289058,0.0
2023-03-06T03:00:00,46.54983869378107,4.0864285301751,0.0
2023-03-06T03:15:00,54.03715241463964,6.529785125894989,0.0
2023-03-06T03:30:00,51.649291265879526,5.787928553141842,0.0
2023-03-06T03:45:00,62.82659274218799,5.48640674280192,0.0
2023-03-06T04:00:00,60.42927643299207,7.073103741248034,0.0
2023-03-06T04:15:00,56.96768825524323,5.313574031046398,0.0
2023-03-06T04:30:00,61.70550545217573,7.709269745051028,0.0
2023-03-06T04:45:00,60.18042628342066,7.548829914902521,0.0
2023-03-06T05:00:00,71.89115826634651,6.850121414434247,0.0
2023-03-06T05:15:00,67.82929983128005,7.394339122178399,0.0
2023-03-06T05:30:00,69.7349019567036,6.496125912936477,0.0
2023-03-06T05:45:00,54.35365872175508,8.685766807329642,0.0
2023-03-06T06:00:00,68.66236530237839,8.391190602770111,0.0
2023-03-06T06:15:00,82.67831895972124,8.752242112827263,81.15328352612363
2023-03-06T06:30:00,82.1197635676447,9.295788854458936,104.42095377604126
2023-03-06T06:45:00,69.40291869271984,8.470630236828793,156.0722576129026
2023-03-06T07:00:00,80.10556043515489,7.927408773917196,207.0552360820166
2023-03-06T07:15:00,78.54892210812287,10.750053282436754,264.8964107760901
2023-03-06T07:30:00,95.8120868634368,10.83908486826,331.81856618137556
2023-03-06T07:45:00,90.96377401665053,9.982471453748225,353.83095217520105
2023-03-06T08:00:00,88.14771195463183,11.302662977353046,436.2967504058083
2023-03-06T08:15:00,94.13669606228773,12.533898555459311,445.000133501208
2023-03-06T08:30:00,82.62359702569046,12.802010698601759,487.00914320697655
2023-03-06T08:45:00,91.63009140184808,11.489489437025277,527.476652080055
2023-03-06T09:00:00,98.32066294938494,10.957706003403878,604.7125283219506
2023-03-06T09:15:00,103.13315460897574,11.521670684622235,601.4718459831818
2023-03-06T09:30:00,89.64569229369646,12.91789818920333,634.6826722329881
2023-03-06T09:45:00,97.5781173917305,15.079326114222058,714.3290632186454
2023-03-06T10:00:00,104.35562652157189,13.270935907311886,700.6937249045978
2023-03-06T10:15:00,91.57679700967836,13.778775987647744,733.4748022382363
2023-03-06T10:30:00,99.22641523846725,14.125656544910349,772.7348304258439
2023-03-06T10:45:00,97.39620523708537,14.568468393863471,769.8333552451733
2023-03-06T11:00:00,104.38672682408682,15.435240204751503,792.2384481721438
2023-03-06T11:15:00,93.20158482450519,14.499838272403988,785.7147257691455
2023-03-06T11:30:00,91.84948860866109,17.183395579217407,807.8305348477528
2023-03-06T11:45:00,95.18617881041872,16.257720861428897,798.2871385908828
2023-03-06T12:00:00,82.3645653562757,19.16824231068275,800.0
2023-03-06T12:15:00,87.84907112854022,15.783934895161977,800.6814737215617
2023-03-06T12:30:00,86.54658086979609,18.796453262410452,793.1558890990484
2023-03-06T12:45:00,87.91745524106155,18.826630120639887,794.7157810293028
2023-03-06T13:00:00,92.556857467118,17.23093546269911,782.7775645355567
2023-03-06T13:15:00,90.70571871183542,17.432642884522394,773.9224355939764
2023-03-06T13:30:00,83.73048780410478,17.068446427775953,751.8957563097389
2023-03-06T13:45:00,87.61725954381225,17.218226400569208,757.4990542584711
2023-03-06T14:00:00,93.76902484271383,18.241416056797682,713.8729178202824
2023-03-06T14:15:00,81.46887244858682,18.351874715503875,665.1756898420364
2023-03-06T14:30:00,85.58920940433221,16.79278095013983,643.7441023095064
2023-03-06T14:45:00,83.06730146140883,20.727125911595614,629.7258082663822
2023-03-06T15:00:00,82.8234192410695,18.186950191675066,565.685424949238
2023-03-06T15:15:00,74.0299368872768,18.49923286548694,567.7614879423786
2023-03-06T15:30:00,88.22535154825788,17.76889878366755,487.0091432069767
2023-03-06T15:45:00,76.23595385247356,18.06416919216568,462.4616942804372
2023-03-06T16:00:00,84.1266685472901,17.884143895328332,400.1320088044898
2023-03-06T16:15:00,74.7351994606649,18.125117399983505,353.83095217520105
2023-03-06T16:30:00,73.52245408434543,17.975154333477736,306.1467458920719
2023-03-06T16:45:00,81.490714254913,18.63256984657533,275.3015741409425
2023-03-06T17:00:00,79.14211261596247,17.86983940864354,207.05523608201682
2023-03-06T17:15:00,73.94144463166492,18.139567743052908,156.0722576129029
2023-03-06T17:30:00,75.41258528995506,17.19677626878011,127.61501414417278
2023-03-06T17:45:00,68.86160737984329,17.188758448817886,88.11461529997607
2023-03-06T18:00:00,68.95447055792799,16.447802053274142,9.797174393178826e-14
2023-03-06T18:15:00,66.33801703290126,17.40565367377619,0.0
2023-03-06T18:30:00,74.78839527516051,16.42165805240638,0.0
2023-03-06T18:45:00,67.36768708583945,15.621813592442843,0.0
2023-03-06T19:00:00,78.74570951916128,15.25855691428681,0.0
2023-03-06T19:15:00,70.11976998399089,14.99095984890514,0.0
2023-03-06T19:30:00,72.05178458710053,14.773011566705701,0.0
2023-03-06T19:45:00,75.84447509978261,14.31874273943818,0.0
2023-03-06T20:00:00,72.10601185923693,13.440539664241896,0.0
2023-03-06T20:15:00,70.25355545237313,14.381909536203162,0.0
2023-03-06T20:30:00,71.1598502716417,14.05770019470661,0.0
2023-03-06T20:45:00,75.15015708291612,14.622742662119736,0.0
2023-03-06T21:00:00,66.53991196210795,11.84283733819337,0.0
2023-03-06T21:15:00,68.20000043118372,12.720486998609378,0.0
2023-03-06T21:30:00,67.66956292172114,9.754172579235137,0.0
2023-03-06T21:45:00,70.54803541577911,12.104968181763248,0.0
2023-03-06T22:00:00,64.16695480824306,9.436970663215822,0.0
2023-03-06T22:15:00,72.00064944270581,9.533499153446876,0.0
2023-03-06T22:30:00,60.34262687551944,10.48259178366341,0.0
2023-03-06T22:45:00,58.00070934972474,9.171235872101812,0.0
2023-03-06T23:00:00,56.32263156265241,8.68811353883522,0.0
2023-03-06T23:15:00,48.53764743064413,8.628229628222172,0.0
2023-03-06T23:30:00,47.866062911790614,9.523524466704334,0.0
2023-03-06T23:45:00,48.34368866635567,7.5575017618199745,0.0
2023-03-07T00:00:00,54.74928737227701,8.316476788598678,0.0
2023-03-07T00:15:00,48.94732936644424,7.723577210527298,0.0
2023-03-07T00:30:00,46.81801995247162,8.673043069522102,0.0
2023-03-07T00:45:00,55.587106247994726,8.47237642020807,0.0
2023-03-07T01:00:00,57.5075072667063,5.581838119797754,0.0
2023-03-07T01:15:00,56.40844784266305,8.277145309508683,0.0
2023-03-07T01:30:00,46.32709749162483,6.459239238413968,0.0
2023-03-07T01:45:00,48.65644019640432,7.167983761566539,0.0
2023-03-07T02:00:00,60.818310403911184,5.8788086418227925,0.0
2023-03-07T02:15:00,53.64644434197556,7.0996952602309,0.0
2023-03-07T02:30:00,51.86493599772126,9.215952125318738,0.0
2023-03-07T02:45:00,57.625081785101,6.753284361793912,0.0
2023-03-07T03:00:00,59.96449784108597,6.153424622294143,0.0
2023-03-07T03:15:00,53.02597397138366,6.393957565833338,0.0
2023-03-07T03:30:00,57.9921093409516,5.195573214459618,0.0
2023-03-07T03:45:00,62.59153381371961,8.177523943685575,0.0
2023-03-07T04:00:00,53.26870239822709,7.130600489802699,0.0
2023-03-07T04:15:00,60.28609161077703,5.8827936566720185,0.0
2023-03-07T04:30:00,55.844521215470984,6.053676854744026,0.0
2023-03-07T04:45:00,57.72344633732907,7.247318269893195,0.0
2023-03-07T05:00:00,61.078256838574426,8.349115310572355,0.0
2023-03-07T05:15:00,67.55392937710116,6.473464757388257,0.0
2023-03-07T05:30:00,64.84950114043465,8.96656164006026,0.0
2023-03-07T05:45:00,64.51998491858147,8.010599943109732,0.0
2023-03-07T06:00:00,69.32791094465117,7.440388267814116,0.0
2023-03-07T06:15:00,66.60127995459784,8.189507022767108,82.28163065568594
2023-03-07T06:30:00,77.70696373813475,10.709257643017885,158.00420799992457
2023-03-07T06:45:00,84.36912986361683,7.891637605277548,156.0722576129026
2023-03-07T07:00:00,81.35049882513673,8.881379383994352,212.93529324611046
2023-03-07T07:15:00,83.61710390271935,10.912123783261412,277.911723763634
2023-03-07T07:30:00,89.19761025920421,10.533628789203595,306.1467458920718
2023-03-07T07:45:00,79.67386494261719,9.893394729863479,353.83095217520105
2023-03-07T08:00:00,94.74460646778228,12.025151305690198,434.7634662292951
2023-03-07T08:15:00,109.54916479481203,12.45502614101291,458.1793322917858
2023-03-07T08:30:00,95.12087299696319,12.161505855138271,493.3829522664377
2023-03-07T08:45:00,96.53310218205324,11.608456976976125,556.4871000826738
2023-03-07T09:00:00,101.93030875225573,12.154967720106141,581.0900884257127
2023-03-07T09:15:00,107.20527053920287,13.290367180619757,601.4718459831818
2023-03-07T09:30:00,104.30093155035776,12.084500432047427,634.6826722329881
2023-03-07T09:45:00,88.77968896882882,15.111599153170381,665.1756898420361
2023-03-07T10:00:00,102.19802144879543,15.866395699231461,716.9167871343212
2023-03-07T10:15:00,111.76754378925702,14.305954281919197,731.1399063223496
2023-03-07T10:30:00,101.26653572984763,15.265477426561846,739.1036260090294
2023-03-07T10:45:00,91.36715258670053,16.45280652410383,792.8753674859934
2023-03-07T11:00:00,97.2978027759008,17.56883317850819,772.7406610312546
2023-03-07T11:15:00,88.02265896486198,17.50367507354881,804.3785835372075
2023-03-07T11:30:00,98.94533947838467,14.530303400634029,797.556670044783
2023-03-07T11:45:00,86.20579653595958,16.253793542213394,836.9461993393378
2023-03-07T12:00:00,89.44135630148648,17.356601278543003,815.0609097412265
2023-03-07T12:15:00,84.73841658283919,16.63009388791243,799.210328215144
2023-03-07T12:30:00,86.1667950677626,19.156159126728276,793.1558890990484
2023-03-07T12:45:00,96.11659696539346,19.231465186558403,784.6282243225844
2023-03-07T13:00:00,88.90594047827621,16.993494621388404,772.7406610312546
2023-03-07T13:15:00,85.21272834929988,17.832108769230906,757.5441035960846
2023-03-07T13:30:00,81.82158892381848,17.40699539881858,745.278333811213
2023-03-07T13:45:00,77.64908552668294,18.099724672804964,717.4981932261506
2023-03-07T14:00:00,80.13424303610171,18.183394948341526,692.820323027551
2023-03-07T14:15:00,86.25932658129916,19.452241937106738,665.1756898420364
2023-03-07T14:30:00,89.83837377746438,17.673476844449524,635.7271410009334
2023-03-07T14:45:00,81.3051768154949,15.983676274416354,601.61936621488
2023-03-07T15:00:00,91.06499175535238,17.00872925770568,600.451331985407
2023-03-07T15:15:00,78.6695523188866,17.572124266665387,540.7242414382832
2023-03-07T15:30:00,80.05530809380139,17.90624991918629,529.1654547735825
2023-03-07T15:45:00,74.78365918673214,18.685158422975093,444.4561864156817
2023-03-07T16:00:00,84.02394680086564,17.32903339214605,415.67441286256485
2023-03-07T16:15:00,88.40346500262923,17.083752526651203,353.83095217520105
2023-03-07T16:30:00,67.91472197064716,17.227102117356107,306.1467458920719
2023-03-07T16:45:00,73.7681170909161,16.87885478797685,300.06242477065683
2023-03-07T17:00:00,80.57041826532696,17.25493101835149,207.05523608201682
2023-03-07T17:15:00,65.73721696122092,17.004802617860705,156.0722576129029
2023-03-07T17:30:00,74.51408150728282,18.06244919866172,104.42095377604126
2023-03-07T17:45:00,76.48556171366708,16.13478179974474,52.32250338411449
2023-03-07T18:00:00,69.46128219981054,16.498316398730015,9.797174393178826e-14
2023-03-07T18:15:00,72.47128378142494,16.024324550624144,0.0
2023-03-07T18:30:00,79.14641189080118,17.074725890030393,0.0
2023-03-07T18:45:00,80.65071594368587,15.792414462040409,0.0
2023-03-07T19:00:00,71.08392116080353,16.663969063339692,0.0
2023-03-07T19:15:00,69.11088101059778,14.114634305249698,0.0
2023-03-07T19:30:00,67.42317064315431,14.860006325696219,0.0
2023-03-07T19:45:00,77.00948518015844,13.966018114729538,0.0
2023-03-07T20:00:00,65.2016413958381,12.940140512670022,0.0
2023-03-07T20:15:00,70.5540562653476,13.716303231052214,0.0
2023-03-07T20:30:00,71.89724579696032,15.129357251496032,0.0
2023-03-07T20:45:00,68.23988218303836,12.152782312395225,0.0
2023-03-07T21:00:00,71.32710382939102,12.485817358102732,0.0
2023-03-07T21:15:00,81.72758149051776,10.908621944967091,0.0
2023-03-07T21:30:00,67.08396576480497,10.37088741471618,0.0
2023-03-07T21:45:00,64.12191073250781,10.655478078500828,0.0
2023-03-07T22:00:00,69.81667023101343,10.610375057696196,0.0
2023-03-07T22:15:00,64.23090162246874,10.27905250719038,0.0
2023-03-07T22:30:00,68.39582805165573,10.091146730670735,0.0
2023-03-07T22:45:00,60.08639507235365,8.311207557923122,0.0
2023-03-07T23:00:00,56.009505562389826,8.987326128433525,0.0
2023-03-07T23:15:00,46.27605956496533,9.781609415226562,0.0
2023-03-07T23:30:00,45.02485310802926,7.602458692993639,0.0
2023-03-07T23:45:00,41.89235909441955,8.302051754495015,0.0
2023-03-08T00:00:00,51.037975713274534,8.830987942777128,0.0
2023-03-08T00:15:00,42.37285401774397,7.487479103060812,0.0
2023-03-08T00:30:00,55.59026948397405,8.362189224371782,0.0
2023-03-08T00:45:00,49.676807098068494,6.270840916758042,0.0
2023-03-08T01:00:00,48.60182876056363,8.47308202018392,0.0
2023-03-08T01:15:00,45.983401915929534,7.765349153855912,0.0
2023-03-08T01:30:00,53.774982972978634,7.293173078400093,0.0
2023-03-08T01:45:00,47.18133595348752,8.224022119293553,0.0
2023-03-08T02:00:00,46.89388178581516,6.6558808529873215,0.0
2023-03-08T02:15:00,58.453637238829174,6.278217075077051,0.0
2023-03-08T02:30:00,55.04731887990374,8.204659985812729,0.0
2023-03-08T02:45:00,52.92983659103243,8.63439713276152,0.0
2023-03-08T03:00:00,58.20630918179097,6.087347163840583,0.0
2023-03-08T03:15:00,55.99902294540545,6.67988809341891,0.0
2023-03-08T03:30:00,58.881117053937345,7.877158244976938,0.0
2023-03-08T03:45:00,53.945635709584025,6.817928185728191,0.0
2023-03-08T04:00:00,69.49327292640645,7.579818420961919,0.0
2023-03-08T04:15:00,57.39740623909218,7.879607690476094,0.0
2023-03-08T04:30:00,69.26769286930143,6.675203099334082,0.0
2023-03-08T04:45:00,61.76814632926772,7.818823084162474,0.0
2023-03-08T05:00:00,68.00038455807774,7.578439752741777,0.0
2023-03-08T05:15:00,68.91059093666146,6.575098602749312,0.0
2023-03-08T05:30:00,72.26501481320254,7.031012181782534,0.0
2023-03-08T05:45:00,63.630098761429764,7.6173291006881145,0.0
2023-03-08T06:00:00,74.51945688824765,9.466664033641667,14.459406171388068
2023-03-08T06:15:00,81.63943460431418,9.786068141671262,57.13939360398074
2023-03-08T06:30:00,74.34062450658288,9.87812921422764,110.6842363441564
2023-03-08T06:45:00,78.95686814336287,9.88747417510635,183.11991959749594
2023-03-08T07:00:00,79.20042757150298,10.193611177114786,230.06115822393042
2023-03-08T07:15:00,82.96930936212188,10.404613178199169,262.65821228775246
2023-03-08T07:30:00,95.95866424161579,10.892281331189443,349.0551116445919
2023-03-08T07:45:00,84.86618115995087,11.327510661803577,353.83095217520105
2023-03-08T08:00:00,87.42106682936605,9.823448433615841,399.99999999999994
2023-03-08T08:15:00,102.16538221198657,10.819995791917338,444.4561864156817
2023-03-08T08:30:00,98.92813798580559,10.968706092155992,487.00914320697655
2023-03-08T08:45:00,107.8017203496745,13.495511102231497,527.476652080055
2023-03-08T09:00:00,96.03122231645501,14.434884973541958,565.6854249492379
2023-03-08T09:15:00,99.68115463822788,11.004155724927028,608.3435490592773
2023-03-08T09:30:00,96.19384936315504,15.128756635150317,634.6826722329881
2023-03-08T09:45:00,100.34537095881203,14.038048175586646,665.1756898420361
2023-03-08T10:00:00,90.58168552788716,15.346418959732173,693.6668334186724
2023-03-08T10:15:00,102.40380760015067,15.215888816362213,719.9596428110134
2023-03-08T10:30:00,99.84284266733897,16.517280517748805,753.4051136862563
2023-03-08T10:45:00,96.92353059455667,15.64425944462985,757.5441035960845
2023-03-08T11:00:00,94.00797478463639,14.417330411145429,790.2177968415838
2023-03-08T11:15:00,90.02346703855379,16.00853138430275,784.6282243225844
2023-03-08T11:30:00,96.49102734603115,16.949009490117476,793.1558890990483
2023-03-08T11:45:00,85.20090130140915,16.5208986590244,832.267002622897
2023-03-08T12:00:00,91.70075944209955,17.681157279230302,800.0
2023-03-08T12:15:00,99.4707153206727,17.226126326191764,798.2871385908828
2023-03-08T12:30:00,96.39778455255103,16.945395592590888,793.1558890990484
2023-03-08T12:45:00,81.23134577656468,16.683624160462074,784.6282243225844
2023-03-08T13:00:00,85.77610610591819,17.585121910131633,775.5079241918299
2023-03-08T13:15:00,90.18713617453214,18.366592968854803,771.6749494529436
2023-03-08T13:30:00,87.26746092200732,16.364670260770115,739.1036260090294
2023-03-08T13:45:00,80.081706121095,17.682289236213958,717.4981932261506
2023-03-08T14:00:00,88.38836771490956,16.579647782918357,692.820323027551
2023-03-08T14:15:00,85.72058765232275,18.04842169839969,665.1756898420364
2023-03-08T14:30:00,94.57997373069695,19.92676877248843,634.6826722329881
2023-03-08T14:45:00,82.91193251834565,17.58182202766113,616.2030384808727
2023-03-08T15:00:00,89.12343243221724,19.483944615819674,581.8068889221823
2023-03-08T15:15:00,75.99275416820484,21.616763536702287,527.4766520800551
2023-03-08T15:30:00,76.17646197254521,20.182992169458558,495.8381628846688
2023-03-08T15:45:00,83.86099434129282,18.79900993276894,461.9808378826263
2023-03-08T16:00:00,84.5599337848902,19.43477428348924,402.02417775365075
2023-03-08T16:15:00,73.20009005586141,17.092682844492188,381.7031658550496
2023-03-08T16:30:00,76.9153355615747,16.75064741161551,306.1467458920719
2023-03-08T16:45:00,68.66217332027118,18.19071942823387,257.1515722425294
2023-03-08T17:00:00,73.41156165237636,18.37554785613339,207.05523608201682
2023-03-08T17:15:00,77.22770025029654,18.86400682802286,169.01701949349305
2023-03-08T17:30:00,69.57701123057365,16.972142770304444,104.42095377604126
2023-03-08T17:45:00,69.20416893673719,17.485219199193857,81.28199552640551
2023-03-08T18:00:00,63.492302890373075,17.182537113630605,11.23548760990115
2023-03-08T18:15:00,66.54931811242662,16.60546565498229,0.0
2023-03-08T18:30:00,79.2035962950618,16.360878567876668,0.0
2023-03-08T18:45:00,71.34434938559278,15.2595017654364,0.0
2023-03-08T19:00:00,66.45336014654994,16.060492278343308,0.0
2023-03-08T19:15:00,70.27005226133096,15.629566991467431,0.0
2023-03-08T19:30:00,64.10707484651694,14.63687369819285,0.0
2023-03-08T19:45:00,67.12500772114079,15.375195927800883,0.0
2023-03-08T20:00:00,78.93335963385218,15.361530729005768,0.0
2023-03-08T20:15:00,71.17565608719757,14.62870309803058,0.0
2023-03-08T20:30:00,80.90858957652098,12.521498703217931,0.0
2023-03-08T20:45:00,70.34929730797883,13.272849412201197,0.0
2023-03-08T21:00:00,69.81925077716491,11.869353307094894,0.0
2023-03-08T21:15:00,72.18062744559157,12.484920840877322,0.0
2023-03-08T21:30:00,54.400162559267656,11.090091019618121,0.0
2023-03-08T21:45:00,67.3947772417396,12.887406275216362,0.0
2023-03-08T22:00:00,64.56622042262639,12.011202068363065,0.0
2023-03-08T22:15:00,70.53431962314383,12.005137383481767,0.0
2023-03-08T22:30:00,66.09368792024391,11.536406365963305,0.0
2023-03-08T22:45:00,53.665640299348034,9.856453017070676,0.0
2023-03-08T23:00:00,63.53345644920988,9.35517512643092,0.0
2023-03-08T23:15:00,53.95425313136011,11.189087300540887,0.0
2023-03-08T23:30:00,48.67240219943472,8.96309664573361,0.0
2023-03-08T23:45:00,52.12751055473805,7.470129336885934,0.0
2023-03-09T00:00:00,48.195866098847254,9.713781047860348,0.0
2023-03-09T00:15:00,56.944860982536895,8.581691824703665,0.0
2023-03-09T00:30:00,51.08392579214619,9.694779083545377,0.0
2023-03-09T00:45:00,50.62230187353177,8.203107005479383,0.0
2023-03-09T01:00:00,54.39443176566218,7.732801091260463,0.0
2023-03-09T01:15:00,55.7354683777278,9.093839360892368,0.0
2023-03-09T01:30:00,54.650147698427105,5.8672114612091,0.0
2023-03-09T01:45:00,58.36957541058735,6.682011919740166,0.0
2023-03-09T02:00:00,54.932616866046516,6.266037071724189,0.0
2023-03-09T02:15:00,53.41857795474895,4.869163540321141,0.0
2023-03-09T02:30:00,59.53850638178179,7.873462261087548,0.0
2023-03-09T02:45:00,53.71843602717611,6.404383047899248,0.0
2023-03-09T03:00:00,55.2338098351587,7.854323042960383,0.0
2023-03-09T03:15:00,64.63068116164953,7.350887953116791,0.0
2023-03-09T03:30:00,65.14410493676809,7.60742829969863,0.0
2023-03-09T03:45:00,58.05742918215769,6.608843838053778,0.0
2023-03-09T04:00:00,56.941954990638266,6.389151899594349,0.0
2023-03-09T04:15:00,67.67980657382881,7.357135099562894,0.0
2023-03-09T04:30:00,65.55813601944061,8.324845989554257,0.0
2023-03-09T04:45:00,64.35882984208993,7.517336546633935,0.0
2023-03-09T05:00:00,62.42396842416622,7.050866255974883,0.0
2023-03-09T05:15:00,66.96638933041675,6.7611192361001775,0.0
2023-03-09T05:30:00,66.4906467333268,8.392997974890223,0.0
2023-03-09T05:45:00,64.5799593946985,7.883848621511405,0.0
2023-03-09T06:00:00,69.85492452010253,8.634573726804781,6.579665321453647
2023-03-09T06:15:00,73.80278857326802,8.754101328464735,52.32250338411445
2023-03-09T06:30:00,73.82554706350402,8.851955452576938,115.15729965881292
2023-03-09T06:45:00,83.37089924601285,9.909337163955707,156.0722576129026
2023-03-09T07:00:00,88.3302557407717,10.503459085457914,241.86861974871312
2023-03-09T07:15:00,89.61941208663745,12.260501804650584,265.73407778687096
2023-03-09T07:30:00,86.08874131619638,11.41082212180778,306.1467458920718
2023-03-09T07:45:00,93.73489430685677,12.614000538968979,360.6767432541739
2023-03-09T08:00:00,92.58990092123312,10.577440359296947,399.99999999999994
2023-03-09T08:15:00,88.00058063239793,10.177468298490014,449.61176801555354
2023-03-09T08:30:00,99.23747574416552,12.15136759227334,487.00914320697655
2023-03-09T08:45:00,97.99896030455962,13.414563470082047,527.476652080055
2023-03-09T09:00:00,111.31958851124384,13.650116719473237,565.6854249492379
2023-03-09T09:15:00,106.40453626374584,14.552755349021242,650.1705311464434
2023-03-09T09:30:00,103.1214178619997,11.19556679564891,636.5105178670219
2023-03-09T09:45:00,100.94315061732745,15.372473828294785,665.1756898420361
2023-03-09T10:00:00,100.33921328491178,14.837331898358572,692.8203230275509
2023-03-09T10:15:00,94.0290207940231,13.333578448007763,726.9215152842023
2023-03-09T10:30:00,89.59896910919075,15.968584442233153,739.1036260090294
2023-03-09T10:45:00,92.91694135679144,15.772169719460779,757.5441035960845
2023-03-09T11:00:00,95.78964431209556,16.330184299891858,772.7406610312546
2023-03-09T11:15:00,84.03797357966238,17.281485549746783,784.6282243225844
2023-03-09T11:30:00,90.1992868198166,17.031798943796847,793.1558890990483
2023-03-09T11:45:00,89.88671905961705,15.432204793444535,798.2871385908828
2023-03-09T12:00:00,88.13258010973905,17.048569418650185,800.0
2023-03-09T12:15:00,85.8582733509977,15.84234867533678,798.2871385908828
2023-03-09T12:30:00,87.33104103273554,18.358136923620112,793.1558890990484
2023-03-09T12:45:00,97.44488762585027,19.33574291671312,790.1582256873584
2023-03-09T13:00:00,91.83895581040073,16.903655461468112,817.2652206907393
2023-03-09T13:15:00,85.34681158257773,17.658727689977525,784.1794070028319
2023-03-09T13:30:00,87.34556458558227,17.60986287525936,777.9420153947997
2023-03-09T13:45:00,87.00560102955876,18.176630506346104,717.4981932261506
2023-03-09T14:00:00,82.69044378415438,19.156933117247085,726.3140877769748
2023-03-09T14:15:00,81.99345403449797,18.39059756163203,669.7212061694197
2023-03-09T14:30:00,90.12939978462462,19.550154342255695,654.4099420673833
2023-03-09T14:45:00,82.1475871391618,20.001488310821404,610.625925144145
2023-03-09T15:00:00,77.87836656574294,20.050714262643083,565.685424949238
2023-03-09T15:15:00,82.1809274588205,17.817927445375783,541.866604452176
2023-03-09T15:30:00,81.97499022298639,20.283553114029395,496.7077542793462
2023-03-09T15:45:00,70.45759641658921,20.299738968609432,444.4561864156817
2023-03-09T16:00:00,79.00598108808038,20.297189890285384,399.99999999999994
2023-03-09T16:15:00,82.39538635328768,18.472720958566743,371.27903590676664
2023-03-09T16:30:00,79.1195284520773,17.740389723071253,311.6951781559497
2023-03-09T16:45:00,86.78747775920444,17.345950259029852,266.54099166248534
2023-03-09T17:00:00,80.64164119077766,17.04332753744562,207.05523608201682
2023-03-09T17:15:00,80.35618944124319,17.94946308179395,161.19646974099652
2023-03-09T17:30:00,85.82066640113901,18.556926899551645,104.42095377604126
2023-03-09T17:45:00,74.30855677064221,18.766552287175017,52.32250338411449
2023-03-09T18:00:00,70.02506391682985,16.706038572070742,9.797174393178826e-14
2023-03-09T18:15:00,74.72824464302091,16.866341624833932,0.0
2023-03-09T18:30:00,67.68529254232814,16.49733602196469,0.0
2023-03-09T18:45:00,71.58658951979496,15.647096149566282,0.0
2023-03-09T19:00:00,68.29469375972437,16.684704531074427,0.0
2023-03-09T19:15:00,73.90226779404833,15.965535389251041,0.0
2023-03-09T19:30:00,68.90310050756366,15.386878770623953,0.0
2023-03-09T19:45:00,68.82959667784625,15.235897232328703,0.0
2023-03-09T20:00:00,74.26746039946045,15.117320519886418,0.0
2023-03-09T20:15:00,71.26794400054078,14.724933952540967,0.0
2023-03-09T20:30:00,61.88576601274423,12.893622198512258,0.0
2023-03-09T20:45:00,63.61668488921167,14.237702325437613,0.0
2023-03-09T21:00:00,64.33124479612808,13.204321118994367,0.0
2023-03-09T21:15:00,64.62973011762408,12.121920030952685,0.0
2023-03-09T21:30:00,69.90365011307085,12.400027539439668,0.0
2023-03-09T21:45:00,67.53320785414293,12.122890545942091,0.0
2023-03-09T22:00:00,70.20598271674015,12.47782439786281,0.0
2023-03-09T22:15:00,66.93656726558996,9.974162581009658,0.0
2023-03-09T22:30:00,66.69823872565212,11.977838760777463,0.0
2023-03-09T22:45:00,62.44451267969066,10.318389216309628,0.0
2023-03-09T23:00:00,58.439592896842434,9.442801750565208,0.0
2023-03-09T23:15:00,60.83101746601637,9.078775503339061,0.0
2023-03-09T23:30:00,57.86016528492845,8.295018668918905,0.0
2023-03-09T23:45:00,53.090904133465,7.251965226956651,0.0
2023-03-10T00:00:00,55.630776190092675,9.552492094807477,0.0
2023-03-10T00:15:00,37.589297158502916,10.587580457115658,0.0
2023-03-10T00:30:00,47.99420373761351,6.739997510984332,0.0
2023-03-10T00:45:00,48.1307588994687,7.178487311821927,0.0
2023-03-10T01:00:00,55.72031469741845,8.67316366800626,0.0
2023-03-10T01:15:00,58.1937892306437,7.690859543700006,0.0
2023-03-10T01:30:00,43.546929334514914,8.408874948774988,0.0
2023-03-10T01:45:00,58.39379787588458,7.334431601448088,0.0
2023-03-10T02:00:00,46.09768282997185,6.741550444566771,0.0
2023-03-10T02:15:00,46.93994836193695,7.007179108475045,0.0
2023-03-10T02:30:00,52.23692151833043,4.786974311068732,0.0
2023-03-10T02:45:00,52.6475883255495,5.987095016487473,0.0
2023-03-10T03:00:00,47.34119481347663,8.06601227578626,0.0
2023-03-10T03:15:00,59.33789040125342,8.322479206314783,0.0
2023-03-10T03:30:00,60.497200379250565,8.575229788417012,0.0
2023-03-10T03:45:00,63.43422015621828,7.673890565596209,0.0
2023-03-10T04:00:00,57.10814018690264,5.0661090695468785,0.0
2023-03-10T04:15:00,60.231729456549694,6.801145595409783,0.0
2023-03-10T04:30:00,61.46961236397695,8.89911138304847,0.0
2023-03-10T04:45:00,71.28660473707106,9.35955069105498,0.0
2023-03-10T05:00:00,49.92781202057547,9.284228221868169,0.0
2023-03-10T05:15:00,60.588888650523884,7.8926627629824875,0.0
2023-03-10T05:30:00,66.69259720534993,7.051036993245582,0.0
2023-03-10T05:45:00,62.539503076611595,8.566062466735213,0.0
2023-03-10T06:00:00,67.98381504943639,8.889899232678536,1.8967539498005739
2023-03-10T06:15:00,71.91099462184606,10.727222831058597,52.526600426227624
2023-03-10T06:30:00,72.47979581276846,9.692955627637446,127.08694802430408
2023-03-10T06:45:00,79.23981939210425,9.800992682330717,156.0722576129026
2023-03-10T07:00:00,85.09254412663147,10.191228049711018,207.0552360820166
2023-03-10T07:15:00,83.65429535183101,10.863859590016238,257.15157224252926
2023-03-10T07:30:00,85.26971353104831,11.448072393438588,306.1467458920718
2023-03-10T07:45:00,89.19266616127116,10.464558675730594,371.00925037044925
2023-03-10T08:00:00,92.2286161593306,10.507198236326865,421.25838762786674
2023-03-10T08:15:00,85.54341665718121,13.317749490875487,444.4561864156817
2023-03-10T08:30:00,98.24730240010881,10.693534453811566,507.6117923400715
2023-03-10T08:45:00,95.07899991116653,14.363061585391472,527.476652080055
2023-03-10T09:00:00,104.72522783357817,11.20705420431386,566.1645150132866
2023-03-10T09:15:00,102.13915328419104,12.925610544117397,601.4718459831818
2023-03-10T09:30:00,105.48170305705098,14.872744025471315,636.4376464009799
2023-03-10T09:45:00,94.70798310093764,14.288616722742601,666.8265932470781
2023-03-10T10:00:00,97.72937276231018,13.354170368420842,692.8203230275509
2023-03-10T10:15:00,92.90087933352721,15.472797847512524,717.4981932261506
2023-03-10T10:30:00,94.83365315916929,15.48083783755858,739.1036260090294
2023-03-10T10:45:00,103.60596798336785,15.555416754439587,784.8085283781128
2023-03-10T11:00:00,103.53138625118582,15.49381061078465,772.7406610312546
2023-03-10T11:15:00,88.89070745531062,16.41654830015457,829.7350245863138
2023-03-10T11:30:00,90.69521139821957,16.188379863667524,793.1558890990483
2023-03-10T11:45:00,90.80950982374507,19.50834046101713,803.0883229292211
2023-03-10T12:00:00,92.20344504484088,17.120356436870072,811.4241300633979
2023-03-10T12:15:00,80.43354398288159,17.255014792622312,798.2871385908828
2023-03-10T12:30:00,81.08931365562599,17.33621679782718,820.8031533480691
2023-03-10T12:45:00,91.3392531632186,19.883501418221023,795.5324599901445
2023-03-10T13:00:00,78.84874051698371,16.674818446378623,772.7406610312546
2023-03-10T13:15:00,85.98003239499974,18.858401772663104,784.9693990569809
2023-03-10T13:30:00,88.56346652881192,18.421720124758874,739.1036260090294
2023-03-10T13:45:00,89.29120151611133,17.375913573896177,717.4981932261506
2023-03-10T14:00:00,85.8873344337616,18.09421153143885,704.0717316661058
2023-03-10T14:15:00,84.07602548660523,19.319398577892777,681.205018350327
2023-03-10T14:30:00,89.36533794019907,18.202008850154336,641.1351099360971
2023-03-10T14:45:00,85.7382426172003,19.364450369219224,601.4718459831819
2023-03-10T15:00:00,80.18246934976563,20.846886130253907,565.685424949238
2023-03-10T15:15:00,82.65094762120454,19.275487118216518,550.104670599563
2023-03-10T15:30:00,83.36649052924736,17.612889591285928,491.8170361977015
2023-03-10T15:45:00,88.97800770344092,18.155648322140053,444.4561864156817
2023-03-10T16:00:00,83.20703517724986,18.627882120556706,399.99999999999994
2023-03-10T16:15:00,84.19397491994172,18.44707855954353,384.10017842707964
2023-03-10T16:30:00,73.87604850159562,18.813023941751197,306.1467458920719
2023-03-10T16:45:00,73.08329161058019,18.811412292841755,262.6061935842257
2023-03-10T17:00:00,73.27489777377745,20.044413279393048,234.07336477675813
2023-03-10T17:15:00,72.45936004292372,18.10283091029494,166.91440342849273
2023-03-10T17:30:00,66.84581589117855,16.72565849643906,104.42095377604126
2023-03-10T17:45:00,76.91314755317893,18.78257787668999,52.32250338411449
2023-03-10T18:00:00,73.69217502458594,18.62339816546787,37.39776945692731
2023-03-10T18:15:00,68.39685782798234,17.30625088617394,0.0
2023-03-10T18:30:00,73.75573191299802,16.523907080410922,0.0
2023-03-10T18:45:00,72.22835769596493,17.073700702234234,0.0
2023-03-10T19:00:00,75.19817583839844,15.906653087888026,0.0
2023-03-10T19:15:00,65.2565133472314,13.715756114104082,0.0
2023-03-10T19:30:00,71.50004454030122,15.977307778730564,0.0
2023-03-10T19:45:00,72.0397504962515,15.938621170361106,0.0
2023-03-10T20:00:00,75.38400839061681,16.111734402562014,0.0
2023-03-10T20:15:00,68.88001715715856,13.557516390711765,0.0
2023-03-10T20:30:00,59.0894220295416,14.12705537074914,0.0
2023-03-10T20:45:00,65.55167486598314,13.7579512348014,0.0
2023-03-10T21:00:00,69.82804128350648,13.203115461271373,0.0
2023-03-10T21:15:00,69.42971473433624,12.840170164472916,0.0
2023-03-10T21:30:00,76.31597803742822,12.371711763624214,0.0
2023-03-10T21:45:00,69.41794978070087,12.158940371053605,0.0
2023-03-10T22:00:00,65.35294121302724,12.305499664947789,0.0
2023-03-10T22:15:00,63.07630572559954,12.409383634332906,0.0
2023-03-10T22:30:00,66.92534481421292,10.065299886683382,0.0
2023-03-10T22:45:00,56.517683420233475,10.29169940546537,0.0
2023-03-10T23:00:00,56.75548137130761,9.6951247816799,0.0
2023-03-10T23:15:00,49.95367211251221,9.218639146249888,0.0
2023-03-10T23:30:00,60.42333552833009,7.8491329122092095,0.0
2023-03-10T23:45:00,53.238625939328735,9.185880466820107,0.0
2023-03-11T00:00:00,45.80075580820952,9.523748240611226,0.0
2023-03-11T00:15:00,48.80891877186564,8.620929961412488,0.0
2023-03-11T00:30:00,52.057728876784445,8.517990620040727,0.0
2023-03-11T00:45:00,48.469072116553264,8.716687812279082,0.0
2023-03-11T01:00:00,47.34750265388489,9.502035830642223,0.0
2023-03-11T01:15:00,47.12840126840548,7.486067579466058,0.0
2023-03-11T01:30:00,52.55559113420909,6.572179248783614,0.0
2023-03-11T01:45:00,49.61064606152206,7.515047634220976,0.0
2023-03-11T02:00:00,49.74907553872675,9.375074863820759,0.0
2023-03-11T02:15:00,46.02867126690132,6.2414563173374535,0.0
2023-03-11T02:30:00,53.85950836504039,7.988535085522645,0.0
2023-03-11T02:45:00,53.39545894469017,8.457828248038718,0.0
2023-03-11T03:00:00,53.58799492128848,4.921534338790964,0.0
2023-03-11T03:15:00,57.145309373671466,7.710137542362089,0.0
2023-03-11T03:30:00,60.90315502173433,7.941810027015457,0.0
2023-03-11T03:45:00,61.73479498753955,7.135021674385987,0.0
2023-03-11T04:00:00,62.10201479272806,6.845075039361097,0.0
2023-03-11T04:15:00,59.289247090670614,7.014825428690609,0.0
2023-03-11T04:30:00,58.849711961221246,7.415222867241883,0.0
2023-03-11T04:45:00,57.69000477555384,7.603736077301317,0.0
2023-03-11T05:00:00,61.19620884948843,7.600139092721824,0.0
2023-03-11T05:15:00,65.53481632358952,7.953775631687507,0.0
2023-03-11T05:30:00,62.796417835565805,9.71774034028444,0.0
2023-03-11T05:45:00,68.5105953992136,7.561600934396225,0.0
2023-03-11T06:00:00,64.51108889866994,7.295369447794348,1.9422829244308781
2023-03-11T06:15:00,64.29936831109778,10.537778774819126,66.88291047322404
2023-03-11T06:30:00,79.92821241349206,9.442482224792318,134.7969179740606
2023-03-11T06:45:00,76.60835723719896,9.565414867585075,156.0722576129026
2023-03-11T07:00:00,77.82958492416022,10.175851434452555,207.0552360820166
2023-03-11T07:15:00,79.4293473229361,10.842613117650343,257.15157224252926
2023-03-11T07:30:00,89.71382252698126,10.46691673687632,361.9001470092532
2023-03-11T07:45:00,96.95898475431764,11.864362894013558,371.54900222315115
2023-03-11T08:00:00,90.31338403996511,10.771891713761203,407.4559954751015
2023-03-11T08:15:00,93.23015306297769,11.814700448239268,444.4561864156817
2023-03-11T08:30:00,101.36064746218506,10.289215149580162,487.00914320697655
2023-03-11T08:45:00,88.34473298904622,14.066886917668139,528.2536457918654
2023-03-11T09:00:00,108.31485112652354,13.110980861625594,565.6854249492379
2023-03-11T09:15:00,111.4673428700478,14.349591425303242,601.4718459831818
2023-03-11T09:30:00,86.16263884128956,14.546800295771781,634.6826722329881
2023-03-11T09:45:00,99.33844137736568,15.007424270653315,665.1756898420361
2023-03-11T10:00:00,96.05452626133678,14.832207300226003,692.8203230275509
2023-03-11T10:15:00,97.85226836872788,15.603932742743368,745.2883491907139
2023-03-11T10:30:00,96.33063930817359,14.62188473976382,739.1036260090294
2023-03-11T10:45:00,101.46719180565897,14.7696221432695,757.5441035960845
2023-03-11T11:00:00,95.59403927917067,16.185962624679966,772.7406610312546
2023-03-11T11:15:00,90.13979331077041,15.940713575907072,798.7538310232103
2023-03-11T11:30:00,92.18862938576764,18.365101305486974,793.1558890990483
2023-03-11T11:45:00,93.82736482111414,17.618287878092747,817.8484990208883
2023-03-11T12:00:00,83.41976564940285,16.81322785518397,800.0
2023-03-11T12:15:00,81.06438230815142,17.52656696455351,798.2871385908828
2023-03-11T12:30:00,99.13098351988205,18.180195181920734,826.0178608122449
2023-03-11T12:45:00,85.74194449775169,18.20788327585158,784.6282243225844
2023-03-11T13:00:00,87.970123879413,18.75496701382612,787.1587552800681
2023-03-11T13:15:00,86.2879978490035,18.736959551843665,777.6363209572756
2023-03-11T13:30:00,90.5564014588657,17.439689004782863,745.3015820538359
2023-03-11T13:45:00,96.13977673433823,16.81774476765195,717.4981932261506
2023-03-11T14:00:00,89.55854957256444,18.709014471027643,735.3344037291944
2023-03-11T14:15:00,78.37593879658021,19.732272945702963,665.1756898420364
2023-03-11T14:30:00,78.28482195901131,18.873368691864506,638.7642222336442
2023-03-11T14:45:00,82.38034456117421,20.51078621102207,601.4718459831819
2023-03-11T15:00:00,82.13934191429387,19.240181858886327,568.7070620968325
2023-03-11T15:15:00,73.91553224249763,20.631418161868822,546.7590116541842
2023-03-11T15:30:00,85.61030546927587,20.387641165692393,487.0091432069767
2023-03-11T15:45:00,75.0181741592139,20.223067105779073,444.4561864156817
2023-03-11T16:00:00,86.80488009885804,17.879111881712635,410.27140365633636
2023-03-11T16:15:00,87.28730907863789,18.98579000312906,353.83095217520105
2023-03-11T16:30:00,75.75077327237017,20.053119240735256,320.98427473125537
2023-03-11T16:45:00,77.96202479638342,18.940649732139395,257.1515722425294
2023-03-11T17:00:00,68.35501707985867,19.037580885890826,225.91741814824712
2023-03-11T17:15:00,76.3585603609474,16.887998926884872,156.0722576129029
2023-03-11T17:30:00,69.45793401545843,19.965978530540703,104.42095377604126
2023-03-11T17:45:00,65.21025826489034,17.00673300049367,52.32250338411449
2023-03-11T18:00:00,67.89169734696434,15.535284103554313,9.797174393178826e-14
2023-03-11T18:15:00,67.65946254490036,16.89201771096057,0.0
2023-03-11T18:30:00,68.98433710534725,14.492153280716483,0.0
2023-03-11T18:45:00,75.92521684746482,15.53536481151167,0.0
2023-03-11T19:00:00,67.73545342300018,18.84558039128967,0.0
2023-03-11T19:15:00,80.71611941616621,15.560759921996011,0.0
2023-03-11T19:30:00,65.6660071945989,14.155381984395973,0.0
2023-03-11T19:45:00,80.47004995411073,15.241003236570313,0.0
2023-03-11T20:00:00,67.24620023546237,13.942179083768375,0.0
2023-03-11T20:15:00,72.08009445282343,15.322129689955926,0.0
2023-03-11T20:30:00,69.20105053500077,13.180680932119492,0.0
2023-03-11T20:45:00,69.30448554914575,13.950221043701243,0.0
2023-03-11T21:00:00,74.20302284627604,12.140009521312765,0.0
2023-03-11T21:15:00,76.67238304540092,15.49367792759492,0.0
2023-03-11T21:30:00,73.91281640151878,13.007535124892227,0.0
2023-03-11T21:45:00,64.54289136813841,11.971020828605987,0.0
2023-03-11T22:00:00,65.92952138132983,11.441196036938816,0.0
2023-03-11T22:15:00,59.390828193602204,10.80483178311689,0.0
2023-03-11T22:30:00,56.50963179292826,10.230054484187168,0.0
2023-03-11T22:45:00,53.79968660481461,9.84493969069003,0.0
2023-03-11T23:00:00,55.331989227527245,11.965397408647174,0.0
2023-03-11T23:15:00,56.710946320715706,9.401033202346374,0.0
2023-03-11T23:30:00,43.83268493853333,7.505081077494481,0.0
2023-03-11T23:45:00,51.10731819385413,8.165025946704915,0.0
2023-03-12T00:00:00,56.97868620216658,10.141995726237042,0.0
2023-03-12T00:15:00,55.05093746001751,8.693548891891988,0.0
2023-03-12T00:30:00,46.64374296930942,8.562710151473407,0.0
2023-03-12T00:45:00,42.79849042494042,9.63790857096101,0.0
2023-03-12T01:00:00,52.379195585961725,7.483592781478254,0.0
2023-03-12T01:15:00,38.872816738479344,8.708093066291964,0.0
2023-03-12T01:30:00,56.47174050860661,7.245751448501877,0.0
2023-03-12T01:45:00,50.39316845934899,8.35120765313889,0.0
2023-03-12T02:00:00,61.23455410661719,7.270221584853121,0.0
2023-03-12T02:15:00,44.13434090548572,7.330650936082117,0.0
2023-03-12T02:30:00,58.122224899633416,8.328376282625603,0.0
2023-03-12T02:45:00,53.85922024576842,8.217783061608069,0.0
2023-03-12T03:00:00,53.601172298327604,7.291483807952605,0.0
2023-03-12T03:15:00,49.36242695135685,6.998134583930784,0.0
2023-03-12T03:30:00,60.202071532803124,9.107390209595982,0.0
2023-03-12T03:45:00,61.667842842911206,8.161530922435777,0.0
2023-03-12T04:00:00,68.32419958924841,7.270215026964895,0.0
2023-03-12T04:15:00,65.59303808934189,7.1222466530968,0.0
2023-03-12T04:30:00,58.77541528733848,8.938532105231609,0.0
2023-03-12T04:45:00,57.950458355268154,8.191075430214218,0.0
2023-03-12T05:00:00,57.37972250975661,8.097206375524472,0.0
2023-03-12T05:15:00,72.86287586729374,8.583069295104512,0.0
2023-03-12T05:30:00,62.8971653136286,9.03458862624677,0.0
2023-03-12T05:45:00,75.49164733967262,8.889183801052555,0.0
2023-03-12T06:00:00,72.0239207837293,10.4179579730809,20.95269754210292
2023-03-12T06:15:00,74.3140304552924,10.760175378968764,73.74741858907313
2023-03-12T06:30:00,74.3570285375563,10.336231338506664,104.42095377604126
2023-03-12T06:45:00,82.34398307022913,11.498209385735205,156.0722576129026
2023-03-12T07:00:00,81.99758766728537,10.465408561495412,207.0552360820166
2023-03-12T07:15:00,83.11270486326895,11.493510657047798,262.9037859061573
2023-03-12T07:30:00,91.13885487775997,12.165267518038593,306.1467458920718
2023-03-12T07:45:00,89.42477394206186,12.547313281554828,381.70194196448176
2023-03-12T08:00:00,88.39726774249141,12.819996670480409,399.99999999999994
2023-03-12T08:15:00,97.36729210478356,12.917559055342105,454.4596598645404
2023-03-12T08:30:00,95.74274827578657,14.630882755674966,487.00914320697655
2023-03-12T08:45:00,99.9016998608165,12.52479723271084,527.476652080055
2023-03-12T09:00:00,96.27139691137897,13.301691005796979,565.6854249492379
2023-03-12T09:15:00,93.26142312620087,13.634820092087914,621.8956358592048
2023-03-12T09:30:00,108.42988459215105,13.87200180191369,634.6826722329881
2023-03-12T09:45:00,107.61920286695704,12.638681682039023,676.6017889107609
2023-03-12T10:00:00,104.1283745181841,16.38469086968056,694.0885966741524
2023-03-12T10:15:00,97.29726208756988,14.359508126129882,726.8676943043979
2023-03-12T10:30:00,96.98116308163755,15.922827296293825,739.1036260090294
2023-03-12T10:45:00,104.3802218339342,14.688782756996313,757.5441035960845
2023-03-12T11:00:00,94.44792691736326,17.077627524076927,772.7406610312546
2023-03-12T11:15:00,91.59173749122341,16.004937155534602,792.740857421129
2023-03-12T11:30:00,102.47091686161522,15.973518443300456,801.7982575234089
2023-03-12T11:45:00,91.07524351942244,17.607330148439306,854.5158762710297
2023-03-12T12:00:00,98.24068722198818,16.998817899993846,833.6320425475922
2023-03-12T12:15:00,82.36377949074101,17.39379154214468,798.2871385908828
2023-03-12T12:30:00,91.81838222081767,18.38882145030422,793.1558890990484
2023-03-12T12:45:00,99.36967918356665,19.24571892080688,784.6282243225844
2023-03-12T13:00:00,88.86583082849462,17.83466372819211,798.3432706474546
2023-03-12T13:15:00,87.0171407079821,17.84695576856182,757.5441035960846
2023-03-12T13:30:00,82.03739164165259,19.023672655107184,748.3894035579627
2023-03-12T13:45:00,92.74773068224896,19.677745150585906,717.4981932261506
2023-03-12T14:00:00,82.8684282419043,20.715221942952226,692.820323027551
2023-03-12T14:15:00,85.55391002851992,18.27029387748287,707.0215534240856
2023-03-12T14:30:00,79.09311598628061,19.08761386032967,635.6875601971531
2023-03-12T14:45:00,92.21982972948567,20.619851357864064,601.4718459831819
2023-03-12T15:00:00,89.31512275677832,21.430006329495907,570.5428423736888
2023-03-12T15:15:00,82.42755313535469,18.450974333480055,527.4766520800551
2023-03-12T15:30:00,75.80304448165873,18.6667690417934,487.0091432069767
2023-03-12T15:45:00,88.18950048602416,19.72272357038643,444.4561864156817
2023-03-12T16:00:00,77.56890194418322,18.674723608898514,399.99999999999994
2023-03-12T16:15:00,72.7183101797114,18.379260815817872,353.83095217520105
2023-03-12T16:30:00,68.24163916435803,19.244659594793816,328.5607321788062
2023-03-12T16:45:00,72.59752422601332,20.3875681962931,266.43249239619263
2023-03-12T17:00:00,67.30175086881968,17.343581920964436,219.8257168008587
2023-03-12T17:15:00,70.1862628371274,19.944063574951976,156.0722576129029
2023-03-12T17:30:00,75.73112809230857,17.642262616521712,120.87793574343297
2023-03-12T17:45:00,68.82962234414565,18.31374255948925,52.32250338411449
2023-03-12T18:00:00,71.17702748998751,19.290403201578336,9.797174393178826e-14
2023-03-12T18:15:00,66.4317175804557,17.738310276259718,0.0
2023-03-12T18:30:00,70.99616774337689,16.811989319210326,0.0
2023-03-12T18:45:00,80.84150973500283,17.50850881416954,0.0
2023-03-12T19:00:00,69.97974928723406,16.28374559102475,0.0
2023-03-12T19:15:00,74.02333989658483,16.631994984265813,0.0
2023-03-12T19:30:00,64.52385751257317,15.54833138916991,0.0
2023-03-12T19:45:00,80.05361749149182,16.2467014821652,0.0
2023-03-12T20:00:00,70.00290849146121,13.6155943714221,0.0
2023-03-12T20:15:00,77.39801715622872,13.613932101360286,0.0
2023-03-12T20:30:00,71.09631791478604,12.831140521809553,0.0
2023-03-12T20:45:00,74.14121402312877,13.792901139541708,0.0
2023-03-12T21:00:00,73.611487091743,11.927373574547419,0.0
2023-03-12T21:15:00,66.97123565288298,12.372661442909513,0.0
2023-03-12T21:30:00,73.47991334673954,11.56624603546807,0.0
2023-03-12T21:45:00,62.83243700107186,13.766046090799243,0.0
2023-03-12T22:00:00,68.95810466063449,10.913317170566227,0.0
2023-03-12T22:15:00,61.410379382301066,10.241729298614878,0.0
2023-03-12T22:30:00,63.275361390151744,11.409149732932422,0.0
2023-03-12T22:45:00,57.28141441287635,12.490000806604844,0.0
2023-03-12T23:00:00,57.82992392717057,10.340844714111505,0.0
2023-03-12T23:15:00,50.14963794837187,10.084771088762514,0.0
2023-03-12T23:30:00,54.68973395192453,11.095100680383345,0.0
2023-03-12T23:45:00,51.620214172745584,10.379066240973224,0.0
2023-03-13T00:00:00,46.755196103909064,9.80998657635996,0.0
2023-03-13T00:15:00,49.22364557754788,8.533832705593294,0.0
2023-03-13T00:30:00,50.29708902763477,9.323050143406554,0.0
2023-03-13T00:45:00,46.758472999881256,7.277610509699392,0.0
2023-03-13T01:00:00,49.493654469841715,7.807384306768123,0.0
2023-03-13T01:15:00,45.48960157989471,9.67743848062647,0.0
2023-03-13T01:30:00,62.70703841885073,9.385927768540753,0.0
2023-03-13T01:45:00,56.814102344658586,8.383116201232095,0.0
2023-03-13T02:00:00,53.50092632674041,5.902303599756284,0.0
2023-03-13T02:15:00,58.687136265603996,6.534279068464819,0.0
2023-03-13T02:30:00,43.692634685027826,6.999070682010421,0.0
2023-03-13T02:45:00,41.63076903552185,7.468359708097015,0.0
2023-03-13T03:00:00,53.31737294179094,6.3768011283613895,0.0
2023-03-13T03:15:00,49.3762268542595,7.3937450158535,0.0
2023-03-13T03:30:00,56.09770767185537,9.445838348779846,0.0
2023-03-13T03:45:00,59.37284241685388,8.143336473306643,0.0
2023-03-13T04:00:00,64.05803636597449,8.050483950093978,0.0
2023-03-13T04:15:00,54.918870148515325,6.92807608287823,0.0
2023-03-13T04:30:00,63.800448657769984,6.444950297087125,0.0
2023-03-13T04:45:00,63.099123033969356,7.017779404128184,0.0
2023-03-13T05:00:00,66.01712952188645,6.75167070811971,0.0
2023-03-13T05:15:00,62.95529768018086,8.71342986729359,0.0
2023-03-13T05:30:00,73.76111572918099,9.2509780415273,0.0
2023-03-13T05:45:00,67.63035804751993,8.15088348117414,0.0
2023-03-13T06:00:00,78.32687499179028,9.532490931657215,11.44339534508332
2023-03-13T06:15:00,68.76997607376394,11.140131204499221,54.33187259604542
2023-03-13T06:30:00,79.66291009498802,11.932341047162264,104.42095377604126
2023-03-13T06:45:00,78.7996793972677,11.064201231498958,156.0722576129026
2023-03-13T07:00:00,80.49363269298803,10.45237177490901,237.23500055825204
2023-03-13T07:15:00,88.1777513178032,11.711584381429601,257.15157224252926
2023-03-13T07:30:00,86.22036684342348,12.682921668354775,310.06044896460884
2023-03-13T07:45:00,76.89221109723334,9.691347349257825,353.83095217520105
2023-03-13T08:00:00,77.13200431516645,13.556367046048644,403.21602291708194
2023-03-13T08:15:00,100.78767232375301,11.91208352617752,444.4561864156817
2023-03-13T08:30:00,102.27137213818035,12.309092170609553,494.022692965659
2023-03-13T08:45:00,106.95125782815968,12.879865530900576,531.5969807635565
2023-03-13T09:00:00,98.51045825659148,13.947296417643107,620.905659894833
2023-03-13T09:15:00,92.90125893446866,12.908376800549446,604.0714469135287
2023-03-13T09:30:00,97.71399886117715,14.12555539749671,661.6473743695509
2023-03-13T09:45:00,100.00067168479819,15.323031417462012,665.1756898420361
2023-03-13T10:00:00,94.73166188530122,15.39869779875647,713.2222293884585
2023-03-13T10:15:00,107.53659242416306,15.936663585047791,722.0236592852875
2023-03-13T10:30:00,109.73767064051407,15.599344160676662,744.4983996895911
2023-03-13T10:45:00,99.91739140295523,16.974654372644018,763.2154744652921
2023-03-13T11:00:00,96.22016166656182,17.683628400870205,806.8674244574473
2023-03-13T11:15:00,88.33708607544021,17.957072989147676,789.7303136370358
2023-03-13T11:30:00,100.89931625906569,17.70739108576281,793.1558890990483
2023-03-13T11:45:00,91.7525692765895,18.522179778191447,798.2871385908828
2023-03-13T12:00:00,88.01014188221836,18.740913550101368,816.3425498772941
2023-03-13T12:15:00,91.8190127824162,20.814759030425364,807.2362477552854
2023-03-13T12:30:00,86.3563034568017,19.60539939066347,793.1558890990484
2023-03-13T12:45:00,89.80604534794513,18.527285816047343,794.9210607997705
2023-03-13T13:00:00,81.5621461458245,17.911685414227115,772.7406610312546
2023-03-13T13:15:00,93.83000241043572,18.747308473304376,766.3092639913665
2023-03-13T13:30:00,87.4114993188188,18.83870461833509,739.1036260090294
2023-03-13T13:45:00,93.18742300809524,19.820215623563858,717.4981932261506
2023-03-13T14:00:00,85.77079106075212,18.722510991412467,692.820323027551
2023-03-13T14:15:00,85.40435757640243,20.704101132807136,695.5539495067441
2023-03-13T14:30:00,79.26144353863636,18.186318441214915,642.7196272391885
2023-03-13T14:45:00,88.29154488894167,17.981840681982554,626.6941060293285
2023-03-13T15:00:00,79.2188997278869,19.492096270942007,623.5896762184957
2023-03-13T15:15:00,80.21076831027665,18.77180676910346,528.4127589186539
2023-03-13T15:30:00,81.63642838485853,18.31764759312592,517.0489469330012
2023-03-13T15:45:00,81.17348945311025,18.87485400628189,444.4561864156817
2023-03-13T16:00:00,70.92547917318262,18.661281407522843,425.09756219858747
2023-03-13T16:15:00,77.14770835121136,19.318927387072208,353.83095217520105
2023-03-13T16:30:00,81.08578361479178,18.55001868562081,306.1467458920719
2023-03-13T16:45:00,73.99306300771514,18.46931436981341,267.88912537923125
2023-03-13T17:00:00,73.50868600525524,18.818498983352693,220.93986068316235
2023-03-13T17:15:00,74.16980056880764,19.63027152341805,156.0722576129029
2023-03-13T17:30:00,71.43668555593746,19.858077786103554,104.42095377604126
2023-03-13T17:45:00,65.61144894693628,18.28601868622528,64.55150495953241
2023-03-13T18:00:00,69.27423325593689,18.09539608475716,9.797174393178826e-14
2023-03-13T18:15:00,75.07616002299882,17.400100152171927,0.0
2023-03-13T18:30:00,65.47184597007274,17.761029472978755,0.0
2023-03-13T18:45:00,69.4219994719961,17.350853037569106,0.0
2023-03-13T19:00:00,64.87142635254564,17.953059961955763,0.0
2023-03-13T19:15:00,76.86550575579072,14.392239791025931,0.0
2023-03-13T19:30:00,71.94710591057846,15.688815129345684,0.0
2023-03-13T19:45:00,68.25949200623062,15.895038939813967,0.0
2023-03-13T20:00:00,72.90767293175388,15.153842591940368,0.0
2023-03-13T20:15:00,66.18475112707142,13.858581178868011,0.0
2023-03-13T20:30:00,66.60214503113102,13.111002752947183,0.0
2023-03-13T20:45:00,63.84005284361829,14.825953480277073,0.0
2023-03-13T21:00:00,64.97993206275346,12.870286428470937,0.0
2023-03-13T21:15:00,76.07752856529805,11.479893011980893,0.0
2023-03-13T21:30:00,64.41219280636976,13.70062798555694,0.0
2023-03-13T21:45:00,69.01589022914723,12.915653247216648,0.0
2023-03-13T22:00:00,60.944329755569626,11.958423910793995,0.0
2023-03-13T22:15:00,67.21647787680229,10.784023894287355,0.0
2023-03-13T22:30:00,56.45456493718733,11.21767024130632,0.0
2023-03-13T22:45:00,59.84492235830891,12.18906773807255,0.0
2023-03-13T23:00:00,57.90170389783481,9.012512992838552,0.0
2023-03-13T23:15:00,67.21953643381613,8.729813264010147,0.0
2023-03-13T23:30:00,56.66147876323386,9.34687838190262,0.0
2023-03-13T23:45:00,48.49215822115376,9.644493701473733,0.0
2023-03-14T00:00:00,52.93580998120411,9.058986966003406,0.0
2023-03-14T00:15:00,60.24425905060551,9.929697281299628,0.0
2023-03-14T00:30:00,41.53348748305386,10.12663345370741,0.0
2023-03-14T00:45:00,45.68244934204329,9.087870651798667,0.0
2023-03-14T01:00:00,49.007560841603706,9.162199472055946,0.0
2023-03-14T01:15:00,48.48652143733967,8.688782653834014,0.0
2023-03-14T01:30:00,49.369191021076425,8.264150446854071,0.0
2023-03-14T01:45:00,45.05194900433156,6.822780074221144,0.0
2023-03-14T02:00:00,59.20983735501282,6.9743728856694345,0.0
2023-03-14T02:15:00,45.76812992451754,6.562289391615163,0.0
2023-03-14T02:30:00,52.642434309014334,7.700745587802526,0.0
2023-03-14T02:45:00,59.70292197217548,8.043044042829225,0.0
2023-03-14T03:00:00,55.217505253491325,6.348657166225096,0.0
2023-03-14T03:15:00,51.42667802643631,7.88336105867686,0.0
2023-03-14T03:30:00,50.591958300907336,6.974034054503402,0.0
2023-03-14T03:45:00,57.249164522420585,6.844008525050231,0.0
2023-03-14T04:00:00,55.725417333699205,7.377015176711354,0.0
2023-03-14T04:15:00,61.6909468170864,6.995862275690793,0.0
2023-03-14T04:30:00,54.84964077702884,8.861301473898038,0.0
2023-03-14T04:45:00,67.14695454132641,8.248678683761415,0.0
2023-03-14T05:00:00,64.91193187672344,9.416981185287428,0.0
2023-03-14T05:15:00,66.55794069439135,8.365605525084932,0.0
2023-03-14T05:30:00,74.10542520975059,8.632113447375376,0.0
2023-03-14T05:45:00,66.01352508648934,11.160263346946065,0.0
2023-03-14T06:00:00,65.88148168928542,7.93221839220685,0.0
2023-03-14T06:15:00,70.0377024891208,11.12632590382576,54.02948807268531
2023-03-14T06:30:00,75.04074183627408,11.799875014599975,125.23568664355719
2023-03-14T06:45:00,78.69779861479381,11.23031564915036,163.84637577611863
2023-03-14T07:00:00,78.0334573819931,10.467449081635449,207.0552360820166
2023-03-14T07:15:00,74.95534963898028,12.571089481432207,257.15157224252926
2023-03-14T07:30:00,84.96619052365637,11.180057596925936,309.71314485549215
2023-03-14T07:45:00,92.05576740313454,11.163497173476781,369.22271726766735
2023-03-14T08:00:00,93.18223775098558,11.856736936199685,399.99999999999994
2023-03-14T08:15:00,100.47793516014202,12.057183879791165,444.4561864156817
2023-03-14T08:30:00,105.95211385728092,12.06813927276658,519.7807057683261
2023-03-14T08:45:00,101.36582324285241,14.51550860973458,528.1355965456737
2023-03-14T09:00:00,105.56530399872362,13.024471198384688,596.2434676867995
2023-03-14T09:15:00,103.25290569445383,14.160691337465957,661.1837067388668
2023-03-14T09:30:00,108.41601564274917,13.13730481492798,634.6826722329881
2023-03-14T09:45:00,109.25241856812809,14.999272164852433,665.1756898420361
2023-03-14T10:00:00,104.57728014930152,14.194907777398857,692.8203230275509
2023-03-14T10:15:00,102.88022083009675,14.54607051990021,739.4780475791252
2023-03-14T10:30:00,97.56859667128865,15.984732235100928,763.8815434445552
2023-03-14T10:45:00,97.37390278316491,17.508623957501417,802.9836532992214
2023-03-14T11:00:00,94.63989503198161,17.238333238746268,772.7406610312546
2023-03-14T11:15:00,97.97278031096776,17.64046133525685,794.3893546336342
2023-03-14T11:30:00,89.6200078801688,17.32057094507979,793.1558890990483
2023-03-14T11:45:00,90.47010546212483,17.41835417645637,798.2871385908828
2023-03-14T12:00:00,77.73471573706004,18.83170087661999,800.0
2023-03-14T12:15:00,98.08319310158615,17.745781233559534,798.2871385908828
2023-03-14T12:30:00,88.23708947749616,19.39247374720158,806.0230331642418
2023-03-14T12:45:00,91.40417295769903,20.0226841637558,784.6282243225844
2023-03-14T13:00:00,96.11801516228991,18.152685190737326,772.7406610312546
2023-03-14T13:15:00,89.95063494005956,18.484710504569396,762.8976876688938
2023-03-14T13:30:00,95.20987432364443,18.79550123965959,746.5508693572918
2023-03-14T13:45:00,81.23933093284846,18.012537702223693,717.4981932261506
2023-03-14T14:00:00,98.81795618662882,19.124071777107027,730.1672263861732
2023-03-14T14:15:00,91.57550840144627,20.984080970645362,696.5649625582187
2023-03-14T14:30:00,86.42364443120945,18.70101317691399,634.6826722329881
2023-03-14T14:45:00,91.67275797565831,21.11026919909204,633.6600393389091
2023-03-14T15:00:00,77.80952635673563,19.364475093053397,600.9294539250417
2023-03-14T15:15:00,81.25440707110545,21.899108727540845,527.4766520800551
2023-03-14T15:30:00,88.90704572513785,19.064775653933907,487.9172056640199
2023-03-14T15:45:00,71.28666891886876,19.538649283603696,444.4561864156817
2023-03-14T16:00:00,82.31285403774557,18.683291443548484,399.99999999999994
2023-03-14T16:15:00,81.01721976655733,18.79179955439128,353.83095217520105
2023-03-14T16:30:00,87.01036289436415,20.679375912932585,332.5331973400038
2023-03-14T16:45:00,68.02457737040359,19.653692685341582,265.8990951055364
2023-03-14T17:00:00,82.73510135016014,20.022889752890553,207.05523608201682
2023-03-14T17:15:00,70.6150178875296,17.471147923831712,156.0722576129029
2023-03-14T17:30:00,69.8860417077933,19.2128680459118,104.42095377604126
2023-03-14T17:45:00,64.70860581275544,17.337515079159868,52.32250338411449
2023-03-14T18:00:00,64.07130497561691,16.703241725092905,18.263397746145277
2023-03-14T18:15:00,72.17800719891906,17.99276058046044,0.0
2023-03-14T18:30:00,65.22066742118153,17.67902645847021,0.0
2023-03-14T18:45:00,75.05043187636988,17.184686735423238,0.0
2023-03-14T19:00:00,68.51935402605235,17.515477963634137,0.0
2023-03-14T19:15:00,66.14802826277588,17.32521800995416,0.0
2023-03-14T19:30:00,69.82445250164848,17.563749484390716,0.0
2023-03-14T19:45:00,74.24862742172158,14.536213344519608,0.0
2023-03-14T20:00:00,71.11417991006302,16.852850067071824,0.0
2023-03-14T20:15:00,72.4284040818928,16.850772972798822,0.0
2023-03-14T20:30:00,75.30526128629357,14.214846687874749,0.0
2023-03-14T20:45:00,76.60742903964206,12.521846643314156,0.0
2023-03-14T21:00:00,68.81795299627343,12.414420637937354,0.0
2023-03-14T21:15:00,64.12433185609835,12.943649394691903,0.0
2023-03-14T21:30:00,68.51285814607544,15.028903987993584,0.0
2023-03-14T21:45:00,69.09261383509029,12.644457619112881,0.0
2023-03-14T22:00:00,57.8768116141696,11.627821163639537,0.0
2023-03-14T22:15:00,59.02036895162837,11.183880500830208,0.0
2023-03-14T22:30:00,58.04364175070932,10.179096631810143,0.0
2023-03-14T22:45:00,58.66427306457835,12.018763439372858,0.0
2023-03-14T23:00:00,53.886879119036244,10.705850806287389,0.0
2023-03-14T23:15:00,59.17031466584778,12.564327662651294,0.0
2023-03-14T23:30:00,45.538287604721056,10.773560373380603,0.0
2023-03-14T23:45:00,43.61268609550812,10.671780976463332,0.0
2023-03-15T00:00:00,47.89290420836174,9.48423750766369,0.0
2023-03-15T00:15:00,48.7269057804477,8.3669138424783,0.0
2023-03-15T00:30:00,42.46023167415233,8.335282003449061,0.0
2023-03-15T00:45:00,46.91289844461662,7.6109184078212975,0.0
2023-03-15T01:00:00,48.238612653042246,9.683225322637112,0.0
2023-03-15T01:15:00,48.65725594090622,8.202831389083636,0.0
2023-03-15T01:30:00,51.84416503213978,9.378206370049998,0.0
2023-03-15T01:45:00,48.31699901314748,8.423316650862581,0.0
2023-03-15T02:00:00,59.63102169027165,7.880609712020797,0.0
2023-03-15T02:15:00,55.373979218536014,6.91466850813772,0.0
2023-03-15T02:30:00,49.65971385688774,8.321946590245467,0.0
2023-03-15T02:45:00,54.998109583177374,7.763196469647237,0.0
2023-03-15T03:00:00,56.04028923521613,8.871166953481074,0.0
2023-03-15T03:15:00,62.449039336406585,7.2664188102184335,0.0
2023-03-15T03:30:00,54.385207541162885,8.636421630779827,0.0
2023-03-15T03:45:00,62.287637094129884,9.725119759328807,0.0
2023-03-15T04:00:00,59.771620644831444,8.445983982450961,0.0
2023-03-15T04:15:00,68.17440704378285,9.072693701296899,0.0
2023-03-15T04:30:00,68.3631368818143,8.997596076635512,0.0
2023-03-15T04:45:00,64.11845548281883,10.485838060847044,0.0
2023-03-15T05:00:00,63.07455425878834,9.14439102451285,0.0
2023-03-15T05:15:00,68.19357137399376,9.68012420344589,0.0
2023-03-15T05:30:00,66.0495742858822,9.172586955262284,0.0
2023-03-15T05:45:00,76.65582121120786,8.683555644969031,0.0
2023-03-15T06:00:00,69.95469865680413,8.5181666527252,0.0
2023-03-15T06:15:00,70.80009057125851,11.279832200561914,52.32250338411445
2023-03-15T06:30:00,73.75708235648827,9.308055080130789,104.42095377604126
2023-03-15T06:45:00,73.13922826572444,11.381426127191471,156.0722576129026
2023-03-15T07:00:00,85.0215248084361,11.384999655909414,208.43840058234542
2023-03-15T07:15:00,81.02250299391558,12.233036229107377,257.15157224252926
2023-03-15T07:30:00,93.3133598919578,11.158170408751896,306.1467458920718
2023-03-15T07:45:00,83.84374690465975,11.249616319223472,363.1539000744349
2023-03-15T08:00:00,93.18893656755189,12.794440593010286,431.5823124424277
2023-03-15T08:15:00,100.28306470646767,12.50609942022137,451.01260399257177
2023-03-15T08:30:00,85.46522891731131,11.954797535599063,513.8824546158518
2023-03-15T08:45:00,107.71226520748851,15.515089792485142,559.0531500356641
2023-03-15T09:00:00,96.57805790365946,13.177574859563107,565.6854249492379
2023-03-15T09:15:00,100.17629424691646,13.367769088921495,606.9690160630056
2023-03-15T09:30:00,102.7755485936615,14.510004410666586,634.6826722329881
2023-03-15T09:45:00,103.68057878021703,16.392383526780336,665.1756898420361
2023-03-15T10:00:00,101.2426570896728,13.355162253017161,699.9355404019279
2023-03-15T10:15:00,104.38702611947318,17.067503431920073,717.4981932261506
2023-03-15T10:30:00,101.24189419855207,15.353610118259887,748.789691521007
2023-03-15T10:45:00,106.4367779911135,16.887240406947917,757.5441035960845
2023-03-15T11:00:00,98.99250250597342,16.292976063801852,776.1605210208068
2023-03-15T11:15:00,104.74148295887544,19.294321277645274,784.6282243225844
2023-03-15T11:30:00,97.77892537112135,17.74617168622033,806.6331844264869
2023-03-15T11:45:00,82.44866898515059,17.216966365784828,798.2871385908828
2023-03-15T12:00:00,102.61786165785826,17.910532390807244,800.0
2023-03-15T12:15:00,86.64780618830503,18.569658945301203,820.8172356157414
2023-03-15T12:30:00,96.86896556940394,18.906779675035267,793.1558890990484
2023-03-15T12:45:00,89.31202108958087,19.39656318286224,786.845276364047
2023-03-15T13:00:00,94.18631607971332,19.16373084054997,772.7406610312546
2023-03-15T13:15:00,85.0585563014922,17.973057058113067,767.6919519829474
2023-03-15T13:30:00,91.16866163159273,19.171992549691712,759.9625244542814
2023-03-15T13:45:00,86.23385036960079,20.257222177337145,734.2109023639766
2023-03-15T14:00:00,94.77787189955728,19.094655176881062,692.820323027551
2023-03-15T14:15:00,88.38508134905501,20.526475987643412,689.3566292141528
2023-03-15T14:30:00,90.10912827825159,19.949370326726324,634.6826722329881
2023-03-15T14:45:00,73.77876005813324,19.738396408190784,601.4718459831819
2023-03-15T15:00:00,83.27662049070688,21.163126918065245,565.685424949238
2023-03-15T15:15:00,84.80202274321191,18.21800512057299,548.4126611242309
2023-03-15T15:30:00,82.85565137829201,19.242331295503867,487.0091432069767
2023-03-15T15:45:00,85.47953899490035,21.08612341762381,462.28586929845477
2023-03-15T16:00:00,77.73282704023178,21.5945871464136,399.99999999999994
2023-03-15T16:15:00,78.65205759547224,21.93655628716799,353.83095217520105
2023-03-15T16:30:00,83.12215073529582,19.562615750931677,328.10287321903047
2023-03-15T16:45:00,64.59769255475551,19.808116854337324,257.1515722425294
2023-03-15T17:00:00,77.68548167616119,19.982563275467953,252.76875915701538
2023-03-15T17:15:00,71.79473057627386,20.232875971499208,156.0722576129029
2023-03-15T17:30:00,67.61128148755198,19.042195001947828,107.41778786066209
2023-03-15T17:45:00,72.55313197190182,19.406170793845586,83.18060370568631
2023-03-15T18:00:00,75.69960474996233,18.67139751308946,3.51859357160637
2023-03-15T18:15:00,75.40789772203789,18.44728185803444,0.0
2023-03-15T18:30:00,70.15854494352268,16.703182362677897,0.0
2023-03-15T18:45:00,75.77949812987758,16.973190704267044,0.0
2023-03-15T19:00:00,76.22630685609786,16.44621382744783,0.0
2023-03-15T19:15:00,71.8281240425208,15.43381971326114,0.0
2023-03-15T19:30:00,69.04987857647444,14.613478395505279,0.0
2023-03-15T19:45:00,69.44070441029592,15.473992318752474,0.0
2023-03-15T20:00:00,76.74199606702632,15.258014969704519,0.0
2023-03-15T20:15:00,72.09840252463286,15.244562033650265,0.0
2023-03-15T20:30:00,66.64509598142774,15.307878019686104,0.0
2023-03-15T20:45:00,62.822790706979205,14.549524044512333,0.0
2023-03-15T21:00:00,74.57936990267,13.712071847995077,0.0
2023-03-15T21:15:00,66.66333292562554,12.66143793436792,0.0
2023-03-15T21:30:00,69.8361076327103,14.06289496970656,0.0
2023-03-15T21:45:00,72.98968354288307,12.696618876139482,0.0
2023-03-15T22:00:00,58.687598862729445,11.98227895990362,0.0
2023-03-15T22:15:00,63.29950663706959,11.853891951293415,0.0
2023-03-15T22:30:00,60.83788860239719,10.940138083980408,0.0
2023-03-15T22:45:00,61.653881489287556,10.78457696080054,0.0
2023-03-15T23:00:00,63.93963173223987,10.406524712235464,0.0
2023-03-15T23:15:00,49.03963507001876,10.348224209407572,0.0
2023-03-15T23:30:00,56.464726458509496,10.972169408291421,0.0
2023-03-15T23:45:00,56.72068155941626,10.420020203465848,0.0
2023-03-16T00:00:00,48.67941251893909,11.444448732787032,0.0
2023-03-16T00:15:00,48.96688440948532,10.841042259863679,0.0
2023-03-16T00:30:00,51.87464745617141,11.336653744112699,0.0
2023-03-16T00:45:00,51.71967762010735,9.71069281848109,0.0
2023-03-16T01:00:00,53.20454434977726,9.487304812292432,0.0
2023-03-16T01:15:00,53.479097880826984,8.271699785792269,0.0
2023-03-16T01:30:00,46.223845660419016,9.423089715053313,0.0
2023-03-16T01:45:00,56.62517549659396,7.802654305611811,0.0
2023-03-16T02:00:00,58.12470557398543,6.874341530509546,0.0
2023-03-16T02:15:00,53.912320061123594,9.781963722453906,0.0
2023-03-16T02:30:00,46.27345450014997,6.942501249750001,0.0
2023-03-16T02:45:00,54.00077315914301,8.592050262789513,0.0
2023-03-16T03:00:00,56.441191599694896,7.260020639792172,0.0
2023-03-16T03:15:00,50.70138034778754,9.279866095985748,0.0
2023-03-16T03:30:00,55.63537894066353,9.454632830153368,0.0
2023-03-16T03:45:00,51.45304624053826,8.784818137629339,0.0
2023-03-16T04:00:00,62.64775896365522,9.591161764367323,0.0
2023-03-16T04:15:00,61.59530060885323,8.466108311486023,0.0
2023-03-16T04:30:00,53.72871336734998,10.831249498383865,0.0
2023-03-16T04:45:00,64.93983284056968,9.505280796922312,0.0
2023-03-16T05:00:00,64.15237219972114,8.04364803029521,0.0
2023-03-16T05:15:00,68.29156281217247,9.221141047554402,0.0
2023-03-16T05:30:00,65.04311182554484,9.227729944663055,0.0
2023-03-16T05:45:00,64.29583825040503,9.378889109314011,0.0
2023-03-16T06:00:00,65.75707470643398,8.240572097607043,40.1741740909884
2023-03-16T06:15:00,70.18640222388461,10.571141666468582,52.32250338411445
2023-03-16T06:30:00,76.19823284256708,9.102030459632658,104.42095377604126
2023-03-16T06:45:00,79.99314809164589,8.281523333985538,156.0722576129026
2023-03-16T07:00:00,81.33407935173291,10.79633837150223,207.0552360820166
2023-03-16T07:15:00,83.05491083493445,10.730726217919289,257.15157224252926
2023-03-16T07:30:00,86.11455186379561,10.982714405799443,306.69776037586155
2023-03-16T07:45:00,102.89599567500622,9.108619270441043,353.83095217520105
2023-03-16T08:00:00,88.74805313799854,11.736594866057361,433.103118860749
2023-03-16T08:15:00,91.79103544405339,12.796168215356062,444.4561864156817
2023-03-16T08:30:00,112.74468435507418,12.723040919209131,487.00914320697655
2023-03-16T08:45:00,99.77495357363429,14.135276913498009,543.7825616496058
2023-03-16T09:00:00,91.85353013293548,15.533012661101097,565.6854249492379
2023-03-16T09:15:00,103.73320292879602,15.049138228261567,612.2586273577991
2023-03-16T09:30:00,95.417057592878,15.94990346004783,634.6826722329881
2023-03-16T09:45:00,104.6441906114687,16.42002063437075,665.1756898420361
2023-03-16T10:00:00,98.86737557432494,14.674405516173946,695.2614943166626
2023-03-16T10:15:00,97.25007352629825,16.5081034971307,717.4981932261506
2023-03-16T10:30:00,106.74131505088486,17.43160996018154,739.1036260090294
2023-03-16T10:45:00,100.51332862705215,16.358123675891065,759.9811382765841
2023-03-16T11:00:00,101.29476155175041,16.349725362595244,776.9226629147541
2023-03-16T11:15:00,97.1418533298637,18.004179869959593,784.6282243225844
2023-03-16T11:30:00,91.10025812377152,16.31129171489018,793.1558890990483
2023-03-16T11:45:00,94.58314128808689,17.008422320159653,802.6194695797407
2023-03-16T12:00:00,95.65737480214531,17.716236352161385,800.0
2023-03-16T12:15:00,90.24216652108284,19.101905070630107,798.2871385908828
2023-03-16T12:30:00,98.44840808793174,19.119384575928613,803.8345919102218
2023-03-16T12:45:00,93.47943946279716,20.161540565992937,784.6282243225844
2023-03-16T13:00:00,89.98972711336242,18.41463438096875,772.7406610312546
2023-03-16T13:15:00,89.80733308371421,18.546115490554158,757.5441035960846
2023-03-16T13:30:00,88.77507413378686,20.20754117644292,739.1036260090294
2023-03-16T13:45:00,81.2925587414018,19.02326588548913,717.4981932261506
2023-03-16T14:00:00,86.48144493536876,19.332403054865523,733.336573492281
2023-03-16T14:15:00,87.34662251147975,18.168298855793168,676.4914226901943
2023-03-16T14:30:00,83.39793903821507,20.379867182281984,634.6826722329881
2023-03-16T14:45:00,86.33647908182603,21.668796023873323,615.616169331161
2023-03-16T15:00:00,83.8599709142295,19.111063096325154,565.685424949238
2023-03-16T15:15:00,86.66667359621823,21.149209163777268,527.4766520800551
2023-03-16T15:30:00,85.10208832422607,20.029622599878444,487.0091432069767
2023-03-16T15:45:00,81.55846893703925,18.259649056634885,484.91128267316174
2023-03-16T16:00:00,72.77523338221302,19.041180114731816,399.99999999999994
2023-03-16T16:15:00,87.41068533650889,18.865465456792396,360.10319729791024
2023-03-16T16:30:00,76.55551149316909,19.36710142255263,306.1467458920719
2023-03-16T16:45:00,75.63565487631058,19.94110275026837,271.9281338300612
2023-03-16T17:00:00,73.07507449727649,21.185427272573598,212.92431248327426
2023-03-16T17:15:00,71.07104599871789,17.698023891522322,181.16331053594337
2023-03-16T17:30:00,79.94211192312666,18.41569465745296,118.78330966915813
2023-03-16T17:45:00,77.84958202525627,17.75541000458869,52.32250338411449
2023-03-16T18:00:00,71.83326485661136,17.11501323825552,58.32405155066864
2023-03-16T18:15:00,69.7236273652673,18.19187458983551,0.0
2023-03-16T18:30:00,73.97864959592854,17.794400577864707,0.0
2023-03-16T18:45:00,71.81872779272365,15.659971063660281,0.0
2023-03-16T19:00:00,70.9838023450571,17.158502540571,0.0
2023-03-16T19:15:00,74.00445957532223,15.588688161028404,0.0
2023-03-16T19:30:00,70.35844217449221,16.44828032595105,0.0
2023-03-16T19:45:00,73.92714545872867,17.338485297650596,0.0
2023-03-16T20:00:00,73.62278352359776,16.1563342443166,0.0
2023-03-16T20:15:00,75.37276627228988,15.488411039129396,0.0
2023-03-16T20:30:00,68.82927186550658,14.394743408542459,0.0
2023-03-16T20:45:00,74.84673622171148,14.599638438851168,0.0
2023-03-16T21:00:00,65.93760475023953,14.703606234873016,0.0
2023-03-16T21:15:00,66.58334135164442,14.212099580053087,0.0
2023-03-16T21:30:00,65.58849313150561,13.25797609549168,0.0
2023-03-16T21:45:00,61.479839718473016,13.187186404467681,0.0
2023-03-16T22:00:00,70.35948223672914,11.270875921968331,0.0
2023-03-16T22:15:00,58.72888073148878,11.477378446028828,0.0
2023-03-16T22:30:00,58.245727219262136,12.551811170980983,0.0
2023-03-16T22:45:00,66.08115523638492,12.328652822685736,0.0
2023-03-16T23:00:00,54.93986780367339,11.233950603464896,0.0
2023-03-16T23:15:00,54.79513029044427,12.285896348873075,0.0
2023-03-16T23:30:00,48.60454128320194,10.995802855034581,0.0
2023-03-16T23:45:00,55.77676829536513,9.951149604162058,0.0
2023-03-17T00:00:00,53.89108059750387,8.849582291816958,0.0
2023-03-17T00:15:00,53.39495043239371,11.239670137131851,0.0
2023-03-17T00:30:00,52.51615129004206,10.322173147383968,0.0
2023-03-17T00:45:00,50.409639323581324,11.121469481092046,0.0
2023-03-17T01:00:00,47.716999516077266,11.282670764774085,0.0
2023-03-17T01:15:00,46.64395025331633,7.64379897599791,0.0
2023-03-17T01:30:00,57.62933636013116,7.484364792781896,0.0
2023-03-17T01:45:00,55.54396590452773,5.7671950424371,0.0
2023-03-17T02:00:00,48.870370164857654,9.434782911272148,0.0
2023-03-17T02:15:00,53.22716597161332,9.083746737045018,0.0
2023-03-17T02:30:00,52.28975710579878,8.461085563859786,0.0
2023-03-17T02:45:00,48.97954969844025,7.09868896150178,0.0
2023-03-17T03:00:00,56.40352063592411,8.22294204285203,0.0
2023-03-17T03:15:00,54.39301975335119,8.509527687552886,0.0
2023-03-17T03:30:00,52.71948746489571,9.146032230613109,0.0
2023-03-17T03:45:00,51.1503319454477,8.700250964022704,0.0
2023-03-17T04:00:00,51.83838187552019,9.180222069233558,0.0
2023-03-17T04:15:00,58.954494933695315,8.50626408509212,0.0
2023-03-17T04:30:00,61.57825587712217,9.950180430834333,0.0
2023-03-17T04:45:00,58.852106019673734,9.562469360224112,0.0
2023-03-17T05:00:00,67.73471561278429,7.928890238569345,0.0
2023-03-17T05:15:00,65.42786022731117,10.712378425817771,0.0
2023-03-17T05:30:00,69.93130208514077,10.777427212944527,0.0
2023-03-17T05:45:00,67.43478284100715,10.26641162415588,0.0
2023-03-17T06:00:00,65.72181120051303,10.350052749844982,27.44399602230668
2023-03-17T06:15:00,73.49394270014525,12.014512410254714,52.32250338411445
2023-03-17T06:30:00,69.83683633739578,9.026094291652402,104.42095377604126
2023-03-17T06:45:00,81.99664990553072,12.21977885791884,156.0722576129026
2023-03-17T07:00:00,77.6480342460333,10.83576903340245,231.22144618021787
2023-03-17T07:15:00,89.80877275040984,12.75342103707318,257.15157224252926
2023-03-17T07:30:00,86.225391010439,12.136250984955307,325.47258146592765
2023-03-17T07:45:00,95.7161408668467,11.140412916749593,353.83095217520105
2023-03-17T08:00:00,87.03466449037356,12.262541651325986,420.46367337053914
2023-03-17T08:15:00,91.23814852096581,14.163162873045998,444.4561864156817
2023-03-17T08:30:00,98.22619008530184,13.318610697336618,495.20737170893426
2023-03-17T08:45:00,103.56847406629086,13.298071541877839,532.7469218962804
2023-03-17T09:00:00,107.13257954185411,13.683803674181782,572.4395707469972
2023-03-17T09:15:00,99.77269926513962,15.34664192959145,635.1665903873386
2023-03-17T09:30:00,109.20208173064306,16.845767915437076,634.6826722329881
2023-03-17T09:45:00,98.6966618611416,13.34163429343729,665.1756898420361
2023-03-17T10:00:00,105.46212662081876,18.665574449935214,696.7800673111115
2023-03-17T10:15:00,94.78424932677432,16.444358752771905,718.4639335067569
2023-03-17T10:30:00,100.84259427888877,17.188300461466167,739.1036260090294
2023-03-17T10:45:00,86.01895819729924,16.529446126143405,757.5441035960845
2023-03-17T11:00:00,90.86796084406431,17.308460607119976,803.3409541394728
2023-03-17T11:15:00,97.34674046049332,17.837910142225525,784.6282243225844
2023-03-17T11:30:00,86.80638801955995,16.91544831369209,841.9148197769957
2023-03-17T11:45:00,93.70721877856732,17.462369184319684,808.8526383183798
2023-03-17T12:00:00,94.18968998061037,19.73918395998734,800.0
2023-03-17T12:15:00,87.10797687772923,17.270667731491443,809.3407154001756
2023-03-17T12:30:00,84.64153182565377,19.513134877037754,795.3345465078027
2023-03-17T12:45:00,86.90217190533947,18.930276496422888,811.4682096613722
2023-03-17T13:00:00,84.14685430640898,18.54742100520786,772.7406610312546
2023-03-17T13:15:00,88.08993417637109,21.665144033142333,757.5441035960846
2023-03-17T13:30:00,88.64544315121469,18.900750365783082,746.323246218696
2023-03-17T13:45:00,86.06480359171827,18.863454509212964,734.2121111873695
2023-03-17T14:00:00,95.34970365317145,19.920557986190676,698.5384320199096
2023-03-17T14:15:00,82.6897725241646,19.42812878029408,678.6251934214182
2023-03-17T14:30:00,92.48163207864982,20.26702555721421,645.1914094873931
2023-03-17T14:45:00,79.48799934456753,20.45452856805981,601.4718459831819
2023-03-17T15:00:00,84.16342284998726,20.54663379761173,571.3102190253684
2023-03-17T15:15:00,88.75984272129028,20.17523842416486,553.8122653514838
2023-03-17T15:30:00,87.48941371798956,19.558483197127437,490.444482303203
2023-03-17T15:45:00,78.66751454843941,20.840090457075515,444.4561864156817
2023-03-17T16:00:00,82.43274797690528,19.995837923207066,399.99999999999994
2023-03-17T16:15:00,80.60906859924971,19.497939196892457,364.9660867694656
2023-03-17T16:30:00,74.61137213088665,21.335246626142045,342.05935154803296
2023-03-17T16:45:00,79.16593836835216,19.57190022078148,257.1515722425294
2023-03-17T17:00:00,84.14624113886084,20.600114756180023,214.27987846405972
2023-03-17T17:15:00,75.91770914218428,20.527631852901465,156.0722576129029
2023-03-17T17:30:00,75.09970511630294,20.359768609150006,114.57549570281627
2023-03-17T17:45:00,74.32623685215496,19.514172384961768,64.07912856368533
2023-03-17T18:00:00,62.35251633977285,18.55398292222032,9.797174393178826e-14
2023-03-17T18:15:00,72.60835304127791,18.20400893192619,0.0
2023-03-17T18:30:00,65.84536333449269,17.720424187545838,0.0
2023-03-17T18:45:00,68.54640971821333,15.47850146008129,0.0
2023-03-17T19:00:00,82.79072738044066,18.030782537724665,0.0
2023-03-17T19:15:00,71.09372345732208,17.210173439675888,0.0
2023-03-17T19:30:00,68.90946192557384,17.43360059237597,0.0
2023-03-17T19:45:00,78.47483857104402,16.123610972323807,0.0
2023-03-17T20:00:00,67.90939541910325,16.529715164545454,0.0
2023-03-17T20:15:00,70.16709198287742,14.105010601212129,0.0
2023-03-17T20:30:00,78.216319030641,13.925867276035541,0.0
2023-03-17T20:45:00,71.55599382169413,12.22818290763628,0.0
2023-03-17T21:00:00,62.707278527184954,14.177626536145175,0.0
2023-03-17T21:15:00,72.21222421918925,13.147031368817343,0.0
2023-03-17T21:30:00,66.29689055482734,12.625436703486072,0.0
2023-03-17T21:45:00,74.58545755081818,13.476086177845339,0.0
2023-03-17T22:00:00,62.2963376194557,12.33355426716405,0.0
2023-03-17T22:15:00,68.87637451889294,10.95024793335417,0.0
2023-03-17T22:30:00,70.6649006059496,14.560641910538362,0.0
2023-03-17T22:45:00,55.595502102719394,11.62123297017472,0.0
2023-03-17T23:00:00,56.87281774697622,10.228812679041106,0.0
2023-03-17T23:15:00,57.72507162468255,10.308718872926141,0.0
2023-03-17T23:30:00,49.424059062839284,10.486264188915277,0.0
2023-03-17T23:45:00,53.009588528616405,10.180654879119189,0.0
2023-03-18T00:00:00,48.57603778098511,11.543326913694052,0.0
2023-03-18T00:15:00,48.51812289577617,9.893334525261391,0.0
2023-03-18T00:30:00,50.11643395457943,11.578891457888304,0.0
2023-03-18T00:45:00,50.441257188343286,9.062562709940083,0.0
2023-03-18T01:00:00,51.20152653811391,9.714086945320723,0.0
2023-03-18T01:15:00,47.76790490132904,10.124547072899162,0.0
2023-03-18T01:30:00,48.44718994654057,10.135678437411421,0.0
2023-03-18T01:45:00,51.170246443737156,10.114094768225643,0.0
2023-03-18T02:00:00,52.15634293664733,8.416236629152918,0.0
2023-03-18T02:15:00,50.87700027273108,8.593602385073162,0.0
2023-03-18T02:30:00,55.45327062312046,6.0557115929609235,0.0
2023-03-18T02:45:00,45.59003432555954,8.300639749735282,0.0
2023-03-18T03:00:00,51.90617230023936,9.575057505697444,0.0
2023-03-18T03:15:00,55.11408378549942,9.393486268191726,0.0
2023-03-18T03:30:00,53.244834703187635,8.448647038514519,0.0
2023-03-18T03:45:00,66.73522463216749,10.298231088278039,0.0
2023-03-18T04:00:00,59.79494845213983,8.304243085688245,0.0
2023-03-18T04:15:00,61.73871380526456,8.08608272677693,0.0
2023-03-18T04:30:00,59.630817031385966,8.472364397473374,0.0
2023-03-18T04:45:00,63.19295531058704,7.980101853735217,0.0
2023-03-18T05:00:00,58.447990994950985,9.910045936764368,0.0
2023-03-18T05:15:00,64.94974759771713,9.7834674655608,0.0
2023-03-18T05:30:00,62.405073231135255,10.333662732393103,0.0
2023-03-18T05:45:00,67.0055587101314,9.558393330962387,0.0
2023-03-18T06:00:00,56.90105638700259,10.183089661308923,0.0
2023-03-18T06:15:00,67.32657864420108,8.349309713758142,69.16513422335564
2023-03-18T06:30:00,83.51308076202557,11.207460305026185,133.24174870335125
2023-03-18T06:45:00,83.4946858898517,11.249223384709499,156.0722576129026
2023-03-18T07:00:00,88.97221680014165,10.383275666273999,216.39402996357686
2023-03-18T07:15:00,92.19945630806373,11.725413654366859,288.7442071387014
2023-03-18T07:30:00,91.32584670443747,11.929853431506757,310.7562491376627
2023-03-18T07:45:00,88.18236970036794,14.319478470955987,369.56525212543374
2023-03-18T08:00:00,87.50476554395352,11.869762089024533,399.99999999999994
2023-03-18T08:15:00,100.4039598938249,13.644687574537395,456.39891695112954
2023-03-18T08:30:00,96.68759506496245,12.609877821768794,497.35389801736983
2023-03-18T08:45:00,110.22934252303313,13.533511108316333,527.476652080055
2023-03-18T09:00:00,97.01728496219225,14.760622281459693,565.6854249492379
2023-03-18T09:15:00,109.47358756260417,14.66485911228521,613.5518820271451
2023-03-18T09:30:00,99.27263446519702,15.260969624874216,634.6826722329881
2023-03-18T09:45:00,106.86846743852878,15.987067368096202,687.4144576214222
2023-03-18T10:00:00,108.49498703713269,15.543028027184029,699.0348616376599
2023-03-18T10:15:00,94.42364451263379,17.29658665440187,718.6273045569961
2023-03-18T10:30:00,96.35984119508467,16.474424178720398,739.1036260090294
2023-03-18T10:45:00,92.60576711505533,17.0399800075289,763.3977462347748
2023-03-18T11:00:00,90.36943330300532,17.845114602355316,788.7993084815777
2023-03-18T11:15:00,98.39193056468076,18.04422492704991,795.3052381830038
2023-03-18T11:30:00,92.42868027128397,18.78059982636264,793.1558890990483
2023-03-18T11:45:00,91.87754218253859,18.75684261985258,823.0758796416883
2023-03-18T12:00:00,92.48183489338146,19.195474676442924,813.153884789238
2023-03-18T12:15:00,80.37088351471256,18.669469658476185,805.9918164236866
2023-03-18T12:30:00,95.96336646577655,18.175152271429354,794.989832647295
2023-03-18T12:45:00,87.57087400988009,18.044982098829873,794.6292156093538
2023-03-18T13:00:00,91.68116227548572,18.009245602831793,772.7406610312546
2023-03-18T13:15:00,91.74280600455992,21.627766494692867,762.3702890837093
2023-03-18T13:30:00,95.03221267256001,17.81430711194106,771.9072846003505
2023-03-18T13:45:00,87.11380711025366,21.3591076037152,721.8979269602399
2023-03-18T14:00:00,76.40295999898919,19.4584892742044,694.4898694016905
2023-03-18T14:15:00,86.61566953183379,21.55495598230665,665.1756898420364
2023-03-18T14:30:00,86.57124031514778,18.229932468094876,644.5372178373274
2023-03-18T14:45:00,79.56613107239403,20.235862965315803,601.4718459831819
2023-03-18T15:00:00,84.58022811441072,21.93782773079273,591.8714205970498
2023-03-18T15:15:00,81.08246334688498,21.184166430674665,527.4766520800551
2023-03-18T15:30:00,75.16209805227693,20.095207035319536,487.0091432069767
2023-03-18T15:45:00,84.16946835395352,18.425537708658364,444.4561864156817
2023-03-18T16:00:00,76.88201346402609,18.95686976335094,436.6915817742284
2023-03-18T16:15:00,76.51451694920975,21.554531201297475,353.83095217520105
2023-03-18T16:30:00,75.04141362938144,19.67883932158146,306.1467458920719
2023-03-18T16:45:00,82.30682151189903,19.79321567355015,257.1515722425294
2023-03-18T17:00:00,74.67243931169853,19.963490855176723,207.05523608201682
2023-03-18T17:15:00,73.99794476156674,18.169782088495182,166.62995648075497
2023-03-18T17:30:00,70.10798229098411,19.651213549355052,114.89846860786801
2023-03-18T17:45:00,73.32303591439245,18.575226691972322,52.32250338411449
2023-03-18T18:00:00,76.44722946076843,19.02014680046229,9.797174393178826e-14
2023-03-18T18:15:00,73.58977360464552,17.861827297830843,0.0
2023-03-18T18:30:00,74.40673585732613,16.563255841758632,0.0
2023-03-18T18:45:00,74.57023529309056,17.389852194073057,0.0
2023-03-18T19:00:00,65.12304509990884,18.12458094487546,0.0
2023-03-18T19:15:00,68.02267718908695,17.531595558158507,0.0
2023-03-18T19:30:00,71.62863532101586,16.81083478929273,0.0
2023-03-18T19:45:00,69.12584530603745,17.31057197259678,0.0
2023-03-18T20:00:00,67.36833515150165,15.833123585838361,0.0
2023-03-18T20:15:00,63.08654884143945,15.710621573879452,0.0
2023-03-18T20:30:00,65.28165196700598,14.787193601394046,0.0
2023-03-18T20:45:00,70.10276805040783,15.832840079901777,0.0
2023-03-18T21:00:00,70.21137176068969,14.775331875489227,0.0
2023-03-18T21:15:00,65.5702471088898,13.534426442213233,0.0
2023-03-18T21:30:00,68.71708587044252,12.211616427919349,0.0
2023-03-18T21:45:00,64.76027175559159,14.418222670569019,0.0
2023-03-18T22:00:00,70.82338013646212,12.1868240059677,0.0
2023-03-18T22:15:00,62.855355672105645,12.62723088843804,0.0
2023-03-18T22:30:00,65.31130469309613,14.540302416721497,0.0
2023-03-18T22:45:00,60.90952687521723,12.631580728186764,0.0
2023-03-18T23:00:00,50.871767496513435,13.094952916594453,0.0
2023-03-18T23:15:00,55.37189421724094,10.612257117108703,0.0
2023-03-18T23:30:00,47.57590717093326,11.902211150535347,0.0
2023-03-18T23:45:00,51.16074944595917,10.55439743011894,0.0
2023-03-19T00:00:00,46.015350465570755,10.779160117421839,0.0
2023-03-19T00:15:00,51.693641254376175,12.165586751938239,0.0
2023-03-19T00:30:00,43.20033563691699,9.617018017875425,0.0
2023-03-19T00:45:00,50.19880807005678,9.686220663633806,0.0
2023-03-19T01:00:00,53.28456593875881,8.556416809557948,0.0
2023-03-19T01:15:00,55.34037980836707,10.163015990484489,0.0
2023-03-19T01:30:00,47.44257511207735,8.551879790418187,0.0
2023-03-19T01:45:00,51.89230458210631,9.996913522620787,0.0
2023-03-19T02:00:00,53.341231340593296,7.210315684293281,0.0
2023-03-19T02:15:00,60.847243703387136,9.319710273186768,0.0
2023-03-19T02:30:00,46.46728744214881,8.063421409466624,0.0
2023-03-19T02:45:00,50.148695676789416,9.399147983671133,0.0
2023-03-19T03:00:00,69.62118139167364,8.642224710918315,0.0
2023-03-19T03:15:00,55.188601829942954,8.133291429472632,0.0
2023-03-19T03:30:00,48.11080692203342,8.320555098653685,0.0
2023-03-19T03:45:00,55.71684917459133,7.92068390129452,0.0
2023-03-19T04:00:00,45.89663844440239,9.698016681358991,0.0
2023-03-19T04:15:00,62.09983430962494,7.925565757376495,0.0
2023-03-19T04:30:00,66.1362597058135,8.845428049972025,0.0
2023-03-19T04:45:00,58.753903364817205,9.619787014278886,0.0
2023-03-19T05:00:00,62.211004038416256,11.07312598651443,0.0
2023-03-19T05:15:00,70.45746888824621,9.657667609065458,0.0
2023-03-19T05:30:00,58.37940338309282,9.653153255486691,0.0
2023-03-19T05:45:00,61.825085906123626,10.418379904014708,0.0
2023-03-19T06:00:00,68.60042864314602,8.33967898097883,42.204737022782474
2023-03-19T06:15:00,69.24528583229375,9.501063292481412,55.31183234297654
2023-03-19T06:30:00,74.76447958529509,10.627848810841767,110.24561466801056
2023-03-19T06:45:00,73.06431088049052,10.609393334922277,163.65867660517262
2023-03-19T07:00:00,83.48895288338217,10.05495059452913,211.01858287521628
2023-03-19T07:15:00,84.5550498670183,12.85983039362612,304.16384192133944
2023-03-19T07:30:00,90.74722738798938,12.619440019139327,306.1467458920718
2023-03-19T07:45:00,91.48907596287422,12.86741233923608,353.83095217520105
2023-03-19T08:00:00,93.7648359709709,12.408878462003045,399.99999999999994
2023-03-19T08:15:00,87.47906542713498,13.564634916339438,479.2728182673119
2023-03-19T08:30:00,98.868078284459,14.387076189893293,487.00914320697655
2023-03-19T08:45:00,96.14526176531052,13.998469054488405,536.082617115871
2023-03-19T09:00:00,98.05014863720706,15.100356123012908,587.1055957742109
2023-03-19T09:15:00,104.89079550386495,14.252142177328285,617.051518381684
2023-03-19T09:30:00,96.49978096930045,15.536426350082566,655.0441490642488
2023-03-19T09:45:00,106.98451142773942,16.968824098795412,693.5354172269186
2023-03-19T10:00:00,107.27427018104501,17.44071785796371,698.9849572213894
2023-03-19T10:15:00,103.34268167356835,17.912009480541176,717.4981932261506
2023-03-19T10:30:00,93.92209286591104,17.237452893395997,742.0480038202393
2023-03-19T10:45:00,86.87956234862247,17.3411299799443,757.5441035960845
2023-03-19T11:00:00,101.95369564880528,17.206994967613127,823.1717006654359
2023-03-19T11:15:00,95.65388695192055,16.18172052537274,784.6282243225844
2023-03-19T11:30:00,89.7262001016309,16.963452761424374,802.8187091886412
2023-03-19T11:45:00,97.52388761857506,18.443803802407697,798.2871385908828
2023-03-19T12:00:00,85.43321014733516,18.790136121763396,802.6563678624283
2023-03-19T12:15:00,87.57740672534156,20.579045757452896,798.2871385908828
2023-03-19T12:30:00,92.19435360078538,20.73070305489558,806.669596815937
2023-03-19T12:45:00,83.78869600171443,18.958115416101226,798.6632850298777
2023-03-19T13:00:00,88.51211652947023,20.670262021568192,801.0806304771211
2023-03-19T13:15:00,94.12529306119313,19.55995146839476,784.295490279051
2023-03-19T13:30:00,89.2741489200556,20.881677421844064,739.1036260090294
2023-03-19T13:45:00,93.91559106649638,21.143382388849922,717.4981932261506
2023-03-19T14:00:00,92.72952441744297,21.69343165365469,692.820323027551
2023-03-19T14:15:00,86.40908846988322,20.04785221140923,671.230449362476
2023-03-19T14:30:00,73.92436447576196,21.61875673919633,637.83839450073
2023-03-19T14:45:00,79.24893922522722,18.77012338708289,606.6303777988076
2023-03-19T15:00:00,87.6998107373776,21.951999565311404,565.685424949238
2023-03-19T15:15:00,75.17666375229915,20.617920700385646,556.2214007062956
2023-03-19T15:30:00,80.28277018896387,20.600725054029706,487.0091432069767
2023-03-19T15:45:00,82.5448122805614,18.50305906050147,444.4561864156817
2023-03-19T16:00:00,87.08885803053175,20.062672954259572,399.99999999999994
2023-03-19T16:15:00,75.71167987383217,21.692844060356727,353.83095217520105
2023-03-19T16:30:00,74.17723465361036,19.772359187137447,331.07807408003106
2023-03-19T16:45:00,75.90756502530994,20.75048309394388,257.1515722425294
2023-03-19T17:00:00,76.67195030282514,19.886491434193285,209.08478279749534
2023-03-19T17:15:00,72.87157685506631,20.707270697187514,169.35711474140763
2023-03-19T17:30:00,77.59787014055428,19.60740489072408,104.42095377604126
2023-03-19T17:45:00,67.0533479711847,18.235011197548307,59.975056669339374
2023-03-19T18:00:00,70.34180921861942,18.95487525074077,5.015115036640872
2023-03-19T18:15:00,72.61689840165722,20.21307567807417,0.0
2023-03-19T18:30:00,69.0116023343317,18.805997535861067,0.0
2023-03-19T18:45:00,75.77799927967781,17.872758974596493,0.0
2023-03-19T19:00:00,72.80941635588555,19.91152770290585,0.0
2023-03-19T19:15:00,76.38786524655315,18.46873172764777,0.0
2023-03-19T19:30:00,73.6644581624648,17.768618393361542,0.0
2023-03-19T19:45:00,74.67755370914885,16.90176314083589,0.0
2023-03-19T20:00:00,69.569426824244,16.938971989138775,0.0
2023-03-19T20:15:00,69.33393435304535,16.589057889052153,0.0
2023-03-19T20:30:00,78.17664576552971,13.256125691540715,0.0
2023-03-19T20:45:00,74.60331339293164,15.44313887198285,0.0
2023-03-19T21:00:00,65.48404309688124,14.494978024436884,0.0
2023-03-19T21:15:00,70.48019844602597,13.76358883525511,0.0
2023-03-19T21:30:00,56.4939448725584,13.677189450407994,0.0
2023-03-19T21:45:00,64.10010447484552,11.929393264853571,0.0
2023-03-19T22:00:00,70.21601591590155,11.298259513120241,0.0
2023-03-19T22:15:00,63.07812188188317,13.97364950940207,0.0
2023-03-19T22:30:00,62.45957896762685,12.821841109290931,0.0
2023-03-19T22:45:00,44.851917164351846,9.589039615246257,0.0
2023-03-19T23:00:00,55.96121993526208,11.079399342370802,0.0
2023-03-19T23:15:00,57.55691154827201,12.202914219051461,0.0
2023-03-19T23:30:00,56.12084237777751,10.723200935999591,0.0
2023-03-19T23:45:00,56.55349752692472,11.944713946970491,0.0
2023-03-20T00:00:00,48.727194656189425,11.634977550599002,0.0
2023-03-20T00:15:00,48.99302588716375,8.960116384257075,0.0
2023-03-20T00:30:00,43.28899904053105,9.92442229784541,0.0
2023-03-20T00:45:00,49.14017011112597,9.390959339817677,0.0
2023-03-20T01:00:00,44.152091577286214,8.24247572138292,0.0
2023-03-20T01:15:00,41.600530226127375,7.992355664390251,0.0
2023-03-20T01:30:00,45.874995914277946,8.478567697132206,0.0
2023-03-20T01:45:00,59.38445312342267,8.50536025195838,0.0
2023-03-20T02:00:00,51.10516933180141,9.315541257950606,0.0
2023-03-20T02:15:00,54.248477984122495,9.98736822923669,0.0
2023-03-20T02:30:00,51.343935353241584,9.39284222601116,0.0
2023-03-20T02:45:00,45.78893216821754,9.591085139290856,0.0
2023-03-20T03:00:00,60.316913415974156,8.561248616971286,0.0
2023-03-20T03:15:00,45.73057641377725,9.443713095622922,0.0
2023-03-20T03:30:00,54.82929145092387,8.730822288608529,0.0
2023-03-20T03:45:00,58.39400435041422,8.501682372769487,0.0
2023-03-20T04:00:00,60.93093163220585,10.929412429602868,0.0
2023-03-20T04:15:00,57.30036158803219,6.81580970492352,0.0
2023-03-20T04:30:00,52.9350073524799,7.411284946066572,0.0
2023-03-20T04:45:00,59.344227647316146,9.829329743379127,0.0
2023-03-20T05:00:00,60.85831257490785,9.36673166720257,0.0
2023-03-20T05:15:00,62.01120949895859,8.40206441445946,0.0
2023-03-20T05:30:00,72.01825252169355,9.013135445530473,0.0
2023-03-20T05:45:00,62.402406939757995,9.392421796706008,0.0
2023-03-20T06:00:00,71.28337978724737,11.477562288453283,0.0
2023-03-20T06:15:00,73.83592406904978,12.08420197890568,55.90958513289953
2023-03-20T06:30:00,81.07356832335375,12.814860429619946,104.42095377604126
2023-03-20T06:45:00,78.75488198217084,9.905433818114702,184.39210791928005
2023-03-20T07:00:00,86.41051915309478,10.460742905930122,207.0552360820166
2023-03-20T07:15:00,84.47759346578012,10.738507822627122,257.15157224252926
2023-03-20T07:30:00,90.21071641308059,13.820622850021124,306.1467458920718
2023-03-20T07:45:00,83.00985188756893,13.316454101042211,391.7679215680511
2023-03-20T08:00:00,79.5774740903676,13.35515138429625,399.99999999999994
2023-03-20T08:15:00,96.6358153309472,13.88695320019233,470.39295106458184
2023-03-20T08:30:00,98.59851501976316,13.9879310079826,487.00914320697655
2023-03-20T08:45:00,100.21458430342452,13.314305615654291,537.609128523923
2023-03-20T09:00:00,96.29595646501413,15.341039228226558,570.9356129218473
2023-03-20T09:15:00,107.13556374629513,15.034146708168825,626.1392151482883
2023-03-20T09:30:00,97.83504853653218,14.41070207828267,656.4502487247975
2023-03-20T09:45:00,102.37046374713863,16.572693815896482,666.8134907169011
2023-03-20T10:00:00,103.0625536725323,15.954993072784191,692.8203230275509
2023-03-20T10:15:00,108.20993914882442,16.983986717102,749.9974260081891
2023-03-20T10:30:00,97.27752768413136,16.998987871334165,739.1036260090294
2023-03-20T10:45:00,94.58254290894372,18.37297735198047,757.5441035960845
2023-03-20T11:00:00,89.10627301876133,18.048029412670594,772.7406610312546
2023-03-20T11:15:00,102.89627554190989,17.277587661702462,784.6282243225844
2023-03-20T11:30:00,95.59672085431328,18.802438236032508,805.0698000030472
2023-03-20T11:45:00,93.95886029260092,19.138630053515126,842.5764906237732
2023-03-20T12:00:00,105.36200462167616,19.58184009959981,800.0
2023-03-20T12:15:00,91.36088558576014,20.374779538047427,798.2871385908828
2023-03-20T12:30:00,83.09577361703262,18.972003695011892,794.9364049948126
2023-03-20T12:45:00,88.4146711481563,20.484619779437455,815.5383636359954
2023-03-20T13:00:00,84.22308789659466,18.29920162330748,772.7406610312546
2023-03-20T13:15:00,86.73774403204483,20.08911807234948,769.3601000457575
2023-03-20T13:30:00,86.24312605150926,20.09648374870173,739.1036260090294
2023-03-20T13:45:00,84.78081629037509,21.957292435592567,769.6414258844559
2023-03-20T14:00:00,80.13257896396837,20.467085967199576,695.7111287802165
2023-03-20T14:15:00,94.37038382946896,21.320566899032645,672.289465304943
2023-03-20T14:30:00,87.13979044307324,19.014756983811957,636.3678114182815
2023-03-20T14:45:00,83.68791939113493,20.463262013184693,601.4718459831819
2023-03-20T15:00:00,87.70880818636624,19.981506571008072,584.6828331272792
2023-03-20T15:15:00,85.32073609130491,23.2905311011688,527.4766520800551
2023-03-20T15:30:00,83.33216565894122,20.109738849563158,487.0091432069767
2023-03-20T15:45:00,84.31487843928275,20.78585719352249,444.4561864156817
2023-03-20T16:00:00,80.44815713384985,20.749997198451233,416.3112744132496
2023-03-20T16:15:00,81.97536450439456,18.919968924475633,353.83095217520105
2023-03-20T16:30:00,81.19771356674724,19.84510822296626,309.8765567785352
2023-03-20T16:45:00,77.02086639628382,20.61386940028704,257.1515722425294
2023-03-20T17:00:00,73.85289184962642,20.10974113638957,228.30850228789993
2023-03-20T17:15:00,81.33227886264869,17.51627314024899,169.1104502649905
2023-03-20T17:30:00,69.99949956059044,19.020995035684464,104.81552015840546
2023-03-20T17:45:00,73.04311400179617,20.35972694476241,55.69709914194586
2023-03-20T18:00:00,71.8480254687519,19.65873005287387,9.797174393178826e-14
2023-03-20T18:15:00,67.3805244524363,20.00197468086727,0.0
2023-03-20T18:30:00,67.01113332063588,17.494787675070686,0.0
2023-03-20T18:45:00,69.84766835586109,19.442217371838325,0.0
2023-03-20T19:00:00,69.64101824712812,17.78346039015247,0.0
2023-03-20T19:15:00,65.19046273592983,19.0738210806946,0.0
2023-03-20T19:30:00,69.4739410729566,17.127271466715968,0.0
2023-03-20T19:45:00,74.16412463821788,14.709027737546311,0.0
2023-03-20T20:00:00,79.09858239256614,17.23003528036392,0.0
2023-03-20T20:15:00,75.297228418202,15.554894692563781,0.0
2023-03-20T20:30:00,59.09446973736699,15.23479398039348,0.0
2023-03-20T20:45:00,74.66975860744898,13.767188782752743,0.0
2023-03-20T21:00:00,67.84558886184703,16.450065937447697,0.0
2023-03-20T21:15:00,71.87876055952299,13.914346489257948,0.0
2023-03-20T21:30:00,68.32962770751476,15.619745060033862,0.0
2023-03-20T21:45:00,66.04384602624083,13.22608134475203,0.0
2023-03-20T22:00:00,64.93717775632368,12.347206965677252,0.0
2023-03-20T22:15:00,63.629207147422434,14.218758820652498,0.0
2023-03-20T22:30:00,68.62951934308028,12.458431095250885,0.0
2023-03-20T22:45:00,59.873001324859835,12.110562289772492,0.0
2023-03-20T23:00:00,63.38764755518121,10.546240498158532,0.0
2023-03-20T23:15:00,60.6025586216966,11.036821685627785,0.0
2023-03-20T23:30:00,57.167099602036444,11.603993688020331,0.0
2023-03-20T23:45:00,42.84610373293688,9.572611554082389,0.0
2023-03-21T00:00:00,55.39622798352413,10.218271618708897,0.0
2023-03-21T00:15:00,47.56637976726608,10.068514717718678,0.0
2023-03-21T00:30:00,53.56280388061375,10.306320762966587,0.0
2023-03-21T00:45:00,45.33469492844942,11.490741971822992,0.0
2023-03-21T01:00:00,44.56917796041845,9.503894444310385,0.0
2023-03-21T01:15:00,60.756405796969986,8.928262888391307,0.0
2023-03-21T01:30:00,46.55055871829978,12.203093436956951,0.0
2023-03-21T01:45:00,57.606143067321064,8.885233869505937,0.0
2023-03-21T02:00:00,53.08465823420993,9.013786881096394,0.0
2023-03-21T02:15:00,51.08307216486433,8.757441948389586,0.0
2023-03-21T02:30:00,53.72185347524035,8.77456173064751,0.0
2023-03-21T02:45:00,48.27079607047999,9.090601323584341,0.0
2023-03-21T03:00:00,55.60215718093899,9.920796477593274,0.0
2023-03-21T03:15:00,51.212446831234914,9.416834183841786,0.0
2023-03-21T03:30:00,55.66061715097176,10.128426395123558,0.0
2023-03-21T03:45:00,63.32815786217193,10.159316992188051,0.0
2023-03-21T04:00:00,61.084018085504376,9.412997147881466,0.0
2023-03-21T04:15:00,53.556438403933456,9.694731193093142,0.0
2023-03-21T04:30:00,66.41683668998364,10.565459481200904,0.0
2023-03-21T04:45:00,63.34877658710715,8.507553622801387,0.0
2023-03-21T05:00:00,61.92575745861899,12.302058779531668,0.0
2023-03-21T05:15:00,69.64463978193818,9.498597195657123,0.0
2023-03-21T05:30:00,66.36650667343005,9.888915036683613,0.0
2023-03-21T05:45:00,62.67669541858468,9.277060180452372,0.0
2023-03-21T06:00:00,79.05211325996413,9.575208504926318,8.993948827954856
2023-03-21T06:15:00,72.9925829561648,12.017959178289324,57.16316353171519
2023-03-21T06:30:00,75.89894820124384,13.617624703589927,104.42095377604126
2023-03-21T06:45:00,77.42959676986206,11.09933849107404,162.25429448233632
2023-03-21T07:00:00,88.38927430205446,12.347316528127518,207.0552360820166
2023-03-21T07:15:00,82.74888290319993,12.566434454398156,272.7556086258349
2023-03-21T07:30:00,80.34843577375808,13.704143968226221,323.0728750605148
2023-03-21T07:45:00,87.16575030198476,15.290077672698427,353.83095217520105
2023-03-21T08:00:00,99.43731876175663,14.96805914736646,408.7401526130327
2023-03-21T08:15:00,98.94332315806302,13.590798786922482,444.4561864156817
2023-03-21T08:30:00,95.20210241392722,14.745610482389324,490.6101015264032
2023-03-21T08:45:00,104.73792963352699,15.235639067361369,527.476652080055
2023-03-21T09:00:00,102.69491147055645,14.97990936883238,590.8700830866476
2023-03-21T09:15:00,98.38858695472976,14.296482641884127,601.4718459831818
2023-03-21T09:30:00,99.33946962737141,14.984380934757288,652.055962500607
2023-03-21T09:45:00,101.94723859616347,17.318694583025984,665.1756898420361
2023-03-21T10:00:00,95.96451908685236,17.804222266437176,692.8203230275509
2023-03-21T10:15:00,99.67334496528514,16.721069426979785,717.4981932261506
2023-03-21T10:30:00,100.43982389380649,17.557155988250624,743.0387711112982
2023-03-21T10:45:00,89.44825753470631,18.85099596264365,760.5608536698546
2023-03-21T11:00:00,95.68497961565798,16.2957311279667,776.0596711367242
2023-03-21T11:15:00,93.6537408694286,17.887068967278758,784.6282243225844
2023-03-21T11:30:00,98.6645877065317,20.670439955534967,793.1558890990483
2023-03-21T11:45:00,82.50565108173376,19.255382606803728,798.2871385908828
2023-03-21T12:00:00,87.90553460419754,18.11342460241585,800.0
2023-03-21T12:15:00,87.36146993066522,19.62832113844758,798.2871385908828
2023-03-21T12:30:00,94.4423167498003,20.78155563401569,793.1558890990484
2023-03-21T12:45:00,89.21103746395625,17.442284736486688,806.224935902578
2023-03-21T13:00:00,98.1120544567593,20.372438239897726,772.7406610312546
2023-03-21T13:15:00,92.06273420215014,20.008821894603642,763.3644795789704
2023-03-21T13:30:00,86.23954038199423,18.90127906863077,781.5333713065083
2023-03-21T13:45:00,88.94881301616465,20.763508032100944,717.4981932261506
2023-03-21T14:00:00,85.36322873155758,20.659074725973962,692.820323027551
2023-03-21T14:15:00,90.7394374012191,20.860621430221745,673.7026252414662
2023-03-21T14:30:00,79.01914294208574,20.6004085479981,644.7730613771026
2023-03-21T14:45:00,80.73138096943897,19.96581598747748,601.4718459831819
2023-03-21T15:00:00,86.23364991922165,19.545197166401753,565.685424949238
2023-03-21T15:15:00,89.12876324833557,20.296463599156997,540.5310680310657
2023-03-21T15:30:00,70.97845030219452,21.807921282318926,487.0091432069767
2023-03-21T15:45:00,87.79682544306021,21.117781976146127,461.1007528166899
2023-03-21T16:00:00,79.11238906057606,20.726381628287818,399.99999999999994
2023-03-21T16:15:00,69.2394636974103,19.641812627899146,353.892655256944
2023-03-21T16:30:00,62.4580941405712,20.169362262213507,306.1467458920719
2023-03-21T16:45:00,68.59492367973793,21.11839400755334,285.7692247129619
2023-03-21T17:00:00,74.89092132553951,20.700936185192123,212.0354502305087
2023-03-21T17:15:00,73.38538095399424,19.51161880404256,156.0722576129029
2023-03-21T17:30:00,75.58959072066367,17.148717890279613,104.42095377604126
2023-03-21T17:45:00,68.37369139951414,18.836191214712283,52.32250338411449
2023-03-21T18:00:00,64.27286197048524,18.759946169508645,47.93880353067568
2023-03-21T18:15:00,68.39746306310954,18.04896895289765,0.0
2023-03-21T18:30:00,71.25287796941075,18.239392790912618,0.0
2023-03-21T18:45:00,72.80537372264625,19.149971526312832,0.0
2023-03-21T19:00:00,68.19086030430365,17.962703547043485,0.0
2023-03-21T19:15:00,77.02293033346047,18.64342818921895,0.0
2023-03-21T19:30:00,69.65901391459235,15.787728508545136,0.0
2023-03-21T19:45:00,68.51900419108009,16.623572733864027,0.0
2023-03-21T20:00:00,70.09148821214121,14.613892159770126,0.0
2023-03-21T20:15:00,77.93405390850639,15.743964402259923,0.0
2023-03-21T20:30:00,71.46274125217442,14.737499698022637,0.0
2023-03-21T20:45:00,68.02525380597301,16.67367160880924,0.0
2023-03-21T21:00:00,75.30146783122785,15.409712005843506,0.0
2023-03-21T21:15:00,80.36168417348743,15.622410720212157,0.0
2023-03-21T21:30:00,69.48329846277215,13.78749502140676,0.0
2023-03-21T21:45:00,73.21107774866167,12.809739970786588,0.0
2023-03-21T22:00:00,70.66332743666786,12.39552273484644,0.0
2023-03-21T22:15:00,60.74771121813919,13.33680248895189,0.0
2023-03-21T22:30:00,62.07524667266974,14.514060900002887,0.0
2023-03-21T22:45:00,53.59316039942485,12.758650150706483,0.0
2023-03-21T23:00:00,56.96983684512655,11.625232270712416,0.0
2023-03-21T23:15:00,52.806658734499216,11.477807746755804,0.0
2023-03-21T23:30:00,51.85202336589953,11.316131094195882,0.0
2023-03-21T23:45:00,48.06430396434311,13.070567669577747,0.0
2023-03-22T00:00:00,48.40925412654309,12.163101440273945,0.0
2023-03-22T00:15:00,52.54872313407343,10.921053720834848,0.0
2023-03-22T00:30:00,49.41838138784474,10.521745487617041,0.0
2023-03-22T00:45:00,40.90716657067939,10.482669278112951,0.0
2023-03-22T01:00:00,46.79561881724713,10.470256808134792,0.0
2023-03-22T01:15:00,43.30913881482755,9.377699159386621,0.0
2023-03-22T01:30:00,52.58744864720403,8.78477741911399,0.0
2023-03-22T01:45:00,54.4238701571381,10.522773045142578,0.0
2023-03-22T02:00:00,53.806971201102975,9.39856133439592,0.0
2023-03-22T02:15:00,49.27832395497308,10.236149814953933,0.0
2023-03-22T02:30:00,55.2119410073523,10.869623142091928,0.0
2023-03-22T02:45:00,52.457370739097,9.705594756226287,0.0
2023-03-22T03:00:00,50.01147529503871,9.530682041128417,0.0
2023-03-22T03:15:00,60.367471464064195,12.38522300264379,0.0
2023-03-22T03:30:00,61.75964835596537,9.430484521595304,0.0
2023-03-22T03:45:00,63.47781091254641,8.196875071292617,0.0
2023-03-22T04:00:00,56.802995167358645,9.09535337165195,0.0
2023-03-22T04:15:00,66.89577592660629,11.042237496333254,0.0
2023-03-22T04:30:00,59.72315826357879,8.33468901621058,0.0
2023-03-22T04:45:00,66.68345546915026,9.038437508209237,0.0
2023-03-22T05:00:00,62.11379395663714,11.082407944820233,0.0
2023-03-22T05:15:00,64.8230209084695,9.911695245230042,0.0
2023-03-22T05:30:00,55.12832503617394,10.30176773283444,0.0
2023-03-22T05:45:00,67.02710951083348,11.734467536815114,0.0
2023-03-22T06:00:00,70.30018800144607,10.212671698785103,5.097297704935727
2023-03-22T06:15:00,71.06044554860536,9.747456219435874,52.32250338411445
2023-03-22T06:30:00,85.11848802888545,10.130679016643487,104.42095377604126
2023-03-22T06:45:00,73.67446566669346,12.420492606850356,156.0722576129026
2023-03-22T07:00:00,79.70321288405171,12.431265655389142,217.21481536266296
2023-03-22T07:15:00,80.88058585878571,11.82583490696501,257.15157224252926
2023-03-22T07:30:00,85.28612363764357,11.717241346560675,309.40740938743187
2023-03-22T07:45:00,95.74787739097302,12.972923644590509,360.2148639836323
2023-03-22T08:00:00,100.22527819592231,14.735736577193695,401.5172777818683
2023-03-22T08:15:00,91.31037276098756,13.165773675632321,444.4561864156817
2023-03-22T08:30:00,92.89381642841535,13.726292386285474,487.00914320697655
2023-03-22T08:45:00,92.11768414715988,13.589193218831111,551.0980854442495
2023-03-22T09:00:00,105.51830072384838,14.804720672456176,565.6854249492379
2023-03-22T09:15:00,105.35822927228912,15.902631327655785,601.9004481220941
2023-03-22T09:30:00,99.67078336773773,18.07045987192175,634.6826722329881
2023-03-22T09:45:00,93.35182741970672,16.56045700647505,685.5842318327975
2023-03-22T10:00:00,93.622314472695,16.671369726936454,694.376938530756
2023-03-22T10:15:00,100.53564035446618,17.963706959362447,717.4981932261506
2023-03-22T10:30:00,101.67562012777738,18.16444970757913,739.2461311796645
2023-03-22T10:45:00,87.5840381674481,17.248204888505672,757.5441035960845
2023-03-22T11:00:00,95.05670514061288,20.474193634988424,800.5923032491855
2023-03-22T11:15:00,103.29217470884879,18.48117160738201,784.6282243225844
2023-03-22T11:30:00,92.4683750383835,19.061077455966466,793.1558890990483
2023-03-22T11:45:00,99.20799996954688,19.67955703944489,808.2598033198733
2023-03-22T12:00:00,93.08996881229933,19.760646616290583,835.7217486673057
2023-03-22T12:15:00,84.3805186281162,21.2085700753068,822.2257563818079
2023-03-22T12:30:00,88.21027892823784,19.34234486417579,793.1558890990484
2023-03-22T12:45:00,88.81697258286202,20.94433348422632,784.6282243225844
2023-03-22T13:00:00,84.40069685283476,20.53285442964996,772.7406610312546
2023-03-22T13:15:00,83.93400064336834,21.536093205864002,757.5441035960846
2023-03-22T13:30:00,95.85617177833947,20.50042530665779,746.7228631526062
2023-03-22T13:45:00,82.89538989970993,20.50329898237586,717.4981932261506
2023-03-22T14:00:00,92.55742662525311,21.699762006718768,692.820323027551
2023-03-22T14:15:00,84.29170802174674,21.41483850106771,684.211696572215
2023-03-22T14:30:00,85.58360832392978,20.30050842747594,634.6826722329881
2023-03-22T14:45:00,87.69075640829332,22.504899387404226,601.4718459831819
2023-03-22T15:00:00,80.99408042672847,21.904642936666807,565.685424949238
2023-03-22T15:15:00,85.87117603699497,21.085082910493913,539.7209007890987
2023-03-22T15:30:00,71.78781824995343,20.652571618070095,489.13856939527335
2023-03-22T15:45:00,83.15467976998616,21.420976140851316,462.1262588097747
2023-03-22T16:00:00,67.50208754466274,21.62817374331954,399.99999999999994
2023-03-22T16:15:00,77.55627833840866,19.259639264558153,353.83095217520105
2023-03-22T16:30:00,81.76962174141516,21.0910916791489,306.1467458920719
2023-03-22T16:45:00,79.38500400387603,21.205924713168013,257.1515722425294
2023-03-22T17:00:00,68.52906667476164,18.015837384297207,211.23716223741812
2023-03-22T17:15:00,67.89822262737592,20.35714089411891,156.0722576129029
2023-03-22T17:30:00,69.01190181030877,20.62686273770134,113.99557104171475
2023-03-22T17:45:00,72.08388006391446,20.26405072069676,52.32250338411449
2023-03-22T18:00:00,59.6850722173024,20.217222603458456,9.797174393178826e-14
2023-03-22T18:15:00,70.42845058697604,18.800641860140512,0.0
2023-03-22T18:30:00,72.67364686865801,17.784795700935216,0.0
2023-03-22T18:45:00,70.26799730831978,16.705810627910566,0.0
2023-03-22T19:00:00,74.79496210573578,19.264356802126404,0.0
2023-03-22T19:15:00,73.66599108821951,18.5289311966667,0.0
2023-03-22T19:30:00,70.08939994102286,18.636723086577355,0.0
2023-03-22T19:45:00,63.21831766621197,16.375628994533173,0.0
2023-03-22T20:00:00,73.5021846321416,17.528884254798836,0.0
2023-03-22T20:15:00,67.8261496686483,14.839994541698319,0.0
2023-03-22T20:30:00,69.26668385737482,15.085797156168846,0.0
2023-03-22T20:45:00,73.92511587594213,15.690529553447043,0.0
2023-03-22T21:00:00,77.78926946096172,15.835341191384767,0.0
2023-03-22T21:15:00,69.48931432133848,16.458727234074512,0.0
2023-03-22T21:30:00,71.2368829382616,14.148912342839632,0.0
2023-03-22T21:45:00,59.85114220337488,13.135841907672512,0.0
2023-03-22T22:00:00,66.74222905357391,12.702070413111795,0.0
2023-03-22T22:15:00,63.508053752849875,12.555650824715086,0.0
2023-03-22T22:30:00,68.11988713822431,15.097059763842928,0.0
2023-03-22T22:45:00,57.33526463260584,13.2752750013788,0.0
2023-03-22T23:00:00,56.818033555927705,13.284665411920805,0.0
2023-03-22T23:15:00,61.26335638059665,11.599726576260842,0.0
2023-03-22T23:30:00,53.437957654609285,11.51791630510728,0.0
2023-03-22T23:45:00,46.30124567961328,11.91532317691646,0.0
2023-03-23T00:00:00,62.63166079039047,10.595776673327233,0.0
2023-03-23T00:15:00,44.52335214248412,10.541869384806917,0.0
2023-03-23T00:30:00,49.72109678871604,9.909391758216206,0.0
2023-03-23T00:45:00,51.99122959600332,9.90790574265507,0.0
2023-03-23T01:00:00,51.89306544331407,10.197042306024148,0.0
2023-03-23T01:15:00,49.98617331400576,9.141269540867366,0.0
2023-03-23T01:30:00,50.47210192108258,10.086917900289123,0.0
2023-03-23T01:45:00,50.76138026184632,9.94721708480794,0.0
2023-03-23T02:00:00,46.97331705529424,9.369412515636864,0.0
2023-03-23T02:15:00,63.9951982500026,8.632044578244654,0.0
2023-03-23T02:30:00,52.906473029548266,9.500509996936456,0.0
2023-03-23T02:45:00,57.821353238475794,8.852158013844045,0.0
2023-03-23T03:00:00,54.05809451180088,9.390810283333492,0.0
2023-03-23T03:15:00,54.912759760161066,10.455190044199272,0.0
2023-03-23T03:30:00,55.421047530417205,8.142606830880563,0.0
2023-03-23T03:45:00,51.01286082360157,11.63299077070145,0.0
2023-03-23T04:00:00,59.070388723336016,9.476137566705306,0.0
2023-03-23T04:15:00,58.99268234796268,10.074474613162744,0.0
2023-03-23T04:30:00,68.07744832256195,9.048188830917903,0.0
2023-03-23T04:45:00,57.46120452995406,11.105191216572974,0.0
2023-03-23T05:00:00,61.811377634115175,10.022437224070154,0.0
2023-03-23T05:15:00,61.47948564984689,9.961280132613012,0.0
2023-03-23T05:30:00,74.47562254959787,10.008581053204471,0.0
2023-03-23T05:45:00,64.21838961506366,10.5646852455644,0.0
2023-03-23T06:00:00,72.68499364757056,11.519922752061081,5.692394145850324
2023-03-23T06:15:00,77.9902572588734,11.56095191625762,53.84066649384102
2023-03-23T06:30:00,75.63568938780165,11.65178780906486,104.42095377604126
2023-03-23T06:45:00,72.63149734503644,11.299373300160024,156.0722576129026
2023-03-23T07:00:00,75.72910603217183,11.575042642302481,207.0552360820166
2023-03-23T07:15:00,89.7325254891143,12.22960969233372,262.7718103069317
2023-03-23T07:30:00,81.83079469504058,13.508391234197633,312.5091160234948
2023-03-23T07:45:00,92.57970138798798,14.07783920017889,353.83095217520105
2023-03-23T08:00:00,93.43562102980943,14.588346042510352,415.2728931586542
2023-03-23T08:15:00,96.72875449355635,14.17220729059188,454.91729999246684
2023-03-23T08:30:00,98.89553443767974,14.94462090382497,487.00914320697655
2023-03-23T08:45:00,93.26372972445888,14.783346635963689,527.476652080055
2023-03-23T09:00:00,94.1379891525971,13.60191812529909,565.6854249492379
2023-03-23T09:15:00,103.35659916462858,15.520708102068916,601.4718459831818
2023-03-23T09:30:00,97.0827255712786,15.752046644190015,638.8428024744717
2023-03-23T09:45:00,86.61033719763432,15.475712843895174,688.8468883035525
2023-03-23T10:00:00,103.42816004581452,16.32973621108978,721.2512441860699
2023-03-23T10:15:00,94.5299429186183,17.407944322337404,717.4981932261506
2023-03-23T10:30:00,101.29336618149007,16.507069924732917,754.8397112166347
2023-03-23T10:45:00,104.90762769555762,17.287162786125656,759.2341211535881
2023-03-23T11:00:00,96.77582323603097,19.892118131780176,772.7406610312546
2023-03-23T11:15:00,100.20828067579846,17.074931188464767,784.6282243225844
2023-03-23T11:30:00,94.35366573063489,18.81360253067268,793.1558890990483
2023-03-23T11:45:00,99.72571241271844,18.133981641063784,822.5034965103769
2023-03-23T12:00:00,84.56295888015433,18.835220005520632,800.0
2023-03-23T12:15:00,89.78959798662949,19.657517731483207,809.5484255347282
2023-03-23T12:30:00,93.06819967662341,19.1167600353461,793.1558890990484
2023-03-23T12:45:00,88.53714124695425,20.906964405409155,784.6282243225844
2023-03-23T13:00:00,94.95310593298457,21.8915191587065,772.7406610312546
2023-03-23T13:15:00,86.65189931628808,21.56713070152632,788.1767327971986
2023-03-23T13:30:00,98.69794083231004,21.912106429016045,739.1036260090294
2023-03-23T13:45:00,98.42193677595485,19.646061214169276,735.6155344158223
2023-03-23T14:00:00,88.60436248076513,20.896700052142734,709.8414087820546
2023-03-23T14:15:00,89.26589257176386,21.69634886600027,665.1756898420364
2023-03-23T14:30:00,91.69891840788776,22.164076198584855,634.6826722329881
2023-03-23T14:45:00,78.97430357868257,23.0847226482689,601.4718459831819
2023-03-23T15:00:00,77.45562997478186,22.413255707856404,594.7187657997197
2023-03-23T15:15:00,89.34250529522942,22.227858279332963,530.5114003184194
2023-03-23T15:30:00,83.41866536847928,23.92648086500968,487.0091432069767
2023-03-23T15:45:00,79.85237285443296,21.325236880254135,461.1353969712931
2023-03-23T16:00:00,79.92911093834566,20.8507126357203,399.99999999999994
2023-03-23T16:15:00,66.78906086649954,21.20315479685854,353.83095217520105
2023-03-23T16:30:00,76.57435149895666,19.972440555608376,307.77263334354274
2023-03-23T16:45:00,72.53705003403698,20.793086351191395,307.559953840576
2023-03-23T17:00:00,79.6402334940657,18.813516345156607,223.3752576490875
2023-03-23T17:15:00,78.75045475618246,19.803514753474925,156.0722576129029
2023-03-23T17:30:00,75.36741943899044,19.98900227590928,104.98723969624585
2023-03-23T17:45:00,73.15885025253843,20.804890251954365,70.71668771615991
2023-03-23T18:00:00,62.38676068033852,20.697947347733102,28.437265816660023
2023-03-23T18:15:00,73.47654012262215,18.33667394207679,0.0
2023-03-23T18:30:00,74.29224598369356,21.072818124243373,0.0
2023-03-23T18:45:00,77.93790273793729,18.826010992784575,0.0
2023-03-23T19:00:00,82.78816258404044,18.584261082258227,0.0
2023-03-23T19:15:00,64.1133231851494,16.38025477255314,0.0
2023-03-23T19:30:00,70.88404336634522,17.020259320297942,0.0
2023-03-23T19:45:00,69.21668753814015,18.322676719578904,0.0
2023-03-23T20:00:00,73.72641142263181,17.06690884955568,0.0
2023-03-23T20:15:00,72.6872920423073,16.6225727745771,0.0
2023-03-23T20:30:00,71.01674287270076,16.35454544012325,0.0
2023-03-23T20:45:00,76.6962728495515,14.293430586522268,0.0
2023-03-23T21:00:00,65.22428774430499,15.24760756282597,0.0
2023-03-23T21:15:00,64.50276385800444,16.36012769614422,0.0
2023-03-23T21:30:00,63.374188656960975,15.64776658497264,0.0
2023-03-23T21:45:00,65.30065722842832,14.04847474201509,0.0
2023-03-23T22:00:00,59.400416325458444,15.35497051997389,0.0
2023-03-23T22:15:00,63.59348225365827,12.156480817640094,0.0
2023-03-23T22:30:00,61.17505451835802,12.07641785718066,0.0
2023-03-23T22:45:00,56.13373769917316,14.55410635207076,0.0
2023-03-23T23:00:00,62.423809168439476,12.922189234535981,0.0
2023-03-23T23:15:00,55.70053765991793,11.721907376007533,0.0
2023-03-23T23:30:00,59.240119693160494,11.63632897613989,0.0
2023-03-23T23:45:00,50.8989595864464,10.581510112499862,0.0
2023-03-24T00:00:00,49.77835050971676,11.550148586920697,0.0
2023-03-24T00:15:00,47.12823446269291,11.202546273670144,0.0
2023-03-24T00:30:00,50.035195020719904,10.775961340347816,0.0
2023-03-24T00:45:00,53.84477587346915,9.36762278320617,0.0
2023-03-24T01:00:00,48.524137263740684,10.584800360594816,0.0
2023-03-24T01:15:00,53.55278217364474,9.605448790614375,0.0
2023-03-24T01:30:00,47.357999495419094,8.98694221667563,0.0
2023-03-24T01:45:00,55.75712294783082,11.101358386799264,0.0
2023-03-24T02:00:00,49.67928773862512,11.890363072333386,0.0
2023-03-24T02:15:00,57.52833207096788,11.57410511863279,0.0
2023-03-24T02:30:00,54.33714085721715,10.217650267751958,0.0
2023-03-24T02:45:00,62.467297468249306,9.263458053721726,0.0
2023-03-24T03:00:00,49.98685069587154,9.445841089627915,0.0
2023-03-24T03:15:00,49.33152478231281,9.93464539626319,0.0
2023-03-24T03:30:00,54.64301014082128,9.147279751528487,0.0
2023-03-24T03:45:00,51.86486555030993,10.950295049935551,0.0
2023-03-24T04:00:00,52.98565047873215,7.684914220169588,0.0
2023-03-24T04:15:00,64.16130494879289,9.53889034127447,0.0
2023-03-24T04:30:00,62.22476233650844,10.773990969232138,0.0
2023-03-24T04:45:00,61.072130761289,9.289800575756585,0.0
2023-03-24T05:00:00,62.78813106229596,10.079895358348072,0.0
2023-03-24T05:15:00,63.01133018891927,11.121022414660468,0.0
2023-03-24T05:30:00,75.54064694556773,12.274345737522921,0.0
2023-03-24T05:45:00,64.91373382805548,9.711219545192428,0.0
2023-03-24T06:00:00,63.288655460457036,9.905481497358391,0.0
2023-03-24T06:15:00,77.1455335062088,10.614091593792283,52.32250338411445
2023-03-24T06:30:00,75.31335635507327,10.326092247672053,127.05132670462794
2023-03-24T06:45:00,89.73525132076189,10.716396818703453,168.1760921117204
2023-03-24T07:00:00,79.94467765895328,11.543535474537837,216.73799562390215
2023-03-24T07:15:00,89.68945659085153,14.095958079164522,260.7880692232806
2023-03-24T07:30:00,93.57058196897007,12.90801925997324,306.1467458920718
2023-03-24T07:45:00,88.03871969861207,13.618934986570174,353.83095217520105
2023-03-24T08:00:00,89.17510216809494,13.007818144863235,399.99999999999994
2023-03-24T08:15:00,98.5757552535894,14.97919181520035,461.3805134787895
2023-03-24T08:30:00,99.43790051495363,16.608803546745,495.5262905187076
2023-03-24T08:45:00,90.90486366992744,14.236148012812256,527.476652080055
2023-03-24T09:00:00,93.39928239308088,17.24094504330727,581.4762695044153
2023-03-24T09:15:00,87.1256439963202,16.27303983078124,601.4718459831818
2023-03-24T09:30:00,103.23221342092828,16.316217324841556,634.6826722329881
2023-03-24T09:45:00,99.07777421891502,17.08686243665455,665.1756898420361
2023-03-24T10:00:00,99.39946197845246,17.459637441814678,692.8203230275509
2023-03-24T10:15:00,91.27985939738656,19.30193788311475,756.029918786942
2023-03-24T10:30:00,93.49300555345086,18.3325179982448,739.1036260090294
2023-03-24T10:45:00,95.57955441306862,18.711035984687516,757.5441035960845
2023-03-24T11:00:00,93.35621347591581,18.09469685226999,782.9486964576188
2023-03-24T11:15:00,95.84446242200264,19.688695206814554,784.6282243225844
2023-03-24T11:30:00,96.52784848804662,18.211918272661872,796.2670437144078
2023-03-24T11:45:00,103.16245914537237,19.581275552412546,826.8781312445884
2023-03-24T12:00:00,89.79923980071891,22.64212091513265,813.0925571532684
2023-03-24T12:15:00,95.43351673113034,17.52304559746011,798.2871385908828
2023-03-24T12:30:00,85.57835829345086,20.5094637103154,793.1558890990484
2023-03-24T12:45:00,81.14029898406137,20.776637266926706,795.2403445183004
2023-03-24T13:00:00,87.45633324310427,20.48426005245197,785.4404563544621
2023-03-24T13:15:00,80.84931895140444,20.692913860361237,757.9591583932948
2023-03-24T13:30:00,88.45028143694479,21.15088364046174,746.3158060101777
2023-03-24T13:45:00,83.93450915898397,20.94577417373864,724.7298420337429
2023-03-24T14:00:00,77.44847609278938,21.533731358787954,692.820323027551
2023-03-24T14:15:00,95.20884292622533,20.91329764883502,665.1756898420364
2023-03-24T14:30:00,83.07858319117133,23.487258659222476,649.5345841934214
2023-03-24T14:45:00,76.74802458573208,21.251336468366805,607.307755214788
2023-03-24T15:00:00,88.53231952714093,22.085808079857255,565.685424949238
2023-03-24T15:15:00,79.4431694401785,20.834314111820937,527.4766520800551
2023-03-24T15:30:00,87.52538369950126,22.39800887087655,487.0091432069767
2023-03-24T15:45:00,77.34375793787532,22.13437614200325,444.4561864156817
2023-03-24T16:00:00,77.19483649955954,21.73101186649912,424.07889839459654
2023-03-24T16:15:00,80.4692573026388,20.170442092984654,417.87747025015176
2023-03-24T16:30:00,80.51909050169589,20.307070826736734,306.1467458920719
2023-03-24T16:45:00,80.17053294363977,22.58360610717485,263.2396994351861
2023-03-24T17:00:00,74.62700015927732,19.94887538722849,208.44695848735108
2023-03-24T17:15:00,76.44421499896903,21.145916516260314,156.0722576129029
2023-03-24T17:30:00,76.23799182989167,19.331645383798644,115.27974468328418
2023-03-24T17:45:00,72.21023322831064,21.03561875270817,55.31827819570412
2023-03-24T18:00:00,69.18603438455206,19.07244000185444,9.797174393178826e-14
2023-03-24T18:15:00,63.32268050841579,18.509083675292953,0.0
2023-03-24T18:30:00,74.16695756691026,18.456422769587963,0.0
2023-03-24T18:45:00,71.94863849173306,18.295815473689128,0.0
2023-03-24T19:00:00,70.15486478706958,18.920870027156756,0.0
2023-03-24T19:15:00,78.99078889789942,18.23931251968433,0.0
2023-03-24T19:30:00,65.71308985680336,16.717141186510247,0.0
2023-03-24T19:45:00,81.17403282768647,17.416886450252687,0.0
2023-03-24T20:00:00,72.77833961446778,15.92560953555657,0.0
2023-03-24T20:15:00,74.23370417066529,17.33029596933029,0.0
2023-03-24T20:30:00,70.2377631923838,17.126256724425254,0.0
2023-03-24T20:45:00,63.24871700686266,15.884668109064034,0.0
2023-03-24T21:00:00,70.05913983481369,15.787850075225299,0.0
2023-03-24T21:15:00,71.4079262563651,16.87590200751609,0.0
2023-03-24T21:30:00,71.90227277139783,14.575436526520107,0.0
2023-03-24T21:45:00,66.13795970029743,13.401396790084878,0.0
2023-03-24T22:00:00,54.60649872592926,14.542477637555205,0.0
2023-03-24T22:15:00,56.15386350167517,12.454906114648225,0.0
2023-03-24T22:30:00,72.28843413726248,13.009527114769057,0.0
2023-03-24T22:45:00,54.629463877241655,12.263474484835012,0.0
2023-03-24T23:00:00,65.21605571628821,11.814376839023666,0.0
2023-03-24T23:15:00,51.353437141197304,11.932687678470415,0.0
2023-03-24T23:30:00,53.040433851295795,12.763519424394296,0.0
2023-03-24T23:45:00,55.02608066740176,12.66579056995631,0.0
2023-03-25T00:00:00,45.82124986127495,12.371589443994583,0.0
2023-03-25T00:15:00,57.926119308202516,11.51333951227775,0.0
2023-03-25T00:30:00,50.47196665704517,10.67018766488813,0.0
2023-03-25T00:45:00,52.610770717613065,8.341381598807969,0.0
2023-03-25T01:00:00,49.26567052830233,10.859532838593841,0.0
2023-03-25T01:15:00,54.27722093936267,8.027456094068182,0.0
2023-03-25T01:30:00,59.338595143202895,8.221379796482466,0.0
2023-03-25T01:45:00,51.328337575409485,9.844775835265617,0.0
2023-03-25T02:00:00,61.25027797223674,10.157046554919287,0.0
2023-03-25T02:15:00,50.23485080623283,9.352227681774556,0.0
2023-03-25T02:30:00,57.875635485113165,11.274886248374305,0.0
2023-03-25T02:45:00,57.33099762581502,10.162972386110084,0.0
2023-03-25T03:00:00,50.43717610703652,9.438616361227941,0.0
2023-03-25T03:15:00,57.8043543153646,11.087180673773373,0.0
2023-03-25T03:30:00,57.78382320325678,11.304468447344428,0.0
2023-03-25T03:45:00,54.544856552403054,10.315871279078486,0.0
2023-03-25T04:00:00,61.71223426514995,9.117211650531292,0.0
2023-03-25T04:15:00,61.80789602034188,9.456173060030833,0.0
2023-03-25T04:30:00,61.905618710341436,8.698008359962142,0.0
2023-03-25T04:45:00,63.15054544282267,10.264370939026556,0.0
2023-03-25T05:00:00,64.29578989751082,9.441830403872034,0.0
2023-03-25T05:15:00,64.18191754762512,10.37013182501141,0.0
2023-03-25T05:30:00,68.0108687248532,11.188504529330949,0.0
2023-03-25T05:45:00,65.39458844775757,9.193276781145396,0.0
2023-03-25T06:00:00,83.20626955152933,10.181642312382678,0.6957969691085943
2023-03-25T06:15:00,66.14151133475637,11.225101322587461,57.71597979287624
2023-03-25T06:30:00,73.49135122894586,11.982928325247702,104.94165502868915
2023-03-25T06:45:00,77.03556949709353,11.860712070167478,156.0722576129026
2023-03-25T07:00:00,92.80107006785244,12.417506336636821,207.0552360820166
2023-03-25T07:15:00,78.88175958548587,12.328104930583635,264.0549840821967
2023-03-25T07:30:00,90.31210394920988,11.942523832024035,306.1467458920718
2023-03-25T07:45:00,91.91026632816057,13.22463669881253,353.83095217520105
2023-03-25T08:00:00,94.58061467431864,13.92194147247777,399.99999999999994
2023-03-25T08:15:00,101.07353555529536,14.20709223232018,444.4561864156817
2023-03-25T08:30:00,102.66548486742519,15.016663033499341,487.00914320697655
2023-03-25T08:45:00,95.72602718418726,15.714500063117539,527.476652080055
2023-03-25T09:00:00,100.03444496538022,16.36975049491987,565.6854249492379
2023-03-25T09:15:00,90.5101810036053,15.446892207892665,601.4718459831818
2023-03-25T09:30:00,100.7736413369497,14.895384617423725,634.6826722329881
2023-03-25T09:45:00,96.43986018873993,18.130162565848572,708.9997120052661
2023-03-25T10:00:00,99.30119909683208,17.626384454249415,692.8203230275509
2023-03-25T10:15:00,91.33311770511813,16.661998708668232,741.6824423849587
2023-03-25T10:30:00,101.03077589579864,18.26182991870616,739.1036260090294
2023-03-25T10:45:00,89.5094026413342,19.40975114260533,757.5441035960845
2023-03-25T11:00:00,97.48216165391862,20.41720079326259,784.4921812390801
2023-03-25T11:15:00,89.14565122260753,19.272055942298543,784.6282243225844
2023-03-25T11:30:00,89.3851998225139,20.400263479425384,793.1558890990483
2023-03-25T11:45:00,97.61095395497797,18.434497086308888,834.083336635855
2023-03-25T12:00:00,92.86181182374743,19.894762203545806,800.0
2023-03-25T12:15:00,95.6254162473041,19.86405046364074,798.2871385908828
2023-03-25T12:30:00,97.54975498416198,20.79071416147482,796.9573215089309
2023-03-25T12:45:00,85.6737341665451,22.28803587727469,812.7886749861361
2023-03-25T13:00:00,96.73559693216504,21.13406608500909,772.7406610312546
2023-03-25T13:15:00,81.53329640318692,20.131569977952452,810.7644084827847
2023-03-25T13:30:00,92.13031441712957,19.967862883207037,754.2860072359944
2023-03-25T13:45:00,85.39298835183322,23.015385107747772,717.4981932261506
2023-03-25T14:00:00,82.59122945667151,21.997372638142842,692.820323027551
2023-03-25T14:15:00,89.62396367675244,22.020817297417636,669.9143698578717
2023-03-25T14:30:00,90.51404652585009,21.292962047707892,634.6826722329881
2023-03-25T14:45:00,89.53536017699159,21.943039592122663,612.428510876016
2023-03-25T15:00:00,85.13865716238423,20.70106436189639,565.685424949238
2023-03-25T15:15:00,83.7689249028269,22.062376163158472,527.4766520800551
2023-03-25T15:30:00,84.73178360285326,20.461823299692032,487.0091432069767
2023-03-25T15:45:00,82.55244713215731,21.213447505414823,461.4944585172755
2023-03-25T16:00:00,82.62900129210922,20.8406860770982,399.99999999999994
2023-03-25T16:15:00,79.78799320411292,18.112237402327256,374.7364486785123
2023-03-25T16:30:00,81.78980986401294,20.88453283655751,327.63748334822947
2023-03-25T16:45:00,68.21497236749042,20.170394292756402,257.1515722425294
2023-03-25T17:00:00,74.44223562079782,20.673786806839047,207.05523608201682
2023-03-25T17:15:00,66.90479606527396,20.678564742320326,167.18954179488415
2023-03-25T17:30:00,73.91625602660477,22.216076252752195,104.42095377604126
2023-03-25T17:45:00,79.43993555805068,20.503772110054573,52.32250338411449
2023-03-25T18:00:00,67.55179818444448,20.26477758812602,38.182804558921326
2023-03-25T18:15:00,71.20831254436331,20.139712993842856,0.0
2023-03-25T18:30:00,74.97641750092428,20.21240135431665,0.0
2023-03-25T18:45:00,61.42205248050047,19.47572511999533,0.0
2023-03-25T19:00:00,69.63528878140797,18.969737292447316,0.0
2023-03-25T19:15:00,74.44743251961116,19.053003327900353,0.0
2023-03-25T19:30:00,58.39018153638937,15.557490441382637,0.0
2023-03-25T19:45:00,68.09270592879297,19.705712643120997,0.0
2023-03-25T20:00:00,78.41689301785235,18.830668383351725,0.0
2023-03-25T20:15:00,77.6839949237102,17.07570195197926,0.0
2023-03-25T20:30:00,74.10747204519144,15.058174970934743,0.0
2023-03-25T20:45:00,76.01796691250098,17.290793475897,0.0
2023-03-25T21:00:00,71.85560764255568,14.994147768958488,0.0
2023-03-25T21:15:00,72.5340734024185,15.829446509217277,0.0
2023-03-25T21:30:00,66.96577413848757,13.621961512917423,0.0
2023-03-25T21:45:00,67.73008625040818,16.74388923489955,0.0
2023-03-25T22:00:00,62.430243143178025,12.692893235299456,0.0
2023-03-25T22:15:00,70.20248408880565,13.828373546520732,0.0
2023-03-25T22:30:00,69.65903020926282,11.269736459321168,0.0
2023-03-25T22:45:00,67.01460494289338,12.99306967451287,0.0
2023-03-25T23:00:00,56.06316176000865,12.262739062884924,0.0
2023-03-25T23:15:00,51.27789777476563,13.491786263811553,0.0
2023-03-25T23:30:00,60.36047884699175,11.610076262379012,0.0
2023-03-25T23:45:00,54.642472525665085,12.870572960269117,0.0
2023-03-26T00:00:00,51.58510077655774,10.592886732666509,0.0
2023-03-26T00:15:00,46.816840179441726,11.066647539455857,0.0
2023-03-26T00:30:00,52.24160090464714,10.837615847706548,0.0
2023-03-26T00:45:00,44.90008316256523,11.36641856919211,0.0
2023-03-26T01:00:00,53.79397432355332,11.03186999107489,0.0
2023-03-26T01:15:00,57.898009977068455,11.200636693101696,0.0
2023-03-26T01:30:00,59.61981613825355,10.583201395596484,0.0
2023-03-26T01:45:00,55.54734450883484,10.839382037016946,0.0
2023-03-26T02:00:00,45.711563245145136,9.166229100946918,0.0
2023-03-26T02:15:00,54.29943747761872,10.363734971836317,0.0
2023-03-26T02:30:00,64.77352098340339,11.519184746577285,0.0
2023-03-26T02:45:00,50.562324967148555,8.192501680555248,0.0
2023-03-26T03:00:00,55.50413558065749,10.348655942343393,0.0
2023-03-26T03:15:00,63.82288452594303,10.549274225880962,0.0
2023-03-26T03:30:00,60.852620099133034,11.372165196603287,0.0
2023-03-26T03:45:00,71.23155603097301,10.700983238245293,0.0
2023-03-26T04:00:00,56.277832152796584,10.164408971798764,0.0
2023-03-26T04:15:00,56.147626335855385,10.60814040591387,0.0
2023-03-26T04:30:00,68.4091376008136,9.581332957745404,0.0
2023-03-26T04:45:00,57.53399662151861,10.09044346582059,0.0
2023-03-26T05:00:00,63.78195822280143,9.327792724965839,0.0
2023-03-26T05:15:00,65.71213990431907,12.357859827903418,0.0
2023-03-26T05:30:00,72.5116025914681,11.5496852645779,0.0
2023-03-26T05:45:00,71.70545632446289,10.432496682175989,0.0
2023-03-26T06:00:00,72.22750363982384,11.888364262917767,0.0
2023-03-26T06:15:00,71.19598014733482,13.062920806768386,56.33081526607906
2023-03-26T06:30:00,82.51000868528807,13.199871738776526,119.57448940207698
2023-03-26T06:45:00,99.71335720837477,11.598587976090451,170.56118980870008
2023-03-26T07:00:00,86.07497046560452,9.725809171494918,222.05652374458722
2023-03-26T07:15:00,86.00075084786775,13.601301930956838,263.9403343509217
2023-03-26T07:30:00,81.71313457907874,12.676677761345694,306.1467458920718
2023-03-26T07:45:00,87.50084573110232,14.553338701535996,353.83095217520105
2023-03-26T08:00:00,91.86400895596958,15.257004105095582,409.2233352954702
2023-03-26T08:15:00,92.23877551566521,15.802739166441079,461.085374805863
2023-03-26T08:30:00,96.52590587081572,16.821231320032688,501.0478676872733
2023-03-26T08:45:00,106.8908486755845,16.70358613007091,527.476652080055
2023-03-26T09:00:00,105.32014927951664,17.609196816158487,565.6854249492379
2023-03-26T09:15:00,99.05648455678495,17.631127105990654,601.4718459831818
2023-03-26T09:30:00,94.25673354577094,18.109022714716943,634.6826722329881
2023-03-26T09:45:00,107.1166025171718,16.989321780173462,666.8052758485647
2023-03-26T10:00:00,100.00779683408804,16.123235826757213,719.9834503215965
2023-03-26T10:15:00,91.14743187595003,20.270555033675848,719.4942732402469
2023-03-26T10:30:00,102.58852202942866,18.218701516781024,777.2663345865033
2023-03-26T10:45:00,103.14063651513978,19.74208819266271,757.5441035960845
2023-03-26T11:00:00,84.63115357004756,18.309373156350244,773.3650051941926
2023-03-26T11:15:00,91.17536295181596,20.156991828037718,784.6282243225844
2023-03-26T11:30:00,93.10109191641496,17.067253236386826,793.1558890990483
2023-03-26T11:45:00,95.52980497355546,19.405279486973924,798.2871385908828
2023-03-26T12:00:00,87.36344614581867,20.00387759110146,800.0
2023-03-26T12:15:00,85.73864802384192,20.833295600553516,798.2871385908828
2023-03-26T12:30:00,93.40692254481714,21.691792705722985,794.8613908983693
2023-03-26T12:45:00,87.21627281043334,19.75432273955942,784.6282243225844
2023-03-26T13:00:00,91.97096884746438,21.7157685990013,772.7406610312546
2023-03-26T13:15:00,83.32320338396869,22.46755141320734,765.7415149905778
2023-03-26T13:30:00,81.65810462298327,23.748836765196444,739.1036260090294
2023-03-26T13:45:00,91.65597968744527,22.247856748182635,719.1189144011994
2023-03-26T14:00:00,88.52528669621437,21.195696963627654,709.781831747132
2023-03-26T14:15:00,91.18384998117148,20.472595012685588,683.8668796636277
2023-03-26T14:30:00,83.14628087015701,23.637519453482557,645.0140132280549
2023-03-26T14:45:00,81.00344870612034,22.584143462399027,601.4718459831819
2023-03-26T15:00:00,90.88790913037502,21.837672355794226,565.685424949238
2023-03-26T15:15:00,75.51430155096855,20.226983232584267,527.4766520800551
2023-03-26T15:30:00,88.37471119501707,20.877133204719275,520.0784077654431
2023-03-26T15:45:00,87.65610726674348,22.375679958567783,449.9175104666202
2023-03-26T16:00:00,84.2426266402699,22.009035969234777,399.99999999999994
2023-03-26T16:15:00,75.3489152882673,19.594897205378647,365.1048075311463
2023-03-26T16:30:00,73.51322853261453,22.035537738944015,307.14123086921796
2023-03-26T16:45:00,75.32068951001176,19.672447988350637,261.6674312561087
2023-03-26T17:00:00,68.64336158683295,22.409809478683357,207.05523608201682
2023-03-26T17:15:00,69.03551551549411,21.057021576094694,156.0722576129029
2023-03-26T17:30:00,75.77637437088579,20.156346580372578,124.34095897997248
2023-03-26T17:45:00,74.49698722466317,21.360841171359006,52.32250338411449
2023-03-26T18:00:00,64.69430493626474,20.455787962939535,9.572034734965236
2023-03-26T18:15:00,73.9726190441378,21.140650486479895,0.0
2023-03-26T18:30:00,73.48545742977532,19.592692174816356,0.0
2023-03-26T18:45:00,79.33005538697881,19.331888751897793,0.0
2023-03-26T19:00:00,75.11148037622672,18.574397554776557,0.0
2023-03-26T19:15:00,77.93771646667899,18.776347271455638,0.0
2023-03-26T19:30:00,75.28050009408699,19.85369946135426,0.0
2023-03-26T19:45:00,77.89635091741397,17.28552060913239,0.0
2023-03-26T20:00:00,66.49697434286723,18.060517407320226,0.0
2023-03-26T20:15:00,72.08024511066222,16.149746336463284,0.0
2023-03-26T20:30:00,72.06092404196349,14.576073023016328,0.0
2023-03-26T20:45:00,70.40818595286889,16.459525503125434,0.0
2023-03-26T21:00:00,73.0194765967922,16.23005341084389,0.0
2023-03-26T21:15:00,72.94895411244589,15.357177942551123,0.0
2023-03-26T21:30:00,70.52528504280659,13.58050586328192,0.0
2023-03-26T21:45:00,66.28626040445124,14.993407129919317,0.0
2023-03-26T22:00:00,61.933401650791716,14.573047350898788,0.0
2023-03-26T22:15:00,69.39095471343546,13.042230564462923,0.0
2023-03-26T22:30:00,63.819854219581174,12.210055821710908,0.0
2023-03-26T22:45:00,55.041928622171184,12.953527918354492,0.0
2023-03-26T23:00:00,57.155224834910044,13.512577234152234,0.0
2023-03-26T23:15:00,47.350226557814466,12.942881321048844,0.0
2023-03-26T23:30:00,54.17242058973834,11.326242415488066,0.0
2023-03-26T23:45:00,50.95099377447524,12.04049818179606,0.0
2023-03-27T00:00:00,47.0868552096951,12.675502692830628,0.0
2023-03-27T00:15:00,57.92501244571737,10.347312420333669,0.0
2023-03-27T00:30:00,44.349522136285024,11.33405230077013,0.0
2023-03-27T00:45:00,53.87544911181885,12.381840280829948,0.0
2023-03-27T01:00:00,61.5742142403498,9.559932396473817,0.0
2023-03-27T01:15:00,56.406926890153116,11.805306816327725,0.0
2023-03-27T01:30:00,51.32390540075722,12.106927231729014,0.0
2023-03-27T01:45:00,46.35139193370139,10.127230672332827,0.0
2023-03-27T02:00:00,45.828371002860735,9.892453397723656,0.0
2023-03-27T02:15:00,51.27203924063327,11.179399711074524,0.0
2023-03-27T02:30:00,50.65711948607755,9.896217431201967,0.0
2023-03-27T02:45:00,51.32465926710159,7.6907367343476345,0.0
2023-03-27T03:00:00,54.185487060384624,9.932222379784768,0.0
2023-03-27T03:15:00,56.261038195041984,10.51426740323729,0.0
2023-03-27T03:30:00,60.21002111952386,10.822431659813953,0.0
2023-03-27T03:45:00,52.65880420376761,9.265676127303042,0.0
2023-03-27T04:00:00,56.54797098080655,9.965660897267329,0.0
2023-03-27T04:15:00,60.315055742979354,11.326343461656013,0.0
2023-03-27T04:30:00,61.32809534705365,10.42774115799329,0.0
2023-03-27T04:45:00,72.71251919247567,9.121042531317304,0.0
2023-03-27T05:00:00,65.94404202304067,12.072502561388092,0.0
2023-03-27T05:15:00,57.9894344613521,10.82808827828183,0.0
2023-03-27T05:30:00,69.43957292500458,12.362115709908316,0.0
2023-03-27T05:45:00,71.37944599058882,10.124521433733936,0.0
2023-03-27T06:00:00,69.33354982024811,11.66738953976598,0.0
2023-03-27T06:15:00,67.15816205732942,12.58467810755117,52.32250338411445
2023-03-27T06:30:00,85.24227295897794,12.291303538921035,142.2325043317305
2023-03-27T06:45:00,74.25182831936444,11.514589374035742,156.0722576129026
2023-03-27T07:00:00,85.93943189560189,10.644213667630833,207.0552360820166
2023-03-27T07:15:00,86.51965334798551,14.9005499626637,257.15157224252926
2023-03-27T07:30:00,91.22351307172066,13.982954582185135,323.4753255859448
2023-03-27T07:45:00,99.239553491057,15.269181235446515,353.83095217520105
2023-03-27T08:00:00,95.75776537894355,15.406771803219673,399.99999999999994
2023-03-27T08:15:00,92.13546647431548,15.457321868497157,444.4561864156817
2023-03-27T08:30:00,102.15326731162203,14.92652246600697,498.7652310523157
2023-03-27T08:45:00,94.86228193385973,16.128365124732618,527.476652080055
2023-03-27T09:00:00,99.91911564217908,17.463553920845072,565.6854249492379
2023-03-27T09:15:00,93.40224099157955,16.506446678128963,601.4718459831818
2023-03-27T09:30:00,95.14873802494876,18.715875172193847,634.6826722329881
2023-03-27T09:45:00,100.70370854737294,15.70213702010426,670.6820466702479
2023-03-27T10:00:00,102.1105126368315,15.977022633827026,711.4207038382139
2023-03-27T10:15:00,91.28499178303893,18.947728980812713,746.8143058235537
2023-03-27T10:30:00,101.52981916949906,17.508374632144008,739.1036260090294
2023-03-27T10:45:00,93.93206910351323,20.728086036217135,769.9495054411362
2023-03-27T11:00:00,103.176146565609,20.368358345707293,772.7406610312546
2023-03-27T11:15:00,93.5553249108902,20.952009879350005,843.0973858788952
2023-03-27T11:30:00,88.05226151773587,20.568021854077923,820.826971712073
2023-03-27T11:45:00,92.2532840993409,19.065508241404466,832.3250468335726
2023-03-27T12:00:00,85.37801495607816,18.61431606145844,816.0487964049328
2023-03-27T12:15:00,96.26109413340949,22.037350488537232,805.9249025203867
2023-03-27T12:30:00,89.7907382266135,19.291568810209704,793.1558890990484
2023-03-27T12:45:00,88.81651245406998,22.604720336017138,784.6282243225844
2023-03-27T13:00:00,92.2367115819082,21.896784157410334,772.7406610312546
2023-03-27T13:15:00,83.87305535537244,21.336000769850376,769.8956167573247
2023-03-27T13:30:00,81.99101233505496,22.01634185387738,770.3116819924021
2023-03-27T13:45:00,89.93840268933374,22.177888686894082,717.4981932261506
2023-03-27T14:00:00,81.78134449711652,21.62416154362168,692.820323027551
2023-03-27T14:15:00,81.08853143877542,23.341415891813043,665.1756898420364
2023-03-27T14:30:00,90.01003692340093,23.371087003316745,639.5765056008585
2023-03-27T14:45:00,87.62130666097104,22.173829815726908,626.0571956035122
2023-03-27T15:00:00,77.83217787293819,21.43102258777404,591.2719714036344
2023-03-27T15:15:00,80.0504260487665,23.32412455831026,555.045426885193
2023-03-27T15:30:00,77.61576076191461,19.95712576257839,495.3172754668787
2023-03-27T15:45:00,89.95219111206673,22.35962126390505,446.2599591622798
2023-03-27T16:00:00,84.48924209932484,22.56614704041768,425.645045240295
2023-03-27T16:15:00,76.70073953582545,20.88424591666697,353.83095217520105
2023-03-27T16:30:00,80.49383205549105,22.548079656979713,306.1467458920719
2023-03-27T16:45:00,69.60704833788088,21.38586756235385,291.368533849875
2023-03-27T17:00:00,71.77234010757475,20.681469275231862,207.05523608201682
2023-03-27T17:15:00,74.3853127315038,21.98305798795329,156.0722576129029
2023-03-27T17:30:00,74.83086755160238,19.70545258752401,117.04756589019574
2023-03-27T17:45:00,70.77995691850744,21.411249155912092,53.97647449061091
2023-03-27T18:00:00,71.19925751504292,18.291311447774376,22.988350132394505
2023-03-27T18:15:00,71.00070255993533,20.272796311805955,0.0
2023-03-27T18:30:00,70.41306478349698,19.727429504740165,0.0
2023-03-27T18:45:00,70.3169070456711,18.8247426057262,0.0
2023-03-27T19:00:00,70.15148469603245,19.42064184236336,0.0
2023-03-27T19:15:00,73.82150963368231,18.60517898642057,0.0
2023-03-27T19:30:00,74.96620097796549,19.381813195970437,0.0
2023-03-27T19:45:00,74.00551209805447,18.519804755096754,0.0
2023-03-27T20:00:00,67.05658576823308,18.036625477963828,0.0
2023-03-27T20:15:00,67.71133903303311,17.493420110131325,0.0
2023-03-27T20:30:00,74.26725780537375,16.342007671247615,0.0
2023-03-27T20:45:00,79.00231308343196,16.121632199879507,0.0
2023-03-27T21:00:00,71.57913164553462,16.279232814695238,0.0
2023-03-27T21:15:00,67.73572467011444,15.465238711986354,0.0
2023-03-27T21:30:00,69.702712827197,16.359312651587032,0.0
2023-03-27T21:45:00,61.50388359052305,14.95392523192133,0.0
2023-03-27T22:00:00,72.17377872523193,14.854069311684356,0.0
2023-03-27T22:15:00,64.8550059577267,12.699696248759818,0.0
2023-03-27T22:30:00,58.74091496299153,14.678146652344187,0.0
2023-03-27T22:45:00,59.318031476236115,12.796111239485999,0.0
2023-03-27T23:00:00,55.505492275372355,11.988363392177634,0.0
2023-03-27T23:15:00,62.64208572296771,14.343781585469308,0.0
2023-03-27T23:30:00,53.0013779632981,13.076069922854618,0.0
2023-03-27T23:45:00,52.736733110578456,13.05203780276571,0.0
2023-03-28T00:00:00,52.84188201433801,12.41393594478156,0.0
2023-03-28T00:15:00,46.31223824748677,11.597890808215952,0.0
2023-03-28T00:30:00,51.11289983428113,11.162356399189852,0.0
2023-03-28T00:45:00,51.729721969988,11.992372960634924,0.0
2023-03-28T01:00:00,42.88433910019708,12.138447068525188,0.0
2023-03-28T01:15:00,52.2981295850675,10.752660251871552,0.0
2023-03-28T01:30:00,51.26684875614012,12.73134611862661,0.0
2023-03-28T01:45:00,52.68562636100777,10.323181122312084,0.0
2023-03-28T02:00:00,52.83089022284562,9.012517046369144,0.0
2023-03-28T02:15:00,54.639706849781064,8.595846025580167,0.0
2023-03-28T02:30:00,60.79289905363763,8.565635912871338,0.0
2023-03-28T02:45:00,49.03891652107646,9.801115116989411,0.0
2023-03-28T03:00:00,54.1203524298485,9.970062427880745,0.0
2023-03-28T03:15:00,60.11942657389436,10.897526547241798,0.0
2023-03-28T03:30:00,60.2026504895467,10.224803245496894,0.0
2023-03-28T03:45:00,61.15887283739993,11.16073980120833,0.0
2023-03-28T04:00:00,73.74113580944824,10.451418323881944,0.0
2023-03-28T04:15:00,64.19815354728505,10.53402109814976,0.0
2023-03-28T04:30:00,67.97427006505488,10.08128837991736,0.0
2023-03-28T04:45:00,62.00910013075578,12.24343246019521,0.0
2023-03-28T05:00:00,59.83230695954473,9.4744437297089,0.0
2023-03-28T05:15:00,64.49985614459082,11.514573065892138,0.0
2023-03-28T05:30:00,70.92252674339754,11.260309945496882,0.0
2023-03-28T05:45:00,70.69932642062457,12.472796201624165,0.0
2023-03-28T06:00:00,71.98950658407597,11.938610360718394,0.0
2023-03-28T06:15:00,72.16748326499955,12.254649264009014,52.32250338411445
2023-03-28T06:30:00,74.5970461579555,12.282872252631492,145.52077578149658
2023-03-28T06:45:00,78.71602143541409,14.261915455007912,187.0967023406402
2023-03-28T07:00:00,86.27200788395804,13.204486334053817,207.0552360820166
2023-03-28T07:15:00,89.73709761312769,15.517999519292992,286.5266102214698
2023-03-28T07:30:00,83.20231184782543,14.178226936430525,306.1467458920718
2023-03-28T07:45:00,94.53103643698735,14.295203497971883,353.83095217520105
2023-03-28T08:00:00,89.71002463406698,14.503839218523964,399.99999999999994
2023-03-28T08:15:00,97.28745563834818,15.595785416581936,444.4561864156817
2023-03-28T08:30:00,95.67753699327955,14.830529922766011,499.40426995092906
2023-03-28T08:45:00,105.86078169988501,15.955404072651707,529.6061184457735
2023-03-28T09:00:00,97.02501220990678,16.210217463101344,577.9799720369454
2023-03-28T09:15:00,100.77477800574216,16.919746923639575,601.4718459831818
2023-03-28T09:30:00,103.36216971903941,17.335267928575593,642.1671247117931
2023-03-28T09:45:00,96.09104071418736,17.77461726127421,666.7550266116008
2023-03-28T10:00:00,99.91985358640217,17.849899465781945,692.8203230275509
2023-03-28T10:15:00,98.47808024298816,19.69966073316187,727.1583973999719
2023-03-28T10:30:00,96.48837468207563,18.92074985936655,741.0247333787552
2023-03-28T10:45:00,95.84465874869828,21.461798878666865,757.5441035960845
2023-03-28T11:00:00,102.3518392475469,19.2519318575594,772.7406610312546
2023-03-28T11:15:00,92.33645315082083,20.494415139566318,784.6282243225844
2023-03-28T11:30:00,96.5164720484536,19.12859981467117,793.1558890990483
2023-03-28T11:45:00,93.46129608931011,21.558944594905242,833.4663010035242
2023-03-28T12:00:00,82.98834915220567,19.74043719933834,841.8050887796478
2023-03-28T12:15:00,92.52627538798583,21.168997311823485,798.2871385908828
2023-03-28T12:30:00,82.73458090976928,20.697773289176816,802.9193770355258
2023-03-28T12:45:00,92.72941447997196,21.642905919925678,803.7272516927682
2023-03-28T13:00:00,86.75580804120867,21.16343663482867,772.7406610312546
2023-03-28T13:15:00,88.95368858726593,20.794064004268442,776.1059052917207
2023-03-28T13:30:00,81.9794406331756,21.473765354263463,772.1869797832844
2023-03-28T13:45:00,88.5226161797594,23.425241350105807,717.4981932261506
2023-03-28T14:00:00,91.92850989662342,22.464911675233086,695.4955607520509
2023-03-28T14:15:00,82.56781483701936,20.797942101533778,704.3106333842975
2023-03-28T14:30:00,82.8044811061862,23.246132318476448,634.6826722329881
2023-03-28T14:45:00,87.28315099849854,21.29771980809787,601.4718459831819
2023-03-28T15:00:00,86.5134769730472,22.94543973705168,565.685424949238
2023-03-28T15:15:00,70.9892695410404,22.742399136021053,548.5145068816486
2023-03-28T15:30:00,92.22551013016984,22.767060083487745,510.8340621509025
2023-03-28T15:45:00,83.72742180921524,23.93998129758109,447.7027335785527
2023-03-28T16:00:00,83.45784304334636,21.168994481825923,400.6441859382036
2023-03-28T16:15:00,78.1013213021515,22.494456001850992,353.83095217520105
2023-03-28T16:30:00,68.35015083562213,23.004946256493632,334.60679631496396
2023-03-28T16:45:00,79.77564934339598,20.939975196564784,257.1515722425294
2023-03-28T17:00:00,72.32369049197754,20.652479291185166,207.05523608201682
2023-03-28T17:15:00,76.59471464232082,20.903710584036364,175.50425366529413
2023-03-28T17:30:00,71.48976822416894,21.286933526563008,108.372947285687
2023-03-28T17:45:00,72.47150921126631,19.30264301990644,72.39934239234435
2023-03-28T18:00:00,66.09826782403533,20.996123126971128,12.068202719309598
2023-03-28T18:15:00,74.94502474317413,18.749768597848213,0.0
2023-03-28T18:30:00,65.30311636592997,21.147979848853296,0.0
2023-03-28T18:45:00,83.03954190293128,20.049268675201265,0.0
2023-03-28T19:00:00,83.4866120039662,21.115220321129133,0.0
2023-03-28T19:15:00,80.83937978748169,19.524596350916834,0.0
2023-03-28T19:30:00,79.30357773045053,18.193420592063077,0.0
2023-03-28T19:45:00,72.60503423990185,17.332040105594835,0.0
2023-03-28T20:00:00,78.79636431658417,17.993885777686515,0.0
2023-03-28T20:15:00,72.23915556697817,17.342371792612425,0.0
2023-03-28T20:30:00,64.51932083401664,18.171376637191113,0.0
2023-03-28T20:45:00,79.17401341984076,15.665880408019536,0.0
2023-03-28T21:00:00,76.47523642196313,18.222982449454506,0.0
2023-03-28T21:15:00,69.65143096383198,17.084438615327663,0.0
2023-03-28T21:30:00,62.469149032937125,15.215399665416072,0.0
2023-03-28T21:45:00,64.27104708980508,16.829359414534377,0.0
2023-03-28T22:00:00,56.53739478772182,13.866038083321133,0.0
2023-03-28T22:15:00,68.6614992678862,14.479033447089787,0.0
2023-03-28T22:30:00,54.08571596433314,12.629508803233335,0.0
2023-03-28T22:45:00,61.60022292704363,15.394917563980933,0.0
2023-03-28T23:00:00,53.93626646640175,11.55469363591255,0.0
2023-03-28T23:15:00,48.964278383495916,11.428217354613759,0.0
2023-03-28T23:30:00,55.21841364653603,11.914798767880002,0.0
2023-03-28T23:45:00,50.3049672230501,13.568329233069276,0.0
2023-03-29T00:00:00,54.175299738682476,13.08499192009225,0.0
2023-03-29T00:15:00,43.689149403140036,11.98379950448789,0.0
2023-03-29T00:30:00,46.368883756710325,12.631593890552534,0.0
2023-03-29T00:45:00,38.43043756103658,11.268556322606226,0.0
2023-03-29T01:00:00,39.74410427413466,11.599064077694013,0.0
2023-03-29T01:15:00,60.036713671546096,12.643277347592635,0.0
2023-03-29T01:30:00,61.92475478182825,10.582891652860717,0.0
2023-03-29T01:45:00,52.51053040702164,9.924834323390309,0.0
2023-03-29T02:00:00,48.54470230633431,11.04760447772523,0.0
2023-03-29T02:15:00,51.8627173380542,11.228350346204817,0.0
2023-03-29T02:30:00,58.485158418162754,10.534566290035066,0.0
2023-03-29T02:45:00,52.375612962865866,11.389015495407062,0.0
2023-03-29T03:00:00,57.03038792303313,10.171528584899137,0.0
2023-03-29T03:15:00,56.733657657148015,10.51318019128452,0.0
2023-03-29T03:30:00,54.96506228096694,10.798693435453398,0.0
2023-03-29T03:45:00,56.241985821204246,10.77543707675071,0.0
2023-03-29T04:00:00,61.45095856998318,12.190504392687089,0.0
2023-03-29T04:15:00,56.2541397252384,11.060763194162348,0.0
2023-03-29T04:30:00,64.58933229237142,10.525608391143578,0.0
2023-03-29T04:45:00,61.1976701072465,11.51953297342753,0.0
2023-03-29T05:00:00,65.44480983274639,12.185486138696143,0.0
2023-03-29T05:15:00,73.00236060207587,12.158205488836174,0.0
2023-03-29T05:30:00,66.53287014101984,12.331475250548216,0.0
2023-03-29T05:45:00,73.27531332791276,10.363698732744751,0.0
2023-03-29T06:00:00,61.02418993213651,9.637634417173038,0.0
2023-03-29T06:15:00,70.89849461125631,13.69197736915286,64.7434538304235
2023-03-29T06:30:00,76.61560683787484,13.159076593286457,104.42095377604126
2023-03-29T06:45:00,89.24306553338685,13.017788906399767,156.0722576129026
2023-03-29T07:00:00,72.86097469730662,14.067100748912804,213.11983209324634
2023-03-29T07:15:00,85.0635156432858,15.646365515484556,257.15157224252926
2023-03-29T07:30:00,95.52806883123696,15.490218292788523,306.1467458920718
2023-03-29T07:45:00,86.80532609396984,15.406371502115636,379.4792716905257
2023-03-29T08:00:00,91.91054121619386,13.933147817684882,401.43089492317324
2023-03-29T08:15:00,96.6126467848947,14.445454986066004,474.6486087241385
2023-03-29T08:30:00,97.57101295467997,13.203225886444631,487.00914320697655
2023-03-29T08:45:00,105.87179581143624,16.613882419636713,547.6157817071852
2023-03-29T09:00:00,101.36885888565276,17.481414918593813,565.6854249492379
2023-03-29T09:15:00,106.53168775931343,17.95538454270502,603.6256589908932
2023-03-29T09:30:00,98.54026662516681,17.831375345729736,634.6826722329881
2023-03-29T09:45:00,96.76931238902436,17.389262795002107,665.1756898420361
2023-03-29T10:00:00,99.1666273789128,17.361424529837628,692.8203230275509
2023-03-29T10:15:00,94.02659367973992,17.476059716860856,717.4981932261506
2023-03-29T10:30:00,101.48610506063007,18.505463466157988,742.2908254438067
2023-03-29T10:45:00,96.12498767281234,18.04869360855021,757.5441035960845
2023-03-29T11:00:00,93.44392623744965,21.128741786141237,777.4322596535935
2023-03-29T11:15:00,97.8336033532016,18.40383756618466,784.6282243225844
2023-03-29T11:30:00,87.97695822569821,19.82830301829575,807.1905353120701
2023-03-29T11:45:00,95.75193662890746,18.392644198302186,832.2394119003106
2023-03-29T12:00:00,87.59266726909884,20.91198326955,829.7306619851187
2023-03-29T12:15:00,95.73701489679863,20.881442856249382,836.3652691815806
2023-03-29T12:30:00,87.849563547884,20.77611740924052,794.0045089907112
2023-03-29T12:45:00,92.75960815240988,20.42882212891787,784.6282243225844
2023-03-29T13:00:00,90.20068260620153,21.5714019794269,782.4923318286553
2023-03-29T13:15:00,92.64246617003019,21.20956328031454,757.5441035960846
2023-03-29T13:30:00,89.01167932251951,21.7791970268337,739.1036260090294
2023-03-29T13:45:00,79.60482198049318,24.011798500021275,733.8841835006036
2023-03-29T14:00:00,92.34882998345508,22.340519894759627,692.820323027551
2023-03-29T14:15:00,86.17533184531702,22.790366611526064,665.1756898420364
2023-03-29T14:30:00,89.79900140415441,21.856992113695018,634.6826722329881
2023-03-29T14:45:00,88.47238274547946,21.57550575088951,601.4718459831819
2023-03-29T15:00:00,80.26000743022988,22.349830007684,565.9220753139828
2023-03-29T15:15:00,78.59729348768053,24.863867265416495,527.9535520256056
2023-03-29T15:30:00,85.43635829897508,22.03402919448155,514.3895381088672
2023-03-29T15:45:00,79.57951372489511,22.618937206916854,444.4561864156817
2023-03-29T16:00:00,84.66650060888813,21.33994416377652,399.99999999999994
2023-03-29T16:15:00,77.93912330162055,19.299096459701534,353.83095217520105
2023-03-29T16:30:00,82.75507174609888,21.126233584268714,331.270110916939
2023-03-29T16:45:00,78.52966593866438,24.13473369768254,257.1515722425294
2023-03-29T17:00:00,76.60061008217681,22.164330438564047,207.05523608201682
2023-03-29T17:15:00,72.01610465817684,23.002529596001374,177.06616492013046
2023-03-29T17:30:00,73.75701612626425,20.785185527948084,130.9164502249187
2023-03-29T17:45:00,77.25668037092206,18.52699546224985,81.77497414172345
2023-03-29T18:00:00,69.71327691823905,19.506719404789493,9.797174393178826e-14
2023-03-29T18:15:00,73.29005672867284,20.725887372777233,0.0
2023-03-29T18:30:00,71.48791642494095,20.262970156121426,0.0
2023-03-29T18:45:00,72.44581947043653,19.69578532267203,0.0
2023-03-29T19:00:00,80.92502709419672,18.84253870869633,0.0
2023-03-29T19:15:00,78.69563649582098,19.9662355492499,0.0
2023-03-29T19:30:00,73.33430635803066,18.167541641322224,0.0
2023-03-29T19:45:00,74.11115095122432,18.60924138311432,0.0
2023-03-29T20:00:00,69.46538275056737,18.121030156780378,0.0
2023-03-29T20:15:00,71.86628480750814,17.174827209867207,0.0
2023-03-29T20:30:00,73.84500196346035,16.274648823413397,0.0
2023-03-29T20:45:00,75.92217877800705,16.337876409790546,0.0
2023-03-29T21:00:00,74.58832307237928,18.246409503830396,0.0
2023-03-29T21:15:00,64.2729357030607,17.09281680901797,0.0
2023-03-29T21:30:00,73.49108845346012,16.61001929909432,0.0
2023-03-29T21:45:00,66.76928655628627,14.415782082261064,0.0
2023-03-29T22:00:00,60.71927041424577,13.382184177550638,0.0
2023-03-29T22:15:00,70.62912317243001,15.5406451450723,0.0
2023-03-29T22:30:00,69.4297602628179,14.981454387392056,0.0
2023-03-29T22:45:00,61.49590796848764,13.856304556501197,0.0
2023-03-29T23:00:00,61.70980569530045,13.00224783354919,0.0
2023-03-29T23:15:00,59.94614613268955,11.575421668780006,0.0
2023-03-29T23:30:00,61.0166034246785,13.58761959145883,0.0
2023-03-29T23:45:00,55.625411257242966,13.602847945498146,0.0
2023-03-30T00:00:00,43.35405872520399,11.62135509103233,0.0
2023-03-30T00:15:00,60.0843603924804,11.269449761029323,0.0
2023-03-30T00:30:00,55.49188733232084,13.024030089904201,0.0
2023-03-30T00:45:00,47.8291734779684,10.912406069934056,0.0
2023-03-30T01:00:00,45.525858224828426,13.12599599179256,0.0
2023-03-30T01:15:00,53.577964674515144,11.05279999958097,0.0
2023-03-30T01:30:00,50.1236092703332,10.613249304708441,0.0
2023-03-30T01:45:00,53.70502205173786,10.906615430885573,0.0
2023-03-30T02:00:00,56.38902624309938,10.36090151454438,0.0
2023-03-30T02:15:00,50.53089842636195,11.78458891057111,0.0
2023-03-30T02:30:00,48.54489334315044,11.480229177975335,0.0
2023-03-30T02:45:00,56.88479630217718,11.644040959962021,0.0
2023-03-30T03:00:00,53.183425212281016,10.727607947336873,0.0
2023-03-30T03:15:00,57.53606273905744,10.099580168902827,0.0
2023-03-30T03:30:00,51.1006393474111,10.585355030972215,0.0
2023-03-30T03:45:00,57.620181829631605,10.232679732653153,0.0
2023-03-30T04:00:00,63.567259567596814,12.21412976209136,0.0
2023-03-30T04:15:00,64.17638884625079,11.863781153470779,0.0
2023-03-30T04:30:00,58.39704161072869,10.90828794471788,0.0
2023-03-30T04:45:00,57.72238895974334,10.23537680067541,0.0
2023-03-30T05:00:00,64.8949376591054,12.887775472139996,0.0
2023-03-30T05:15:00,68.8958576571713,11.69095466837184,0.0
2023-03-30T05:30:00,69.40785196895857,11.652800704698665,0.0
2023-03-30T05:45:00,66.12363830598743,13.581702081487906,0.0
2023-03-30T06:00:00,71.48162232482986,11.790498706145458,0.0
2023-03-30T06:15:00,80.77023293668046,12.268086414712863,60.83915556222078
2023-03-30T06:30:00,77.51103306988081,12.65976068421472,111.71834232818964
2023-03-30T06:45:00,71.46881835910267,11.893097636883356,172.55850337944264
2023-03-30T07:00:00,83.68488270495048,13.858823572068758,207.0552360820166
2023-03-30T07:15:00,95.77249570965392,13.127011320650352,257.15157224252926
2023-03-30T07:30:00,81.81581641191887,13.67626588014115,309.27262725942296
2023-03-30T07:45:00,90.8871973302905,13.910015935422177,353.83095217520105
2023-03-30T08:00:00,91.85120400400275,14.403103732723743,405.05904028719107
2023-03-30T08:15:00,95.44151255683352,14.533631810530226,444.4561864156817
2023-03-30T08:30:00,97.62787685267614,16.00714523094247,499.8534889960258
2023-03-30T08:45:00,103.75094926531999,15.995076338776238,527.476652080055
2023-03-30T09:00:00,99.55855216813184,16.591096344850925,565.6854249492379
2023-03-30T09:15:00,106.28726696864378,19.28929505848598,624.0526726485087
2023-03-30T09:30:00,99.76017601862515,17.170684178863922,634.6826722329881
2023-03-30T09:45:00,98.72940147624388,18.31857776097595,686.1805507552224
2023-03-30T10:00:00,96.95747432965915,18.814752076593912,692.8203230275509
2023-03-30T10:15:00,90.74481990181836,18.40886837409751,717.4981932261506
2023-03-30T10:30:00,100.45559954004999,19.112987932378385,739.1036260090294
2023-03-30T10:45:00,108.33252557978898,19.217518538219245,759.8802269409952
2023-03-30T11:00:00,99.10219402460753,19.745646602354288,787.3325760401132
2023-03-30T11:15:00,98.78219397674619,19.289992815412283,810.4801064003659
2023-03-30T11:30:00,91.63852639133857,19.70144547111531,817.413304241784
2023-03-30T11:45:00,90.68590450410133,20.5160853505263,815.541110289328
2023-03-30T12:00:00,94.91570755406315,18.8138252499111,800.0
2023-03-30T12:15:00,99.99314677861801,22.550199841281998,798.2871385908828
2023-03-30T12:30:00,97.26113701885714,23.46406626638935,808.9117355294392
2023-03-30T12:45:00,93.63442886910157,21.702256140382797,813.0543931220725
2023-03-30T13:00:00,89.48676953513075,22.404709806600447,772.7406610312546
2023-03-30T13:15:00,89.97969727363558,23.00538232588944,783.4240903838668
2023-03-30T13:30:00,84.7025541654813,20.76169566213226,739.1036260090294
2023-03-30T13:45:00,80.68911733653732,23.15294692889787,725.2966951048571
2023-03-30T14:00:00,81.67901639928591,21.912203369942997,692.820323027551
2023-03-30T14:15:00,86.87089253105744,24.71852411887904,665.1756898420364
2023-03-30T14:30:00,84.39960561108816,22.303497804886977,635.308094846982
2023-03-30T14:45:00,77.68208773837796,23.43842396924609,601.4718459831819
2023-03-30T15:00:00,83.94801884087912,22.36467527628268,574.6069869803459
2023-03-30T15:15:00,81.5872647920685,24.726934502404877,528.6900216959102
2023-03-30T15:30:00,76.30348441615085,21.97940715784677,505.7153728537095
2023-03-30T15:45:00,79.25300971968852,23.59288867638958,476.26399434892426
2023-03-30T16:00:00,78.38773510881512,22.965321046829168,402.53833825416257
2023-03-30T16:15:00,75.75508821715454,22.628978945277606,353.83095217520105
2023-03-30T16:30:00,82.27951958357833,22.315372802755302,306.1467458920719
2023-03-30T16:45:00,66.90678160799352,21.257312138142076,291.1166086057259
2023-03-30T17:00:00,65.23988606089242,19.153184318915365,238.46269589470725
2023-03-30T17:15:00,73.91073547496487,22.6062979889197,173.81968982256575
2023-03-30T17:30:00,73.0836599037594,20.814369138045937,105.6180318185728
2023-03-30T17:45:00,73.32163837709457,22.223727195198702,68.62581459008386
2023-03-30T18:00:00,67.29763257100137,21.137426661677765,26.089307621193154
2023-03-30T18:15:00,66.05271138563309,21.699419878263345,0.0
2023-03-30T18:30:00,71.22768128105888,20.997549300804607,0.0
2023-03-30T18:45:00,69.62305448081064,17.41181442428122,0.0
2023-03-30T19:00:00,80.0714762336249,20.157983822890806,0.0
2023-03-30T19:15:00,71.07399599183846,18.853144862342337,0.0
2023-03-30T19:30:00,72.67950742430786,20.004199988101526,0.0
2023-03-30T19:45:00,85.42411711037506,19.06293249359858,0.0
2023-03-30T20:00:00,72.00908003550998,18.698971515223544,0.0
2023-03-30T20:15:00,75.52007276566955,17.44138734303133,0.0
2023-03-30T20:30:00,75.53770609349021,16.41363916785533,0.0
2023-03-30T20:45:00,75.33426494959369,16.502620023053144,0.0
2023-03-30T21:00:00,72.29780081572216,14.743195945111863,0.0
2023-03-30T21:15:00,70.796580855477,15.560325696715307,0.0
2023-03-30T21:30:00,69.11599215009375,14.295771953783067,0.0
2023-03-30T21:45:00,64.34133134284637,13.93480547078823,0.0
2023-03-30T22:00:00,67.289967107671,15.106652783253898,0.0
2023-03-30T22:15:00,74.09857457323456,15.148500354327803,0.0
2023-03-30T22:30:00,68.1749207247871,14.215194132277057,0.0
2023-03-30T22:45:00,61.70490906874872,13.390565567990404,0.0
2023-03-30T23:00:00,62.453132577145425,12.595680044403885,0.0
2023-03-30T23:15:00,51.77116644615532,12.89247381616049,0.0
2023-03-30T23:30:00,52.743327790459844,12.068296591362744,0.0
2023-03-30T23:45:00,56.73246375184581,12.524182573921086,0.0
2023-03-31T00:00:00,57.433520987089864,10.948758980616583,0.0
2023-03-31T00:15:00,46.186175694549945,12.903210175146638,0.0
2023-03-31T00:30:00,47.750846245206915,11.385780277991671,0.0
2023-03-31T00:45:00,61.288858381126985,12.10037066828184,0.0
2023-03-31T01:00:00,51.160474742862405,12.404001014739334,0.0
2023-03-31T01:15:00,60.17589229339869,11.659565874549644,0.0
2023-03-31T01:30:00,52.55438095595213,11.968781036345137,0.0
2023-03-31T01:45:00,53.29113160077232,8.964711401990069,0.0
2023-03-31T02:00:00,51.14972250581065,10.424519820376478,0.0
2023-03-31T02:15:00,58.08106848129915,11.931296426184476,0.0
2023-03-31T02:30:00,60.9195059654942,11.273491811888134,0.0
2023-03-31T02:45:00,49.78587771951503,12.574241167934616,0.0
2023-03-31T03:00:00,54.093296634965775,12.417311921781792,0.0
2023-03-31T03:15:00,61.38616133966863,11.02537003683379,0.0
2023-03-31T03:30:00,57.17471325070286,10.512283654687106,0.0
2023-03-31T03:45:00,56.419353016740814,9.869781046328402,0.0
2023-03-31T04:00:00,65.04539578914591,10.441567918545116,0.0
2023-03-31T04:15:00,66.66917723898143,10.623103756354775,0.0
2023-03-31T04:30:00,60.09580591913642,10.57640505436534,0.0
2023-03-31T04:45:00,64.63072835367541,10.413357244877597,0.0
2023-03-31T05:00:00,58.77893013822733,11.918355606630188,0.0
2023-03-31T05:15:00,61.61847402708284,13.420753446141738,0.0
2023-03-31T05:30:00,68.00798733606477,12.886068168297621,0.0
2023-03-31T05:45:00,68.84665637309526,11.879472538670589,0.0
2023-03-31T06:00:00,65.16330456114575,13.4843196022962,8.0589916654591
2023-03-31T06:15:00,69.68377086407467,13.103507418053244,63.35784093040046
2023-03-31T06:30:00,71.16527269095994,13.019658516825608,111.0268774326997
2023-03-31T06:45:00,81.91504223016389,13.276387318049757,175.26986560454384
2023-03-31T07:00:00,72.83586993838983,13.51299130382651,233.14043009349604
2023-03-31T07:15:00,80.50000961319196,14.710265423238036,257.15157224252926
2023-03-31T07:30:00,78.94324764573732,14.556500929900658,322.53612400955444
2023-03-31T07:45:00,92.83886194783737,14.055871852418814,353.83095217520105
2023-03-31T08:00:00,83.97439832629198,14.383165062099298,399.99999999999994
2023-03-31T08:15:00,95.12592866053797,15.848293490999673,480.9842870945895
2023-03-31T08:30:00,104.85942107304646,16.358425504177738,487.00914320697655
2023-03-31T08:45:00,106.42344414876194,16.007380022117133,532.5261088793154
2023-03-31T09:00:00,90.11028279763575,15.58092581906853,565.6854249492379
2023-03-31T09:15:00,101.39820209814039,18.356315334280765,601.4718459831818
2023-03-31T09:30:00,95.40878273805735,18.534693204662187,634.6826722329881
2023-03-31T09:45:00,94.51959007496782,15.896096872938044,678.0336444384712
2023-03-31T10:00:00,99.74122438030388,19.60542863574343,692.8203230275509
2023-03-31T10:15:00,105.97689573948682,18.43259243630073,717.4981932261506
2023-03-31T10:30:00,102.08017175892465,19.199019116032456,739.1036260090294
2023-03-31T10:45:00,94.49200440241742,20.50488664318141,780.8598653822911
2023-03-31T11:00:00,100.34137153263029,21.36547022844383,790.1112612129359
2023-03-31T11:15:00,84.13510045393146,21.04921812497792,784.6282243225844
2023-03-31T11:30:00,89.94413893164672,20.606530514817656,806.8382144068556
2023-03-31T11:45:00,87.79329864436549,19.29336564611219,798.2871385908828
2023-03-31T12:00:00,90.38928847849357,18.92934030494932,800.0
2023-03-31T12:15:00,88.94072366627098,22.102129225713142,798.2871385908828
2023-03-31T12:30:00,89.11922677917569,22.815081829306664,806.0205683965561
2023-03-31T12:45:00,88.73979297733283,20.887104254791996,784.6282243225844
2023-03-31T13:00:00,89.42823775052571,21.639303899782675,782.7885533822678
2023-03-31T13:15:00,91.63694244449215,21.53690200262545,807.5005230587558
2023-03-31T13:30:00,89.22193080053655,21.67230856339349,742.7660496161336
2023-03-31T13:45:00,86.51338076742988,23.469473402677373,718.2125550650137
2023-03-31T14:00:00,89.32693449451159,22.726859532302825,692.820323027551
2023-03-31T14:15:00,90.75769498411364,22.36846481283849,674.7399230754148
2023-03-31T14:30:00,83.08462237201047,25.31912063056801,634.6826722329881
2023-03-31T14:45:00,84.73746751601507,21.265664082238835,635.4935321075455
2023-03-31T15:00:00,89.94935345876279,23.26084252331056,585.3091640353184
2023-03-31T15:15:00,77.6707979354635,21.6511066960742,527.4766520800551
2023-03-31T15:30:00,91.19642458125304,22.504163738063394,487.6400878093907
2023-03-31T15:45:00,74.41331480649308,22.74628150869683,444.4561864156817
2023-03-31T16:00:00,78.27086196377522,23.353082119184275,405.9847004778402
2023-03-31T16:15:00,74.09250883979888,22.133330323624385,355.0579694449683
2023-03-31T16:30:00,88.59098865144759,21.88926053908565,310.71941701177036
2023-03-31T16:45:00,73.90972418162639,21.815082793197398,257.1515722425294
2023-03-31T17:00:00,72.66986013920668,20.82913117822023,207.05523608201682
2023-03-31T17:15:00,72.04574776042189,22.334058917721734,178.99341587090643
2023-03-31T17:30:00,73.0862229036697,21.754385854344097,104.42095377604126
2023-03-31T17:45:00,69.66353870987922,21.65913895800369,52.32250338411449
2023-03-31T18:00:00,69.33325099668691,20.886029126400977,9.797174393178826e-14
2023-03-31T18:15:00,53.00146555337814,20.476128372525093,0.0
2023-03-31T18:30:00,71.55524603194482,21.54110035409795,0.0
2023-03-31T18:45:00,71.92516317238591,21.068139310089403,0.0
2023-03-31T19:00:00,77.51414810481046,21.127732027999162,0.0
2023-03-31T19:15:00,79.2456218902635,19.739257934624654,0.0
2023-03-31T19:30:00,72.01207778333635,20.361696130660736,0.0
2023-03-31T19:45:00,77.1333567281572,18.22548559391333,0.0
2023-03-31T20:00:00,67.48022217434146,18.06499392628857,0.0
2023-03-31T20:15:00,76.58118506055669,19.078574127593505,0.0
2023-03-31T20:30:00,69.44896483828765,18.339510133395322,0.0
2023-03-31T20:45:00,65.75895429775441,16.814899810280735,0.0
2023-03-31T21:00:00,69.9276060050477,15.666673205795064,0.0
2023-03-31T21:15:00,76.83492402681541,16.116548459441443,0.0
2023-03-31T21:30:00,69.52453329196447,15.24490584721743,0.0
2023-03-31T21:45:00,74.70892649980921,17.266892992206678,0.0
2023-03-31T22:00:00,61.923894431797706,15.920057814719403,0.0
2023-03-31T22:15:00,69.19978581625362,14.01837207260904,0.0
2023-03-31T22:30:00,58.86589590118667,13.371839886959224,0.0
2023-03-31T22:45:00,61.31714722247362,13.280886026716214,0.0
2023-03-31T23:00:00,59.26258263731462,13.15410620334844,0.0
2023-03-31T23:15:00,59.42968956683152,13.212809649899969,0.0
2023-03-31T23:30:00,55.304776568417154,14.17490935864334,0.0
2023-03-31T23:45:00,48.30247674921852,11.790339659861358,0.0
