timestamp,price_eur_mwh,ambient_temp_c,solar_irradiance
2015-01-01 00:00:00,64.92,-5.824999999999989,0.0
2015-01-01 01:00:00,64.48,-6.963999999999999,0.0
2015-01-01 02:00:00,59.32,-6.963999999999999,0.0
2015-01-01 03:00:00,56.04,-6.963999999999999,0.0
2015-01-01 04:00:00,53.63,-7.70799999999997,0.0
2015-01-01 05:00:00,51.73,-7.70799999999997,0.0
2015-01-01 06:00:00,51.43,-7.70799999999997,0.0
2015-01-01 07:00:00,48.98,-4.873999999999967,0.0
2015-01-01 08:00:00,54.2,-4.873999999999967,0.0
2015-01-01 09:00:00,58.94,-4.873999999999967,0.0
2015-01-01 10:00:00,59.86,8.424000000000035,0.0
2015-01-01 11:00:00,60.12,8.424000000000035,0.0
2015-01-01 12:00:00,62.05,8.424000000000035,0.0
2015-01-01 13:00:00,62.06,9.38765625000002,0.0
2015-01-01 14:00:00,59.76,10.158312500000022,0.0
2015-01-01 15:00:00,61.18,4.80800000000005,0.0
2015-01-01 16:00:00,64.74,7.619000000000028,0.0
2015-01-01 17:00:00,74.26,4.309000000000026,0.0
2015-01-01 18:00:00,74.24,1.801187500000026,0.0
2015-01-01 19:00:00,75.64,-1.642499999999984,0.0
2015-01-01 20:00:00,73.92,-4.283999999999992,0.0
2015-01-01 21:00:00,70.53,-4.283999999999992,0.0
2015-01-01 22:00:00,64.13,-6.020999999999958,0.0
2015-01-01 23:00:00,64.02,-6.020999999999958,0.0
2015-01-02 00:00:00,58.46,-6.020999999999958,0.0
2015-01-02 01:00:00,54.7,-6.760999999999967,0.0
2015-01-02 02:00:00,54.91,-6.760999999999967,0.0
2015-01-02 03:00:00,53.07,-6.760999999999967,0.0
2015-01-02 04:00:00,54.23,-7.2479999999999905,0.0
2015-01-02 05:00:00,58.22,-7.2479999999999905,0.0
2015-01-02 06:00:00,67.55,-7.2479999999999905,0.0
2015-01-02 07:00:00,70.33,-4.319999999999993,0.0
2015-01-02 08:00:00,71.26,-4.319999999999993,0.0
2015-01-02 09:00:00,75.86,-4.319999999999993,0.0
2015-01-02 10:00:00,73.65,-4.319999999999993,0.0
2015-01-02 11:00:00,74.19,2.934000000000026,0.0
2015-01-02 12:00:00,71.51,8.495000000000005,0.0
2015-01-02 13:00:00,71.04,10.991656250000005,0.0
2015-01-02 14:00:00,71.24,11.795343750000029,0.0
2015-01-02 15:00:00,70.64,6.657500000000027,0.0
2015-01-02 16:00:00,72.85,9.4416875,0.0
2015-01-02 17:00:00,82.55,6.284312499999999,0.0
2015-01-02 18:00:00,83.33,3.1270000000000095,0.0
2015-01-02 19:00:00,83.23,0.5320000000000391,0.0
2015-01-02 20:00:00,79.06,-2.062999999999988,0.0
2015-01-02 21:00:00,76.2,-2.062999999999988,0.0
2015-01-02 22:00:00,71.75,-2.062999999999988,0.0
2015-01-02 23:00:00,66.82,-3.2274999999999636,0.0
2015-01-03 00:00:00,63.35,-4.391999999999996,0.0
2015-01-03 01:00:00,58.79,-4.391999999999996,0.0
2015-01-03 02:00:00,57.44,-5.407999999999959,0.0
2015-01-03 03:00:00,55.29,-5.407999999999959,0.0
2015-01-03 04:00:00,56.22,-5.407999999999959,0.0
2015-01-03 05:00:00,58.13,-6.08099999999996,0.0
2015-01-03 06:00:00,62.06,-6.08099999999996,0.0
2015-01-03 07:00:00,67.36,-6.08099999999996,0.0
2015-01-03 08:00:00,69.21,-3.3729999999999905,0.0
2015-01-03 09:00:00,70.35,-3.3729999999999905,0.0
2015-01-03 10:00:00,68.77,8.893000000000029,0.0
2015-01-03 11:00:00,68.82,8.893000000000029,0.0
2015-01-03 12:00:00,68.23,8.893000000000029,0.0
2015-01-03 13:00:00,67.97,8.893000000000029,0.0
2015-01-03 14:00:00,62.76,12.587000000000046,0.0
2015-01-03 15:00:00,62.03,10.219750000000033,0.0
2015-01-03 16:00:00,66.69,9.430656250000027,0.0
2015-01-03 17:00:00,71.5,6.274343750000014,0.0
2015-01-03 18:00:00,72.14,3.117999999999995,0.0
2015-01-03 19:00:00,72.45,-1.8979999999999677,0.0
2015-01-03 20:00:00,72.86,-1.8979999999999677,0.0
2015-01-03 21:00:00,70.1,-1.8979999999999677,0.0
2015-01-03 22:00:00,67.62,-3.507000000000005,0.0
2015-01-03 23:00:00,55.22,-3.507000000000005,0.0
2015-01-04 00:00:00,50.54,-3.507000000000005,0.0
2015-01-04 01:00:00,48.68,-4.231999999999971,0.0
2015-01-04 02:00:00,48.02,-4.231999999999971,0.0
2015-01-04 03:00:00,47.06,-4.231999999999971,0.0
2015-01-04 04:00:00,46.79,-4.670999999999935,0.0
2015-01-04 05:00:00,47.63,-4.670999999999935,0.0
2015-01-04 06:00:00,47.44,-4.670999999999935,0.0
2015-01-04 07:00:00,50.84,-4.670999999999935,0.0
2015-01-04 08:00:00,54.84,-1.7639999999999532,0.0
2015-01-04 09:00:00,59.95,-1.7639999999999532,0.0
2015-01-04 10:00:00,59.35,-1.7639999999999532,0.0
2015-01-04 11:00:00,57.03,10.736000000000047,0.0
2015-01-04 12:00:00,59.22,10.736000000000047,0.0
2015-01-04 13:00:00,58.56,12.724500000000035,0.0
2015-01-04 14:00:00,52.07,13.492000000000019,0.0
2015-01-04 15:00:00,52.15,13.492000000000019,0.0
2015-01-04 16:00:00,61.12,9.242500000000007,0.0
2015-01-04 17:00:00,71.98,4.992999999999995,0.0
2015-01-04 18:00:00,74.64,2.423500000000047,0.0
2015-01-04 19:00:00,75.38,-0.14599999999995816,0.0
2015-01-04 20:00:00,76.49,-0.14599999999995816,0.0
2015-01-04 21:00:00,73.83,-0.14599999999995816,0.0
2015-01-04 22:00:00,69.51,-1.891999999999996,0.0
2015-01-04 23:00:00,70.77,-1.891999999999996,0.0
2015-01-05 00:00:00,64.89,-1.891999999999996,0.0
2015-01-05 01:00:00,60.91,-1.891999999999996,0.0
2015-01-05 02:00:00,59.68,-2.6970000000000027,0.0
2015-01-05 03:00:00,58.04,-2.6970000000000027,0.0
2015-01-05 04:00:00,59.57,-2.6970000000000027,0.0
2015-01-05 05:00:00,69.73,-3.3109999999999786,0.0
2015-01-05 06:00:00,72.97,-3.3109999999999786,0.0
2015-01-05 07:00:00,77.92,-3.3109999999999786,0.0
2015-01-05 08:00:00,79.59,-0.9389999999999645,0.0
2015-01-05 09:00:00,81.75,-1.7159999999999513,0.0
2015-01-05 10:00:00,80.82,-0.9389999999999645,0.0
2015-01-05 11:00:00,79.14,9.684000000000026,0.0
2015-01-05 12:00:00,73.95,9.858000000000004,0.0
2015-01-05 13:00:00,71.93,11.383000000000038,0.0
2015-01-05 14:00:00,71.5,11.68950000000001,0.0
2015-01-05 15:00:00,71.85,8.097000000000037,0.0
2015-01-05 16:00:00,80.53,9.05334375000001,0.0
2015-01-05 17:00:00,89.08,6.11068750000004,0.0
2015-01-05 18:00:00,90.97,1.32650000000001,0.0
2015-01-05 19:00:00,88.51,-2.2299999999999613,0.0
2015-01-05 20:00:00,82.85,-2.2299999999999613,0.0
2015-01-05 21:00:00,80.52,-2.2299999999999613,0.0
2015-01-05 22:00:00,72.18,-3.1469999999999914,0.0
2015-01-05 23:00:00,71.48,-4.0639999999999645,0.0
2015-01-06 00:00:00,64.76,-4.0639999999999645,0.0
2015-01-06 01:00:00,60.22,-4.882999999999981,0.0
2015-01-06 02:00:00,57.14,-4.882999999999981,0.0
2015-01-06 03:00:00,53.94,-4.882999999999981,0.0
2015-01-06 04:00:00,53.43,-5.224999999999966,0.0
2015-01-06 05:00:00,56.68,-5.224999999999966,0.0
2015-01-06 06:00:00,63.49,-5.224999999999966,0.0
2015-01-06 07:00:00,66.75,0.2950000000000159,0.0
2015-01-06 08:00:00,73.07,0.2950000000000159,0.0
2015-01-06 09:00:00,78.95,0.2950000000000159,0.0
2015-01-06 10:00:00,75.91,0.2950000000000159,0.0
2015-01-06 11:00:00,73.12,4.427000000000021,0.0
2015-01-06 12:00:00,68.02,5.438000000000045,0.0
2015-01-06 13:00:00,66.67,6.449000000000012,0.0
2015-01-06 14:00:00,65.08,6.449000000000012,0.0
2015-01-06 15:00:00,66.1,3.798500000000047,0.0
2015-01-06 16:00:00,72.0,1.1480000000000246,0.0
2015-01-06 17:00:00,78.6,1.1480000000000246,0.0
2015-01-06 18:00:00,81.18,-1.0219999999999914,0.0
2015-01-06 19:00:00,81.65,-3.1919999999999504,0.0
2015-01-06 20:00:00,78.63,-3.1919999999999504,0.0
2015-01-06 21:00:00,73.2,-3.1919999999999504,0.0
2015-01-06 22:00:00,72.46,-4.3589999999999804,0.0
2015-01-06 23:00:00,67.24,-4.3589999999999804,0.0
2015-01-07 00:00:00,64.17,-4.3589999999999804,0.0
2015-01-07 01:00:00,62.12,-5.524000000000001,0.0
2015-01-07 02:00:00,62.11,-5.524000000000001,0.0
2015-01-07 03:00:00,60.05,-5.524000000000001,0.0
2015-01-07 04:00:00,62.48,-5.524000000000001,0.0
2015-01-07 05:00:00,70.01,-5.937999999999988,0.0
2015-01-07 06:00:00,75.2,-5.937999999999988,0.0
2015-01-07 07:00:00,83.3,-4.970343749999984,0.0
2015-01-07 08:00:00,93.14,-4.002656249999973,0.0
2015-01-07 09:00:00,100.45,1.6555937500000368,0.0
2015-01-07 10:00:00,95.17,1.8414999999999964,0.0
2015-01-07 11:00:00,85.23,6.718000000000018,0.0
2015-01-07 12:00:00,81.5,7.532500000000027,0.0
2015-01-07 13:00:00,77.29,8.564000000000021,0.0
2015-01-07 14:00:00,76.61,9.270000000000039,0.0
2015-01-07 15:00:00,77.15,4.805499999999995,0.0
2015-01-07 16:00:00,79.51,7.235000000000014,0.0
2015-01-07 17:00:00,91.05,4.494000000000028,0.0
2015-01-07 18:00:00,95.29,-0.06049999999999045,0.0
2015-01-07 19:00:00,91.25,-3.405999999999949,0.0
2015-01-07 20:00:00,87.08,-3.405999999999949,0.0
2015-01-07 21:00:00,78.15,-4.248499999999979,0.0
2015-01-07 22:00:00,75.07,-5.090999999999951,0.0
2015-01-07 23:00:00,73.73,-5.090999999999951,0.0
2015-01-08 00:00:00,70.99,-5.4325000000000045,0.0
2015-01-08 01:00:00,68.3,-5.774000000000001,0.0
2015-01-08 02:00:00,64.22,-5.774000000000001,0.0
2015-01-08 03:00:00,63.53,-5.774000000000001,0.0
2015-01-08 04:00:00,66.7,-5.774000000000001,0.0
2015-01-08 05:00:00,69.79,-6.375999999999976,0.0
2015-01-08 06:00:00,75.57,-6.375999999999976,0.0
2015-01-08 07:00:00,82.36,-6.375999999999976,0.0
2015-01-08 08:00:00,87.03,-3.6259999999999764,0.0
2015-01-08 09:00:00,91.08,-3.6259999999999764,0.0
2015-01-08 10:00:00,89.29,-3.6259999999999764,0.0
2015-01-08 11:00:00,85.45,8.093000000000018,0.0
2015-01-08 12:00:00,80.33,8.093000000000018,0.0
2015-01-08 13:00:00,77.33,10.449000000000012,0.0
2015-01-08 14:00:00,77.03,10.449000000000012,0.0
2015-01-08 15:00:00,78.15,8.370249999999999,0.0
2015-01-08 16:00:00,80.48,8.360000000000014,0.0
2015-01-08 17:00:00,90.87,5.247000000000014,0.0
2015-01-08 18:00:00,94.11,2.1340000000000146,0.0
2015-01-08 19:00:00,90.26,-2.815999999999974,0.0
2015-01-08 20:00:00,84.66,-2.815999999999974,0.0
2015-01-08 21:00:00,77.05,-2.815999999999974,0.0
2015-01-08 22:00:00,73.14,-3.8559999999999377,0.0
2015-01-08 23:00:00,67.7,-3.8559999999999377,0.0
2015-01-09 00:00:00,61.05,-3.8559999999999377,0.0
2015-01-09 01:00:00,59.61,-3.901999999999987,0.0
2015-01-09 02:00:00,58.65,-3.901999999999987,0.0
2015-01-09 03:00:00,58.4,-3.901999999999987,0.0
2015-01-09 04:00:00,59.77,-3.6549999999999727,0.0
2015-01-09 05:00:00,68.38,-3.9879999999999427,0.0
2015-01-09 06:00:00,75.5,-3.9879999999999427,0.0
2015-01-09 07:00:00,81.67,-3.9879999999999427,0.0
2015-01-09 08:00:00,85.8,-2.6970000000000027,0.0
2015-01-09 09:00:00,92.0,-1.405999999999949,0.0
2015-01-09 10:00:00,89.66,4.603499999999997,0.0
2015-01-09 11:00:00,85.5,10.613,0.0
2015-01-09 12:00:00,81.22,10.613,0.0
2015-01-09 13:00:00,77.08,10.613,0.0
2015-01-09 14:00:00,77.33,12.012500000000045,0.0
2015-01-09 15:00:00,80.09,7.788187500000049,0.0
2015-01-09 16:00:00,81.64,10.125,0.0
2015-01-09 17:00:00,88.51,6.838000000000022,0.0
2015-01-09 18:00:00,89.0,3.5510000000000446,0.0
2015-01-09 19:00:00,87.11,1.7093437500000164,0.0
2015-01-09 20:00:00,82.13,-0.13234374999996135,0.0
2015-01-09 21:00:00,78.39,-0.1490000000000009,0.0
2015-01-09 22:00:00,72.17,-2.5989999999999895,0.0
2015-01-09 23:00:00,61.8,-3.2239999999999895,0.0
2015-01-10 00:00:00,59.46,-3.3802499999999895,0.0
2015-01-10 01:00:00,55.97,-3.8489999999999895,0.0
2015-01-10 02:00:00,55.03,-4.220999999999947,0.0
2015-01-10 03:00:00,54.53,-4.592999999999961,0.0
2015-01-10 04:00:00,55.44,-4.63149999999996,0.0
2015-01-10 05:00:00,57.22,-4.669999999999959,0.0
2015-01-10 06:00:00,63.84,-5.121999999999957,0.0
2015-01-10 07:00:00,71.4,-3.9256562499999745,0.0
2015-01-10 08:00:00,74.51,-2.729343749999998,0.0
2015-01-10 09:00:00,77.05,-1.8940000000000055,0.0
2015-01-10 10:00:00,75.49,4.175000000000011,0.0
2015-01-10 11:00:00,74.23,9.883000000000038,0.0
2015-01-10 12:00:00,74.0,9.783000000000015,0.0
2015-01-10 13:00:00,72.86,10.572656250000023,0.0
2015-01-10 14:00:00,69.68,11.362343750000036,0.0
2015-01-10 15:00:00,68.36,12.152000000000044,0.0
2015-01-10 16:00:00,71.77,7.458000000000027,0.0
2015-01-10 17:00:00,77.55,2.76400000000001,0.0
2015-01-10 18:00:00,78.67,3.230000000000018,0.0
2015-01-10 19:00:00,78.46,1.3056562500000268,0.0
2015-01-10 20:00:00,78.1,-0.6186562499999582,0.0
2015-01-10 21:00:00,70.98,-2.5429999999999495,0.0
2015-01-10 22:00:00,62.14,-3.398499999999956,0.0
2015-01-10 23:00:00,60.35,-4.253999999999962,0.0
2015-01-11 00:00:00,54.98,-4.253999999999962,0.0
2015-01-11 01:00:00,53.36,-4.253999999999962,0.0
2015-01-11 02:00:00,52.62,-4.5575000000000045,0.0
2015-01-11 03:00:00,49.17,-4.86099999999999,0.0
2015-01-11 04:00:00,47.97,-5.032999999999959,0.0
2015-01-11 05:00:00,49.1,-5.204999999999984,0.0
2015-01-11 06:00:00,49.91,-5.204999999999984,0.0
2015-01-11 07:00:00,51.53,-3.478499999999997,0.0
2015-01-11 08:00:00,55.87,-1.7519999999999527,0.0
2015-01-11 09:00:00,55.81,-1.7519999999999527,0.0
2015-01-11 10:00:00,54.7,4.729000000000042,0.0
2015-01-11 11:00:00,52.89,4.729000000000042,0.0
2015-01-11 12:00:00,54.58,4.729000000000042,0.0
2015-01-11 13:00:00,54.82,10.915999999999997,0.0
2015-01-11 14:00:00,52.08,10.785000000000025,0.0
2015-01-11 15:00:00,52.05,13.259000000000015,0.0
2015-01-11 16:00:00,55.59,10.785000000000025,0.0
2015-01-11 17:00:00,77.6,8.508500000000026,0.0
2015-01-11 18:00:00,80.36,6.661687500000028,0.0
2015-01-11 19:00:00,82.29,4.600000000000023,0.0
2015-01-11 20:00:00,82.47,3.132000000000005,0.0
2015-01-11 21:00:00,78.06,3.132000000000005,0.0
2015-01-11 22:00:00,70.13,-1.6549999999999727,0.0
2015-01-11 23:00:00,60.81,-1.6549999999999727,0.0
2015-01-12 00:00:00,58.27,-1.6549999999999727,0.0
2015-01-12 01:00:00,53.65,-4.1299999999999955,0.0
2015-01-12 02:00:00,51.95,-4.1299999999999955,0.0
2015-01-12 03:00:00,51.4,-4.1299999999999955,0.0
2015-01-12 04:00:00,52.93,-4.1299999999999955,0.0
2015-01-12 05:00:00,58.8,-4.243999999999971,0.0
2015-01-12 06:00:00,70.52,-4.243999999999971,0.0
2015-01-12 07:00:00,75.72,-4.243999999999971,0.0
2015-01-12 08:00:00,81.92,0.3020000000000209,0.0
2015-01-12 09:00:00,85.63,0.3020000000000209,0.0
2015-01-12 10:00:00,86.76,9.648000000000025,0.0
2015-01-12 11:00:00,82.78,9.648000000000025,0.0
2015-01-12 12:00:00,76.7,9.648000000000025,0.0
2015-01-12 13:00:00,74.35,11.518000000000029,0.0
2015-01-12 14:00:00,73.6,11.518000000000029,0.0
2015-01-12 15:00:00,74.74,12.15300000000002,0.0
2015-01-12 16:00:00,76.34,12.15300000000002,0.0
2015-01-12 17:00:00,84.23,4.560000000000002,0.0
2015-01-12 18:00:00,87.72,4.560000000000002,0.0
2015-01-12 19:00:00,86.54,0.43200000000001637,0.0
2015-01-12 20:00:00,81.3,0.43200000000001637,0.0
2015-01-12 21:00:00,69.06,0.43200000000001637,0.0
2015-01-12 22:00:00,62.43,-0.5059999999999718,0.0
2015-01-12 23:00:00,55.61,-1.44399999999996,0.0
2015-01-13 00:00:00,52.54,-1.44399999999996,0.0
2015-01-13 01:00:00,50.97,-2.4769999999999754,0.0
2015-01-13 02:00:00,49.57,-2.4769999999999754,0.0
2015-01-13 03:00:00,48.74,-2.4769999999999754,0.0
2015-01-13 04:00:00,49.56,-3.7309999999999377,0.0
2015-01-13 05:00:00,53.96,-3.7309999999999377,0.0
2015-01-13 06:00:00,65.89,-3.7309999999999377,0.0
2015-01-13 07:00:00,73.97,-1.0249999999999773,0.0
2015-01-13 08:00:00,78.25,-1.0249999999999773,0.0
2015-01-13 09:00:00,83.44,-1.0249999999999773,0.0
2015-01-13 10:00:00,81.74,10.381000000000029,0.0
2015-01-13 11:00:00,78.22,10.381000000000029,0.0
2015-01-13 12:00:00,74.18,10.381000000000029,0.0
2015-01-13 13:00:00,69.45,10.381000000000029,0.0
2015-01-13 14:00:00,69.58,12.447000000000003,0.0
2015-01-13 15:00:00,72.97,12.447000000000003,0.0
2015-01-13 16:00:00,75.59,5.826000000000022,0.0
2015-01-13 17:00:00,86.26,5.826000000000022,0.0
2015-01-13 18:00:00,88.57,5.5890000000000555,0.0
2015-01-13 19:00:00,87.32,1.1830000000000496,0.0
2015-01-13 20:00:00,80.78,1.1830000000000496,0.0
2015-01-13 21:00:00,77.41,1.1830000000000496,0.0
2015-01-13 22:00:00,67.0,1.1830000000000496,0.0
2015-01-13 23:00:00,60.23,0.7800000000000296,0.0
2015-01-14 00:00:00,54.69,0.7800000000000296,0.0
2015-01-14 01:00:00,53.88,0.7800000000000296,0.0
2015-01-14 02:00:00,53.19,2.3280000000000314,0.0
2015-01-14 03:00:00,52.57,2.3280000000000314,0.0
2015-01-14 04:00:00,57.13,0.05900000000002592,0.0
2015-01-14 05:00:00,70.06,0.05900000000002592,0.0
2015-01-14 06:00:00,76.53,0.05900000000002592,0.0
2015-01-14 07:00:00,83.97,3.0740000000000123,0.0
2015-01-14 08:00:00,92.24,3.0740000000000123,0.0
2015-01-14 09:00:00,97.95,3.0740000000000123,0.0
2015-01-14 10:00:00,94.52,7.447000000000003,0.0
2015-01-14 11:00:00,86.31,8.552999999999997,0.0
2015-01-14 12:00:00,79.91,8.552999999999997,0.0
2015-01-14 13:00:00,76.06,8.552999999999997,0.0
2015-01-14 14:00:00,75.64,9.739000000000033,0.0
2015-01-14 15:00:00,77.09,8.39100000000002,0.0
2015-01-14 16:00:00,79.62,4.610000000000014,0.0
2015-01-14 17:00:00,88.06,4.135000000000048,0.0
2015-01-14 18:00:00,88.75,4.135000000000048,0.0
2015-01-14 19:00:00,86.91,0.30000000000001137,0.0
2015-01-14 20:00:00,79.91,0.30000000000001137,0.0
2015-01-14 21:00:00,70.11,0.30000000000001137,0.0
2015-01-14 22:00:00,59.27,-1.1889999999999645,0.0
2015-01-14 23:00:00,49.14,-1.1889999999999645,0.0
2015-01-15 00:00:00,45.38,-1.1889999999999645,0.0
2015-01-15 01:00:00,43.68,-1.1889999999999645,0.0
2015-01-15 02:00:00,42.49,0.9390000000000214,0.0
2015-01-15 03:00:00,40.7,0.9390000000000214,0.0
2015-01-15 04:00:00,41.48,1.9260000000000446,0.0
2015-01-15 05:00:00,46.24,1.9260000000000446,0.0
2015-01-15 06:00:00,56.67,1.9260000000000446,0.0
2015-01-15 07:00:00,69.9,1.9260000000000446,0.0
2015-01-15 08:00:00,76.22,2.2000000000000455,0.0
2015-01-15 09:00:00,79.18,2.2000000000000455,0.0
2015-01-15 10:00:00,77.66,2.2000000000000455,0.0
2015-01-15 11:00:00,70.25,4.668000000000006,0.0
2015-01-15 12:00:00,57.96,4.668000000000006,0.0
2015-01-15 13:00:00,54.4,10.032000000000039,0.0
2015-01-15 14:00:00,53.87,10.032000000000039,0.0
2015-01-15 15:00:00,57.8,9.713000000000022,0.0
2015-01-15 16:00:00,65.77,10.032000000000039,0.0
2015-01-15 17:00:00,78.95,9.435500000000047,0.0
2015-01-15 18:00:00,80.36,9.38318750000002,0.0
2015-01-15 19:00:00,79.38,8.696000000000026,0.0
2015-01-15 20:00:00,70.31,8.552999999999997,0.0
2015-01-15 21:00:00,56.77,8.354000000000042,0.0
2015-01-15 22:00:00,53.49,8.229656250000005,0.0
2015-01-15 23:00:00,45.92,8.049343750000048,0.0
2015-01-16 00:00:00,43.7,7.869000000000028,0.0
2015-01-16 01:00:00,42.91,7.746000000000038,0.0
2015-01-16 02:00:00,42.15,7.746000000000038,0.0
2015-01-16 03:00:00,42.73,7.746000000000038,0.0
2015-01-16 04:00:00,45.02,2.789000000000044,0.0
2015-01-16 05:00:00,50.41,2.789000000000044,0.0
2015-01-16 06:00:00,66.58,2.789000000000044,0.0
2015-01-16 07:00:00,78.3,3.521000000000015,0.0
2015-01-16 08:00:00,85.84,3.521000000000015,0.0
2015-01-16 09:00:00,89.11,3.521000000000015,0.0
2015-01-16 10:00:00,85.59,7.194000000000017,0.0
2015-01-16 11:00:00,78.55,7.194000000000017,0.0
2015-01-16 12:00:00,71.22,7.194000000000017,0.0
2015-01-16 13:00:00,61.29,7.2830000000000155,0.0
2015-01-16 14:00:00,59.4,7.142000000000053,0.0
2015-01-16 15:00:00,66.69,7.2830000000000155,0.0
2015-01-16 16:00:00,71.61,6.115000000000009,0.0
2015-01-16 17:00:00,82.21,4.947000000000003,0.0
2015-01-16 18:00:00,84.46,4.947000000000003,0.0
2015-01-16 19:00:00,82.09,4.947000000000003,0.0
2015-01-16 20:00:00,76.0,0.6129999999999995,0.0
2015-01-16 21:00:00,68.82,0.6129999999999995,0.0
2015-01-16 22:00:00,58.81,0.6129999999999995,0.0
2015-01-16 23:00:00,50.65,-2.5190000000000055,0.0
2015-01-17 00:00:00,47.98,-2.5190000000000055,0.0
2015-01-17 01:00:00,46.67,-4.371999999999957,0.0
2015-01-17 02:00:00,46.66,-4.371999999999957,0.0
2015-01-17 03:00:00,45.48,-4.371999999999957,0.0
2015-01-17 04:00:00,46.52,-4.371999999999957,0.0
2015-01-17 05:00:00,47.61,-5.836999999999989,0.0
2015-01-17 06:00:00,51.97,-5.836999999999989,0.0
2015-01-17 07:00:00,58.88,-5.836999999999989,0.0
2015-01-17 08:00:00,68.81,-3.5720000000000027,0.0
2015-01-17 09:00:00,73.52,-3.5720000000000027,0.0
2015-01-17 10:00:00,73.67,5.965000000000032,0.0
2015-01-17 11:00:00,71.88,5.965000000000032,0.0
2015-01-17 12:00:00,68.06,5.965000000000032,0.0
2015-01-17 13:00:00,58.83,7.4080000000000155,0.0
2015-01-17 14:00:00,51.47,6.975000000000023,0.0
2015-01-17 15:00:00,51.0,7.4080000000000155,0.0
2015-01-17 16:00:00,55.19,1.9460000000000264,0.0
2015-01-17 17:00:00,72.1,1.9460000000000264,0.0
2015-01-17 18:00:00,75.99,1.9460000000000264,0.0
2015-01-17 19:00:00,74.0,-1.09699999999998,0.0
2015-01-17 20:00:00,70.78,-1.09699999999998,0.0
2015-01-17 21:00:00,57.88,-1.09699999999998,0.0
2015-01-17 22:00:00,53.7,-1.09699999999998,0.0
2015-01-17 23:00:00,54.28,-1.6649999999999636,0.0
2015-01-18 00:00:00,50.61,-1.6649999999999636,0.0
2015-01-18 01:00:00,44.42,-1.6649999999999636,0.0
2015-01-18 02:00:00,41.89,-0.03799999999995407,0.0
2015-01-18 03:00:00,40.46,-0.03799999999995407,0.0
2015-01-18 04:00:00,41.77,-0.03799999999995407,0.0
2015-01-18 05:00:00,42.1,1.032000000000039,0.0
2015-01-18 06:00:00,45.21,1.032000000000039,0.0
2015-01-18 07:00:00,47.87,1.032000000000039,0.0
2015-01-18 08:00:00,53.03,1.4090000000000487,0.0
2015-01-18 09:00:00,56.4,1.4090000000000487,0.0
2015-01-18 10:00:00,64.8,1.4090000000000487,0.0
2015-01-18 11:00:00,62.38,2.2530000000000427,0.0
2015-01-18 12:00:00,66.25,2.2530000000000427,0.0
2015-01-18 13:00:00,66.2,2.2530000000000427,0.0
2015-01-18 14:00:00,60.23,3.0810000000000173,0.0
2015-01-18 15:00:00,59.38,3.117999999999995,0.0
2015-01-18 16:00:00,58.14,3.1550000000000296,0.0
2015-01-18 17:00:00,69.59,3.1550000000000296,0.0
2015-01-18 18:00:00,74.81,3.1550000000000296,0.0
2015-01-18 19:00:00,74.28,3.160000000000025,0.0
2015-01-18 20:00:00,73.59,3.160000000000025,0.0
2015-01-18 21:00:00,68.64,3.160000000000025,0.0
2015-01-18 22:00:00,59.72,3.160000000000025,0.0
2015-01-18 23:00:00,54.84,2.9290000000000305,0.0
2015-01-19 00:00:00,49.19,2.9290000000000305,0.0
2015-01-19 01:00:00,46.43,1.8990000000000578,0.0
2015-01-19 02:00:00,42.18,1.8990000000000578,0.0
2015-01-19 03:00:00,40.08,1.8990000000000578,0.0
2015-01-19 04:00:00,44.03,1.8990000000000578,0.0
2015-01-19 05:00:00,50.25,1.9490000000000123,0.0
2015-01-19 06:00:00,61.48,1.9490000000000123,0.0
2015-01-19 07:00:00,69.97,2.4470000000000027,0.0
2015-01-19 08:00:00,77.42,2.4470000000000027,0.0
2015-01-19 09:00:00,79.88,2.4470000000000027,0.0
2015-01-19 10:00:00,79.56,2.4470000000000027,0.0
2015-01-19 11:00:00,74.48,5.3180000000000405,0.0
2015-01-19 12:00:00,69.32,5.3180000000000405,0.0
2015-01-19 13:00:00,63.24,5.670000000000016,0.0
2015-01-19 14:00:00,63.06,5.670000000000016,0.0
2015-01-19 15:00:00,68.6,4.7172500000000355,0.0
2015-01-19 16:00:00,74.64,4.389687500000036,0.0
2015-01-19 17:00:00,86.83,3.1243125000000305,0.0
2015-01-19 18:00:00,88.95,1.5990000000000464,0.0
2015-01-19 19:00:00,87.94,0.4203437500000291,0.0
2015-01-19 20:00:00,83.12,-1.0183437499999854,0.0
2015-01-19 21:00:00,75.57,-2.4569999999999936,0.0
2015-01-19 22:00:00,69.89,-3.478999999999985,0.0
2015-01-19 23:00:00,57.6,-4.500999999999976,0.0
2015-01-20 00:00:00,53.55,-4.500999999999976,0.0
2015-01-20 01:00:00,52.35,-4.639999999999986,0.0
2015-01-20 02:00:00,50.3,-4.639999999999986,0.0
2015-01-20 03:00:00,49.46,-4.639999999999986,0.0
2015-01-20 04:00:00,51.79,-3.0079999999999814,0.0
2015-01-20 05:00:00,56.08,-3.0079999999999814,0.0
2015-01-20 06:00:00,70.93,-3.0079999999999814,0.0
2015-01-20 07:00:00,80.62,-3.0079999999999814,0.0
2015-01-20 08:00:00,83.78,-0.3129999999999882,0.0
2015-01-20 09:00:00,92.88,1.9750000000000227,0.0
2015-01-20 10:00:00,90.6,4.263000000000034,0.0
2015-01-20 11:00:00,86.02,4.263000000000034,0.0
2015-01-20 12:00:00,81.19,4.263000000000034,0.0
2015-01-20 13:00:00,79.26,6.174000000000035,0.0
2015-01-20 14:00:00,79.15,6.718000000000018,0.0
2015-01-20 15:00:00,79.79,6.446000000000026,0.0
2015-01-20 16:00:00,84.12,6.174000000000035,0.0
2015-01-20 17:00:00,89.84,4.086000000000013,0.0
2015-01-20 18:00:00,90.69,4.086000000000013,0.0
2015-01-20 19:00:00,89.56,-0.18500000000000227,0.0
2015-01-20 20:00:00,85.41,-0.18500000000000227,0.0
2015-01-20 21:00:00,78.73,-0.18500000000000227,0.0
2015-01-20 22:00:00,71.82,-1.3249999999999886,0.0
2015-01-20 23:00:00,70.53,-2.464999999999975,0.0
2015-01-21 00:00:00,59.37,-2.464999999999975,0.0
2015-01-21 01:00:00,56.97,-3.521500000000003,0.0
2015-01-21 02:00:00,54.04,-4.5779999999999745,0.0
2015-01-21 03:00:00,52.15,-4.509999999999991,0.0
2015-01-21 04:00:00,53.32,-4.44199999999995,0.0
2015-01-21 05:00:00,55.91,-4.44199999999995,0.0
2015-01-21 06:00:00,68.61,-4.44199999999995,0.0
2015-01-21 07:00:00,76.21,-0.5149999999999864,0.0
2015-01-21 08:00:00,78.3,-1.3204999999999814,0.0
2015-01-21 09:00:00,83.04,-0.5149999999999864,0.0
2015-01-21 10:00:00,80.02,2.521000000000015,0.0
2015-01-21 11:00:00,74.73,7.168000000000006,0.0
2015-01-21 12:00:00,67.08,6.615499999999997,0.0
2015-01-21 13:00:00,61.83,6.063000000000045,0.0
2015-01-21 14:00:00,61.84,6.063000000000045,0.0
2015-01-21 15:00:00,61.8,6.063000000000045,0.0
2015-01-21 16:00:00,70.91,5.072000000000003,0.0
2015-01-21 17:00:00,80.27,4.038000000000011,0.0
2015-01-21 18:00:00,78.82,2.68100000000004,0.0
2015-01-21 19:00:00,75.67,1.3240000000000123,0.0
2015-01-21 20:00:00,65.81,1.3240000000000123,0.0
2015-01-21 21:00:00,61.64,1.3240000000000123,0.0
2015-01-21 22:00:00,55.47,1.8100000000000023,0.0
2015-01-21 23:00:00,50.5,1.8100000000000023,0.0
2015-01-22 00:00:00,48.08,1.8100000000000023,0.0
2015-01-22 01:00:00,46.15,0.6910000000000309,0.0
2015-01-22 02:00:00,42.91,0.6910000000000309,0.0
2015-01-22 03:00:00,42.11,0.6910000000000309,0.0
2015-01-22 04:00:00,42.31,1.8170000000000073,0.0
2015-01-22 05:00:00,48.23,1.8170000000000073,0.0
2015-01-22 06:00:00,53.17,1.8170000000000073,0.0
2015-01-22 07:00:00,70.72,3.6020000000000323,0.0
2015-01-22 08:00:00,73.93,3.6020000000000323,0.0
2015-01-22 09:00:00,78.61,3.6020000000000323,0.0
2015-01-22 10:00:00,77.13,8.206000000000017,0.0
2015-01-22 11:00:00,70.98,8.206000000000017,0.0
2015-01-22 12:00:00,67.09,8.206000000000017,0.0
2015-01-22 13:00:00,61.68,8.069000000000017,0.0
2015-01-22 14:00:00,61.59,8.064999999999998,0.0
2015-01-22 15:00:00,65.0,8.069000000000017,0.0
2015-01-22 16:00:00,73.58,6.379500000000007,0.0
2015-01-22 17:00:00,83.65,4.694000000000017,0.0
2015-01-22 18:00:00,83.57,2.549000000000035,0.0
2015-01-22 19:00:00,82.46,1.232500000000016,0.0
2015-01-22 20:00:00,78.29,-1.7409999999999854,0.0
2015-01-22 21:00:00,70.61,-1.7409999999999854,0.0
2015-01-22 22:00:00,62.33,-1.7409999999999854,0.0
2015-01-22 23:00:00,53.63,-3.843999999999994,0.0
2015-01-23 00:00:00,51.21,-3.2124999999999773,0.0
2015-01-23 01:00:00,48.45,-2.5809999999999604,0.0
2015-01-23 02:00:00,47.03,-3.72199999999998,0.0
2015-01-23 03:00:00,43.58,-2.5809999999999604,0.0
2015-01-23 04:00:00,46.46,-4.010999999999967,0.0
2015-01-23 05:00:00,52.28,-3.158999999999992,0.0
2015-01-23 06:00:00,65.64,-3.158999999999992,0.0
2015-01-23 07:00:00,76.4,-1.2299999999999613,0.0
2015-01-23 08:00:00,79.97,-1.2299999999999613,0.0
2015-01-23 09:00:00,84.61,-1.2299999999999613,0.0
2015-01-23 10:00:00,83.52,3.0529999999999973,0.0
2015-01-23 11:00:00,78.96,7.336000000000013,0.0
2015-01-23 12:00:00,72.31,7.997500000000002,0.0
2015-01-23 13:00:00,61.96,8.659000000000049,0.0
2015-01-23 14:00:00,60.84,8.240000000000009,0.0
2015-01-23 15:00:00,65.34,7.821000000000026,0.0
2015-01-23 16:00:00,72.57,6.091343750000021,0.0
2015-01-23 17:00:00,81.1,4.36165625000001,0.0
2015-01-23 18:00:00,83.19,2.632000000000005,0.0
2015-01-23 19:00:00,81.51,-0.11499999999995225,0.0
2015-01-23 20:00:00,77.05,-2.8619999999999663,0.0
2015-01-23 21:00:00,71.83,-2.8619999999999663,0.0
2015-01-23 22:00:00,62.47,-2.8619999999999663,0.0
2015-01-23 23:00:00,58.78,-6.363999999999976,0.0
2015-01-24 00:00:00,55.81,-7.1264999999999645,0.0
2015-01-24 01:00:00,52.97,-7.888999999999953,0.0
2015-01-24 02:00:00,47.79,-7.888999999999953,0.0
2015-01-24 03:00:00,46.26,-7.888999999999953,0.0
2015-01-24 04:00:00,45.91,-8.72199999999998,0.0
2015-01-24 05:00:00,49.59,-8.72199999999998,0.0
2015-01-24 06:00:00,52.15,-7.0434999999999945,0.0
2015-01-24 07:00:00,51.86,-5.364999999999952,0.0
2015-01-24 08:00:00,61.01,-5.364999999999952,0.0
2015-01-24 09:00:00,65.95,-5.364999999999952,0.0
2015-01-24 10:00:00,66.22,5.13900000000001,0.0
2015-01-24 11:00:00,64.49,5.13900000000001,0.0
2015-01-24 12:00:00,61.74,5.13900000000001,0.0
2015-01-24 13:00:00,55.08,8.116000000000042,0.0
2015-01-24 14:00:00,52.73,8.528500000000008,0.0
2015-01-24 15:00:00,50.31,8.941000000000031,0.0
2015-01-24 16:00:00,54.34,5.820500000000038,0.0
2015-01-24 17:00:00,66.75,2.7000000000000455,0.0
2015-01-24 18:00:00,71.35,1.0470000000000255,0.0
2015-01-24 19:00:00,71.07,-0.6059999999999377,0.0
2015-01-24 20:00:00,70.56,-0.6059999999999377,0.0
2015-01-24 21:00:00,63.13,-0.6059999999999377,0.0
2015-01-24 22:00:00,59.27,0.05299999999999727,0.0
2015-01-24 23:00:00,56.05,0.7120000000000459,0.0
2015-01-25 00:00:00,47.86,0.27350000000001273,0.0
2015-01-25 01:00:00,41.52,-0.16499999999996362,0.0
2015-01-25 02:00:00,42.01,-0.16499999999996362,0.0
2015-01-25 03:00:00,39.03,-0.16499999999996362,0.0
2015-01-25 04:00:00,40.91,-3.6789999999999736,0.0
2015-01-25 05:00:00,43.87,-3.617999999999995,0.0
2015-01-25 06:00:00,41.6,-3.617999999999995,0.0
2015-01-25 07:00:00,45.71,-1.9179999999999495,0.0
2015-01-25 08:00:00,51.62,-1.9179999999999495,0.0
2015-01-25 09:00:00,52.07,-1.9179999999999495,0.0
2015-01-25 10:00:00,51.07,7.934000000000026,0.0
2015-01-25 11:00:00,51.36,7.844000000000051,0.0
2015-01-25 12:00:00,51.25,7.934000000000026,0.0
2015-01-25 13:00:00,49.62,9.934000000000026,0.0
2015-01-25 14:00:00,47.64,9.934000000000026,0.0
2015-01-25 15:00:00,48.31,9.934000000000026,0.0
2015-01-25 16:00:00,51.88,8.299000000000035,0.0
2015-01-25 17:00:00,69.2,6.211000000000013,0.0
2015-01-25 18:00:00,76.85,4.123000000000047,0.0
2015-01-25 19:00:00,77.7,-1.5089999999999577,0.0
2015-01-25 20:00:00,75.83,-1.5089999999999577,0.0
2015-01-25 21:00:00,69.17,-1.5089999999999577,0.0
2015-01-25 22:00:00,62.28,-3.2620000000000005,0.0
2015-01-25 23:00:00,54.33,-5.014999999999986,0.0
2015-01-26 00:00:00,49.56,-5.014999999999986,0.0
2015-01-26 01:00:00,46.26,-6.56899999999996,0.0
2015-01-26 02:00:00,45.91,-6.56899999999996,0.0
2015-01-26 03:00:00,45.64,-6.56899999999996,0.0
2015-01-26 04:00:00,47.58,-7.125999999999976,0.0
2015-01-26 05:00:00,54.67,-7.125999999999976,0.0
2015-01-26 06:00:00,68.6,-7.125999999999976,0.0
2015-01-26 07:00:00,77.38,-3.2169999999999845,0.0
2015-01-26 08:00:00,81.32,-3.2169999999999845,0.0
2015-01-26 09:00:00,84.56,-3.2169999999999845,0.0
2015-01-26 10:00:00,84.81,7.469000000000051,0.0
2015-01-26 11:00:00,82.36,7.469000000000051,0.0
2015-01-26 12:00:00,77.45,7.469000000000051,0.0
2015-01-26 13:00:00,73.74,10.786000000000001,0.0
2015-01-26 14:00:00,72.68,10.786000000000001,0.0
2015-01-26 15:00:00,74.44,10.786000000000001,0.0
2015-01-26 16:00:00,77.9,7.599000000000046,0.0
2015-01-26 17:00:00,87.45,4.600000000000023,0.0
2015-01-26 18:00:00,89.51,2.173000000000002,0.0
2015-01-26 19:00:00,87.6,-0.25399999999996226,0.0
2015-01-26 20:00:00,83.04,-0.25399999999996226,0.0
2015-01-26 21:00:00,76.03,-0.25399999999996226,0.0
2015-01-26 22:00:00,69.71,-1.9499999999999886,0.0
2015-01-26 23:00:00,61.14,-1.9499999999999886,0.0
2015-01-27 00:00:00,53.05,-2.924406250000004,0.0
2015-01-27 01:00:00,49.9,-2.7620000000000005,0.0
2015-01-27 02:00:00,48.46,-3.5739999999999554,0.0
2015-01-27 03:00:00,48.21,-3.731999999999971,0.0
2015-01-27 04:00:00,48.75,-4.7620000000000005,0.0
2015-01-27 05:00:00,55.1,-5.137999999999977,0.0
2015-01-27 06:00:00,69.94,-5.036999999999978,0.0
2015-01-27 07:00:00,78.22,-1.488999999999976,0.0
2015-01-27 08:00:00,82.25,-1.488999999999976,0.0
2015-01-27 09:00:00,86.75,-1.488999999999976,0.0
2015-01-27 10:00:00,83.62,9.04000000000002,0.0
2015-01-27 11:00:00,79.33,9.04000000000002,0.0
2015-01-27 12:00:00,72.54,9.04000000000002,0.0
2015-01-27 13:00:00,65.72,11.293000000000006,0.0
2015-01-27 14:00:00,62.27,11.293000000000006,0.0
2015-01-27 15:00:00,66.77,12.04200000000003,0.0
2015-01-27 16:00:00,70.83,10.131687499999998,0.0
2015-01-27 17:00:00,81.34,8.221343750000017,0.0
2015-01-27 18:00:00,83.97,6.3110000000000355,0.0
2015-01-27 19:00:00,82.01,1.507000000000005,0.0
2015-01-27 20:00:00,76.81,1.507000000000005,0.0
2015-01-27 21:00:00,69.68,1.507000000000005,0.0
2015-01-27 22:00:00,57.36,-0.5449999999999591,0.0
2015-01-27 23:00:00,51.88,-2.59699999999998,0.0
2015-01-28 00:00:00,51.88,-2.59699999999998,0.0
2015-01-28 01:00:00,48.32,-4.34499999999997,0.0
2015-01-28 02:00:00,48.02,-4.34499999999997,0.0
2015-01-28 03:00:00,48.28,-4.34499999999997,0.0
2015-01-28 04:00:00,48.11,-5.163999999999987,0.0
2015-01-28 05:00:00,53.35,-5.163999999999987,0.0
2015-01-28 06:00:00,69.71,-5.163999999999987,0.0
2015-01-28 07:00:00,79.78,-1.1370000000000005,0.0
2015-01-28 08:00:00,83.04,-1.1370000000000005,0.0
2015-01-28 09:00:00,88.92,-1.1370000000000005,0.0
2015-01-28 10:00:00,87.13,8.511000000000024,0.0
2015-01-28 11:00:00,84.35,8.839000000000112,0.0
2015-01-28 12:00:00,77.62,8.839000000000112,0.0
2015-01-28 13:00:00,72.19,11.730000000000018,0.0
2015-01-28 14:00:00,70.66,11.830000000000041,0.0
2015-01-28 15:00:00,72.33,9.289000000000044,0.0
2015-01-28 16:00:00,76.22,6.748000000000047,0.0
2015-01-28 17:00:00,87.45,6.628000000000043,0.0
2015-01-28 18:00:00,87.97,6.508000000000038,0.0
2015-01-28 19:00:00,86.66,0.1330000000000382,0.0
2015-01-28 20:00:00,79.06,0.1330000000000382,0.0
2015-01-28 21:00:00,70.92,-0.4609999999999559,0.0
2015-01-28 22:00:00,61.2,-0.36199999999996635,0.0
2015-01-28 23:00:00,55.27,-0.8569999999999709,0.0
2015-01-29 00:00:00,51.07,-1.249499999999955,0.0
2015-01-29 01:00:00,47.79,-1.7786562499999832,0.0
2015-01-29 02:00:00,46.8,-2.2053437499999973,0.0
2015-01-29 03:00:00,45.79,-2.4844999999999686,0.0
2015-01-29 04:00:00,46.15,-2.8619999999999663,0.0
2015-01-29 05:00:00,53.17,-2.8619999999999663,0.0
2015-01-29 06:00:00,57.26,-2.8619999999999663,0.0
2015-01-29 07:00:00,66.74,1.2000000000000455,0.0
2015-01-29 08:00:00,72.99,1.2000000000000455,0.0
2015-01-29 09:00:00,78.95,1.2000000000000455,0.0
2015-01-29 10:00:00,73.35,8.575000000000045,0.0
2015-01-29 11:00:00,66.42,8.575000000000045,0.0
2015-01-29 12:00:00,54.68,8.575000000000045,0.0
2015-01-29 13:00:00,50.6,11.605000000000018,0.0
2015-01-29 14:00:00,49.53,11.605000000000018,0.0
2015-01-29 15:00:00,50.62,11.605000000000018,0.0
2015-01-29 16:00:00,52.6,10.712000000000046,0.0
2015-01-29 17:00:00,67.77,10.810500000000047,0.0
2015-01-29 18:00:00,69.53,10.909000000000049,0.0
2015-01-29 19:00:00,65.31,10.194000000000017,0.0
2015-01-29 20:00:00,55.79,10.194000000000017,0.0
2015-01-29 21:00:00,50.33,10.194000000000017,0.0
2015-01-29 22:00:00,43.36,10.117999999999995,0.0
2015-01-29 23:00:00,30.58,10.04200000000003,0.0
2015-01-30 00:00:00,16.79,10.04200000000003,0.0
2015-01-30 01:00:00,15.93,9.785000000000025,0.0
2015-01-30 02:00:00,15.76,9.785000000000025,0.0
2015-01-30 03:00:00,14.7,9.785000000000025,0.0
2015-01-30 04:00:00,16.82,9.5,0.0
2015-01-30 05:00:00,32.22,9.5,0.0
2015-01-30 06:00:00,41.28,9.5,0.0
2015-01-30 07:00:00,54.92,9.801000000000045,0.0
2015-01-30 08:00:00,62.44,9.801000000000045,0.0
2015-01-30 09:00:00,68.75,9.801000000000045,0.0
2015-01-30 10:00:00,66.39,12.048000000000002,0.0
2015-01-30 11:00:00,62.27,12.048000000000002,0.0
2015-01-30 12:00:00,55.18,12.048000000000002,0.0
2015-01-30 13:00:00,48.06,14.085000000000036,0.0
2015-01-30 14:00:00,47.37,14.085000000000036,0.0
2015-01-30 15:00:00,48.77,13.153500000000008,0.0
2015-01-30 16:00:00,55.14,12.222000000000037,0.0
2015-01-30 17:00:00,67.39,11.970500000000015,0.0
2015-01-30 18:00:00,69.55,11.719000000000051,0.0
2015-01-30 19:00:00,65.98,11.490499999999997,0.0
2015-01-30 20:00:00,60.29,11.262000000000114,0.0
2015-01-30 21:00:00,54.74,10.920500000000004,0.0
2015-01-30 22:00:00,45.04,10.579000000000121,0.0
2015-01-30 23:00:00,30.14,10.579000000000121,0.0
2015-01-31 00:00:00,24.91,10.194000000000017,0.0
2015-01-31 01:00:00,17.23,9.809000000000026,0.0
2015-01-31 02:00:00,16.1,9.809000000000026,0.0
2015-01-31 03:00:00,14.27,9.809000000000026,0.0
2015-01-31 04:00:00,13.85,8.64200000000011,0.0
2015-01-31 05:00:00,13.48,8.64200000000011,0.0
2015-01-31 06:00:00,16.37,8.64200000000011,0.0
2015-01-31 07:00:00,27.33,7.1340000000000146,0.0
2015-01-31 08:00:00,33.73,7.1340000000000146,0.0
2015-01-31 09:00:00,45.28,7.1340000000000146,0.0
2015-01-31 10:00:00,43.23,8.55800000000005,0.0
2015-01-31 11:00:00,32.53,8.55800000000005,0.0
2015-01-31 12:00:00,29.67,8.55800000000005,0.0
2015-01-31 13:00:00,22.62,8.459000000000117,0.0
2015-01-31 14:00:00,18.95,8.459000000000117,0.0
2015-01-31 15:00:00,18.5,7.614500000000021,0.0
2015-01-31 16:00:00,23.93,6.859000000000037,0.0
2015-01-31 17:00:00,43.11,5.970000000000027,0.0
2015-01-31 18:00:00,52.36,5.881000000000029,0.0
2015-01-31 19:00:00,57.46,4.525000000000034,0.0
2015-01-31 20:00:00,55.32,3.969000000000051,0.0
2015-01-31 21:00:00,56.16,3.2442500000000223,0.0
2015-01-31 22:00:00,41.49,2.632000000000005,0.0
2015-01-31 23:00:00,28.02,2.632000000000005,0.0
2015-02-01 00:00:00,21.3,2.632000000000005,0.0
2015-02-01 01:00:00,17.45,2.4540000000000646,0.0
2015-02-01 02:00:00,18.24,2.4540000000000646,0.0
2015-02-01 03:00:00,16.85,2.4540000000000646,0.0
2015-02-01 04:00:00,16.59,2.261000000000024,0.0
2015-02-01 05:00:00,16.61,2.261000000000024,0.0
2015-02-01 06:00:00,16.98,2.261000000000024,0.0
2015-02-01 07:00:00,19.56,3.729000000000042,0.0
2015-02-01 08:00:00,23.13,3.729000000000042,0.0
2015-02-01 09:00:00,22.55,3.729000000000042,0.0
2015-02-01 10:00:00,23.56,8.16900000000004,0.0
2015-02-01 11:00:00,22.51,8.16900000000004,0.0
2015-02-01 12:00:00,23.44,8.16900000000004,0.0
2015-02-01 13:00:00,24.1,8.392500000000041,0.0
2015-02-01 14:00:00,21.12,8.616000000000042,0.0
2015-02-01 15:00:00,21.73,7.6403437499999995,0.0
2015-02-01 16:00:00,25.93,6.790500000000009,0.0
2015-02-01 17:00:00,54.13,5.689000000000021,0.0
2015-02-01 18:00:00,68.53,5.689000000000021,0.0
2015-02-01 19:00:00,70.15,2.994000000000028,0.0
2015-02-01 20:00:00,67.61,2.994000000000028,0.0
2015-02-01 21:00:00,62.39,2.994000000000028,0.0
2015-02-01 22:00:00,56.55,1.136000000000024,0.0
2015-02-01 23:00:00,56.65,1.136000000000024,0.0
2015-02-02 00:00:00,49.27,0.33400000000006,0.0
2015-02-02 01:00:00,46.53,0.4676875000000109,0.0
2015-02-02 02:00:00,42.25,-0.2006562499999518,0.0
2015-02-02 03:00:00,40.87,0.4077500000000214,0.0
2015-02-02 04:00:00,41.88,0.16500000000002046,0.0
2015-02-02 05:00:00,51.44,0.3410000000000082,0.0
2015-02-02 06:00:00,66.5,0.3410000000000082,0.0
2015-02-02 07:00:00,70.96,2.9920000000000186,0.0
2015-02-02 08:00:00,73.16,2.9920000000000186,0.0
2015-02-02 09:00:00,77.89,2.9920000000000186,0.0
2015-02-02 10:00:00,76.34,5.829000000000065,0.0
2015-02-02 11:00:00,72.25,5.829000000000065,0.0
2015-02-02 12:00:00,66.45,4.960000000000036,0.0
2015-02-02 13:00:00,56.81,5.648000000000025,0.0
2015-02-02 14:00:00,55.43,6.449000000000012,0.0
2015-02-02 15:00:00,56.44,6.449000000000012,0.0
2015-02-02 16:00:00,62.63,4.774000000000058,0.0
2015-02-02 17:00:00,74.35,5.647000000000048,0.0
2015-02-02 18:00:00,84.34,5.872500000000002,0.0
2015-02-02 19:00:00,80.79,6.098000000000013,0.0
2015-02-02 20:00:00,72.41,6.098000000000013,0.0
2015-02-02 21:00:00,62.82,6.098000000000013,0.0
2015-02-02 22:00:00,55.41,6.001343750000046,0.0
2015-02-02 23:00:00,40.96,5.904656250000016,0.0
2015-02-03 00:00:00,38.45,5.262000000000057,0.0
2015-02-03 01:00:00,34.03,5.34734375000005,0.0
2015-02-03 02:00:00,30.66,4.886656250000044,0.0
2015-02-03 03:00:00,30.59,4.242999999999995,0.0
2015-02-03 04:00:00,30.28,3.843343750000031,0.0
2015-02-03 05:00:00,36.38,3.2606875000000173,0.0
2015-02-03 06:00:00,47.92,4.346000000000004,0.0
2015-02-03 07:00:00,55.67,3.207343750000007,0.0
2015-02-03 08:00:00,66.52,3.73665625000001,0.0
2015-02-03 09:00:00,71.59,4.126000000000033,0.0
2015-02-03 10:00:00,69.44,6.060500000000047,0.0
2015-02-03 11:00:00,68.88,7.855000000000018,0.0
2015-02-03 12:00:00,63.37,7.855000000000018,0.0
2015-02-03 13:00:00,55.77,7.598000000000013,0.0
2015-02-03 14:00:00,55.61,7.598000000000013,0.0
2015-02-03 15:00:00,56.07,6.227000000000032,0.0
2015-02-03 16:00:00,66.85,5.444000000000017,0.0
2015-02-03 17:00:00,76.0,6.219000000000051,0.0
2015-02-03 18:00:00,85.73,5.444000000000017,0.0
2015-02-03 19:00:00,81.22,4.15300000000002,0.0
2015-02-03 20:00:00,70.96,4.15300000000002,0.0
2015-02-03 21:00:00,65.74,4.15300000000002,0.0
2015-02-03 22:00:00,57.31,2.8780000000000427,0.0
2015-02-03 23:00:00,42.65,2.8780000000000427,0.0
2015-02-04 00:00:00,36.99,2.8780000000000427,0.0
2015-02-04 01:00:00,33.95,0.025000000000034106,0.0
2015-02-04 02:00:00,32.94,0.025000000000034106,0.0
2015-02-04 03:00:00,30.88,0.025000000000034106,0.0
2015-02-04 04:00:00,33.12,-0.5909999999999513,0.0
2015-02-04 05:00:00,39.73,-0.5909999999999513,0.0
2015-02-04 06:00:00,52.29,-0.5909999999999513,0.0
2015-02-04 07:00:00,65.29,0.7150000000000318,0.0
2015-02-04 08:00:00,69.68,0.7150000000000318,0.0
2015-02-04 09:00:00,73.5,0.7150000000000318,0.0
2015-02-04 10:00:00,69.06,3.951000000000022,0.0
2015-02-04 11:00:00,66.45,3.951000000000022,0.0
2015-02-04 12:00:00,57.02,3.951000000000022,0.0
2015-02-04 13:00:00,47.06,3.515000000000043,0.0
2015-02-04 14:00:00,45.08,4.017000000000053,0.0
2015-02-04 15:00:00,46.93,4.017000000000053,0.0
2015-02-04 16:00:00,50.78,1.6350000000000477,0.0
2015-02-04 17:00:00,67.96,1.6350000000000477,0.0
2015-02-04 18:00:00,77.22,0.5100000000000477,0.0
2015-02-04 19:00:00,78.16,-0.6149999999999523,0.0
2015-02-04 20:00:00,72.5,-0.6149999999999523,0.0
2015-02-04 21:00:00,56.27,-0.6149999999999523,0.0
2015-02-04 22:00:00,44.68,-0.3289999999999509,0.0
2015-02-04 23:00:00,37.71,-0.3289999999999509,0.0
2015-02-05 00:00:00,36.21,-0.3289999999999509,0.0
2015-02-05 01:00:00,27.28,-0.07299999999997908,0.0
2015-02-05 02:00:00,29.39,-0.07299999999997908,0.0
2015-02-05 03:00:00,26.73,-0.07299999999997908,0.0
2015-02-05 04:00:00,33.93,-0.8719999999999573,0.0
2015-02-05 05:00:00,39.38,-0.8719999999999573,0.0
2015-02-05 06:00:00,52.38,-0.8719999999999573,0.0
2015-02-05 07:00:00,64.4,0.7390000000000327,0.0
2015-02-05 08:00:00,70.13,0.7390000000000327,0.0
2015-02-05 09:00:00,73.38,0.7390000000000327,0.0
2015-02-05 10:00:00,70.58,4.352000000000032,0.0
2015-02-05 11:00:00,67.53,4.352000000000032,0.0
2015-02-05 12:00:00,60.79,4.352000000000032,0.0
2015-02-05 13:00:00,56.4,4.552999999999997,0.0
2015-02-05 14:00:00,57.3,4.491000000000042,0.0
2015-02-05 15:00:00,57.66,4.552999999999997,0.0
2015-02-05 16:00:00,62.7,3.6930000000000405,0.0
2015-02-05 17:00:00,75.71,2.8950000000000387,0.0
2015-02-05 18:00:00,82.79,2.1375000000000455,0.0
2015-02-05 19:00:00,79.39,1.3799999999999955,0.0
2015-02-05 20:00:00,72.83,1.3799999999999955,0.0
2015-02-05 21:00:00,62.14,1.3799999999999955,0.0
2015-02-05 22:00:00,60.7,-0.7294999999999732,0.0
2015-02-05 23:00:00,51.07,-2.8389999999999986,0.0
2015-02-06 00:00:00,44.28,-2.8389999999999986,0.0
2015-02-06 01:00:00,39.2,-2.1779999999999973,0.0
2015-02-06 02:00:00,37.08,-2.1779999999999973,0.0
2015-02-06 03:00:00,36.72,-2.1779999999999973,0.0
2015-02-06 04:00:00,38.61,-3.06899999999996,0.0
2015-02-06 05:00:00,45.97,-3.06899999999996,0.0
2015-02-06 06:00:00,61.27,-3.06899999999996,0.0
2015-02-06 07:00:00,70.47,1.0640000000000214,0.0
2015-02-06 08:00:00,72.57,1.0640000000000214,0.0
2015-02-06 09:00:00,76.79,1.0640000000000214,0.0
2015-02-06 10:00:00,70.96,5.442000000000007,0.0
2015-02-06 11:00:00,67.95,5.442000000000007,0.0
2015-02-06 12:00:00,63.06,5.442000000000007,0.0
2015-02-06 13:00:00,55.9,4.296000000000049,0.0
2015-02-06 14:00:00,56.06,4.857000000000028,0.0
2015-02-06 15:00:00,56.61,3.600999999999999,0.0
2015-02-06 16:00:00,66.81,2.3450000000000273,0.0
2015-02-06 17:00:00,78.38,2.3450000000000273,0.0
2015-02-06 18:00:00,81.86,2.3450000000000273,0.0
2015-02-06 19:00:00,79.13,0.8846562500000346,0.0
2015-02-06 20:00:00,76.25,-0.5756562499999518,0.0
2015-02-06 21:00:00,68.1,-2.0359999999999445,0.0
2015-02-06 22:00:00,66.22,-6.08299999999997,0.0
2015-02-06 23:00:00,65.89,-6.08299999999997,0.0
2015-02-07 00:00:00,63.59,-6.08299999999997,0.0
2015-02-07 01:00:00,58.61,-8.058999999999969,0.0
2015-02-07 02:00:00,53.68,-8.058999999999969,0.0
2015-02-07 03:00:00,51.39,-7.5120000000000005,0.0
2015-02-07 04:00:00,52.55,-7.000999999999976,0.0
2015-02-07 05:00:00,53.8,-7.000999999999976,0.0
2015-02-07 06:00:00,58.41,-7.000999999999976,0.0
2015-02-07 07:00:00,60.24,-2.498999999999967,0.0
2015-02-07 08:00:00,64.11,-2.498999999999967,0.0
2015-02-07 09:00:00,69.51,-2.498999999999967,0.0
2015-02-07 10:00:00,69.14,3.244000000000028,0.0
2015-02-07 11:00:00,66.27,4.168000000000006,0.0
2015-02-07 12:00:00,66.67,3.244000000000028,0.0
2015-02-07 13:00:00,68.54,6.432000000000016,0.0
2015-02-07 14:00:00,67.45,6.432000000000016,0.0
2015-02-07 15:00:00,65.64,6.432000000000016,0.0
2015-02-07 16:00:00,66.66,2.57000000000005,0.0
2015-02-07 17:00:00,81.59,2.3945000000000505,0.0
2015-02-07 18:00:00,90.0,2.219000000000051,0.0
2015-02-07 19:00:00,84.26,-0.3059999999999832,0.0
2015-02-07 20:00:00,79.77,-0.3059999999999832,0.0
2015-02-07 21:00:00,67.21,-0.3059999999999832,0.0
2015-02-07 22:00:00,65.14,-0.3059999999999832,0.0
2015-02-07 23:00:00,63.8,-3.6719999999999686,0.0
2015-02-08 00:00:00,57.09,-5.178999999999974,0.0
2015-02-08 01:00:00,52.95,-6.685999999999979,0.0
2015-02-08 02:00:00,50.79,-6.359499999999969,0.0
2015-02-08 03:00:00,49.74,-6.685999999999979,0.0
2015-02-08 04:00:00,50.68,-7.525499999999965,0.0
2015-02-08 05:00:00,51.94,-9.017999999999972,0.0
2015-02-08 06:00:00,54.25,-6.555999999999983,0.0
2015-02-08 07:00:00,55.17,-4.093999999999994,0.0
2015-02-08 08:00:00,56.87,-3.9359999999999786,0.0
2015-02-08 09:00:00,55.59,-4.093999999999994,0.0
2015-02-08 10:00:00,51.89,-4.093999999999994,0.0
2015-02-08 11:00:00,49.13,5.508000000000038,0.0
2015-02-08 12:00:00,47.63,5.508000000000038,0.0
2015-02-08 13:00:00,47.11,8.39100000000002,0.0
2015-02-08 14:00:00,41.4,8.39100000000002,0.0
2015-02-08 15:00:00,42.07,8.466000000000008,0.0
2015-02-08 16:00:00,41.97,4.07000000000005,0.0
2015-02-08 17:00:00,56.62,4.16700000000003,0.0
2015-02-08 18:00:00,64.46,2.2630000000000337,0.0
2015-02-08 19:00:00,68.86,0.3590000000000373,0.0
2015-02-08 20:00:00,67.51,0.3590000000000373,0.0
2015-02-08 21:00:00,58.31,0.3590000000000373,0.0
2015-02-08 22:00:00,51.78,-1.9529999999999745,0.0
2015-02-08 23:00:00,47.15,-1.9529999999999745,0.0
2015-02-09 00:00:00,41.5,-1.9529999999999745,0.0
2015-02-09 01:00:00,37.33,-3.0089999999999577,0.0
2015-02-09 02:00:00,35.33,-3.0089999999999577,0.0
2015-02-09 03:00:00,34.67,-3.0089999999999577,0.0
2015-02-09 04:00:00,36.5,-2.530999999999949,0.0
2015-02-09 05:00:00,44.59,-2.530999999999949,0.0
2015-02-09 06:00:00,61.72,-2.530999999999949,0.0
2015-02-09 07:00:00,67.85,0.44500000000005,0.0
2015-02-09 08:00:00,72.67,0.44500000000005,0.0
2015-02-09 09:00:00,77.71,0.44500000000005,0.0
2015-02-09 10:00:00,75.51,8.071000000000026,0.0
2015-02-09 11:00:00,76.74,8.071000000000026,0.0
2015-02-09 12:00:00,71.84,8.071000000000026,0.0
2015-02-09 13:00:00,68.76,9.063000000000045,0.0
2015-02-09 14:00:00,67.56,8.75200000000001,0.0
2015-02-09 15:00:00,68.98,10.600000000000023,0.0
2015-02-09 16:00:00,76.95,9.225999999999999,0.0
2015-02-09 17:00:00,85.91,9.700000000000045,0.0
2015-02-09 18:00:00,102.62,9.5,0.0
2015-02-09 19:00:00,97.99,9.300000000000011,0.0
2015-02-09 20:00:00,82.89,9.100000000000023,0.0
2015-02-09 21:00:00,72.83,8.900000000000034,0.0
2015-02-09 22:00:00,68.4,8.600000000000023,0.0
2015-02-09 23:00:00,61.16,8.300000000000011,0.0
2015-02-10 00:00:00,59.36,7.75,0.0
2015-02-10 01:00:00,54.01,7.2000000000000455,0.0
2015-02-10 02:00:00,53.17,7.2000000000000455,0.0
2015-02-10 03:00:00,51.89,6.600000000000023,0.0
2015-02-10 04:00:00,52.35,6.2000000000000455,0.0
2015-02-10 05:00:00,58.22,6.600000000000023,0.0
2015-02-10 06:00:00,73.56,6.900000000000034,0.0
2015-02-10 07:00:00,79.08,6.400000000000034,0.0
2015-02-10 08:00:00,82.09,6.300000000000011,0.0
2015-02-10 09:00:00,85.98,7.400000000000034,0.0
2015-02-10 10:00:00,85.33,9.300000000000011,0.0
2015-02-10 11:00:00,84.41,9.100000000000023,0.0
2015-02-10 12:00:00,79.31,9.100000000000023,0.0
2015-02-10 13:00:00,74.93,9.600000000000023,0.0
2015-02-10 14:00:00,73.39,9.600000000000023,0.0
2015-02-10 15:00:00,76.03,8.352000000000032,0.0
2015-02-10 16:00:00,76.88,7.323000000000036,0.0
2015-02-10 17:00:00,88.42,6.786000000000001,0.0
2015-02-10 18:00:00,91.25,6.148000000000025,0.0
2015-02-10 19:00:00,90.14,5.510000000000048,0.0
2015-02-10 20:00:00,84.78,5.510000000000048,0.0
2015-02-10 21:00:00,75.41,5.510000000000048,0.0
2015-02-10 22:00:00,69.47,4.691000000000031,0.0
2015-02-10 23:00:00,60.2,4.691000000000031,0.0
2015-02-11 00:00:00,56.95,4.385500000000036,0.0
2015-02-11 01:00:00,55.25,4.080000000000041,0.0
2015-02-11 02:00:00,53.4,4.080000000000041,0.0
2015-02-11 03:00:00,52.05,4.080000000000041,0.0
2015-02-11 04:00:00,53.63,3.8780000000000427,0.0
2015-02-11 05:00:00,58.9,3.8780000000000427,0.0
2015-02-11 06:00:00,77.06,3.8780000000000427,0.0
2015-02-11 07:00:00,81.2,5.536000000000001,0.0
2015-02-11 08:00:00,85.06,5.536000000000001,0.0
2015-02-11 09:00:00,88.22,5.536000000000001,0.0
2015-02-11 10:00:00,86.4,9.886000000000024,0.0
2015-02-11 11:00:00,86.48,9.886000000000024,0.0
2015-02-11 12:00:00,81.83,9.886000000000024,0.0
2015-02-11 13:00:00,80.14,10.384000000000015,0.0
2015-02-11 14:00:00,79.95,10.384000000000015,0.0
2015-02-11 15:00:00,81.04,10.384000000000015,0.0
2015-02-11 16:00:00,84.66,8.952312500000005,0.0
2015-02-11 17:00:00,91.68,7.520656250000002,0.0
2015-02-11 18:00:00,94.42,6.0890000000000555,0.0
2015-02-11 19:00:00,96.62,3.684500000000014,0.0
2015-02-11 20:00:00,89.38,1.2800000000000296,0.0
2015-02-11 21:00:00,83.42,0.2960000000000491,0.0
2015-02-11 22:00:00,80.59,-0.6879999999999882,0.0
2015-02-11 23:00:00,73.92,-0.6879999999999882,0.0
2015-02-12 00:00:00,64.47,-0.6879999999999882,0.0
2015-02-12 01:00:00,56.34,-2.09699999999998,0.0
2015-02-12 02:00:00,55.19,-2.09699999999998,0.0
2015-02-12 03:00:00,54.8,-2.09699999999998,0.0
2015-02-12 04:00:00,56.62,-1.620999999999981,0.0
2015-02-12 05:00:00,63.09,-1.620999999999981,0.0
2015-02-12 06:00:00,76.93,-1.620999999999981,0.0
2015-02-12 07:00:00,84.62,7.5,0.0
2015-02-12 08:00:00,89.34,8.100000000000023,0.0
2015-02-12 09:00:00,92.25,8.400000000000034,0.0
2015-02-12 10:00:00,89.74,9.700000000000045,0.0
2015-02-12 11:00:00,86.53,10.900000000000034,0.0
2015-02-12 12:00:00,81.97,11.0,0.0
2015-02-12 13:00:00,80.32,11.700000000000045,0.0
2015-02-12 14:00:00,80.05,11.700000000000045,0.0
2015-02-12 15:00:00,80.48,11.900000000000034,0.0
2015-02-12 16:00:00,80.31,11.900000000000034,0.0
2015-02-12 17:00:00,91.92,11.800000000000011,0.0
2015-02-12 18:00:00,93.96,11.800000000000011,0.0
2015-02-12 19:00:00,94.41,11.300000000000011,0.0
2015-02-12 20:00:00,88.01,11.100000000000023,0.0
2015-02-12 21:00:00,82.03,10.700000000000045,0.0
2015-02-12 22:00:00,78.47,10.600000000000023,0.0
2015-02-12 23:00:00,68.9,6.683500000000038,0.0
2015-02-13 00:00:00,59.45,9.300000000000011,0.0
2015-02-13 01:00:00,55.68,8.600000000000023,0.0
2015-02-13 02:00:00,52.66,8.400000000000034,0.0
2015-02-13 03:00:00,51.92,8.300000000000011,0.0
2015-02-13 04:00:00,51.83,7.800000000000011,0.0
2015-02-13 05:00:00,55.16,8.100000000000023,0.0
2015-02-13 06:00:00,66.98,7.900000000000034,0.0
2015-02-13 07:00:00,70.6,7.5,0.0
2015-02-13 08:00:00,72.21,7.5,0.0
2015-02-13 09:00:00,75.28,8.0,0.0
2015-02-13 10:00:00,73.39,10.900000000000034,0.0
2015-02-13 11:00:00,70.32,11.300000000000011,0.0
2015-02-13 12:00:00,62.54,11.700000000000045,0.0
2015-02-13 13:00:00,60.15,12.400000000000034,0.0
2015-02-13 14:00:00,56.98,13.0,0.0
2015-02-13 15:00:00,56.29,13.050000000000011,0.0
2015-02-13 16:00:00,59.5,13.100000000000023,0.0
2015-02-13 17:00:00,70.81,12.5,0.0
2015-02-13 18:00:00,77.94,12.300000000000011,0.0
2015-02-13 19:00:00,78.64,12.300000000000011,0.0
2015-02-13 20:00:00,74.83,11.600000000000023,0.0
2015-02-13 21:00:00,65.51,11.800000000000011,0.0
2015-02-13 22:00:00,57.84,11.200000000000045,0.0
2015-02-13 23:00:00,52.87,11.0,0.0
2015-02-14 00:00:00,48.0,10.0,0.0
2015-02-14 01:00:00,47.42,10.5,0.0
2015-02-14 02:00:00,45.03,10.100000000000023,0.0
2015-02-14 03:00:00,42.45,9.800000000000011,0.0
2015-02-14 04:00:00,44.3,10.100000000000023,0.0
2015-02-14 05:00:00,45.46,10.400000000000034,0.0
2015-02-14 06:00:00,49.38,10.400000000000034,0.0
2015-02-14 07:00:00,51.31,11.100000000000023,0.0
2015-02-14 08:00:00,54.63,11.300000000000011,0.0
2015-02-14 09:00:00,57.79,12.600000000000023,0.0
2015-02-14 10:00:00,57.51,12.5,0.0
2015-02-14 11:00:00,55.25,13.5,0.0
2015-02-14 12:00:00,54.0,14.100000000000023,0.0
2015-02-14 13:00:00,49.15,13.700000000000045,0.0
2015-02-14 14:00:00,45.64,13.800000000000011,0.0
2015-02-14 15:00:00,44.35,13.900000000000034,0.0
2015-02-14 16:00:00,46.06,13.0,0.0
2015-02-14 17:00:00,53.42,11.600000000000023,0.0
2015-02-14 18:00:00,60.97,11.700000000000045,0.0
2015-02-14 19:00:00,62.26,11.800000000000011,0.0
2015-02-14 20:00:00,58.97,11.5,0.0
2015-02-14 21:00:00,53.16,11.300000000000011,0.0
2015-02-14 22:00:00,48.15,10.900000000000034,0.0
2015-02-14 23:00:00,41.05,9.112000000000023,0.0
2015-02-15 00:00:00,34.6,10.900000000000034,0.0
2015-02-15 01:00:00,24.74,10.700000000000045,0.0
2015-02-15 02:00:00,25.58,10.100000000000023,0.0
2015-02-15 03:00:00,25.1,10.200000000000045,0.0
2015-02-15 04:00:00,26.06,8.152000000000044,0.0
2015-02-15 05:00:00,26.3,8.152000000000044,0.0
2015-02-15 06:00:00,30.48,8.152000000000044,0.0
2015-02-15 07:00:00,35.9,9.124000000000024,0.0
2015-02-15 08:00:00,39.99,9.124000000000024,0.0
2015-02-15 09:00:00,44.71,9.124000000000024,0.0
2015-02-15 10:00:00,45.8,11.80800000000005,0.0
2015-02-15 11:00:00,40.22,11.80800000000005,0.0
2015-02-15 12:00:00,41.1,11.80800000000005,0.0
2015-02-15 13:00:00,40.53,12.691000000000031,0.0
2015-02-15 14:00:00,39.42,12.691000000000031,0.0
2015-02-15 15:00:00,39.24,12.432000000000016,0.0
2015-02-15 16:00:00,42.61,10.532000000000039,0.0
2015-02-15 17:00:00,53.33,9.958500000000015,0.0
2015-02-15 18:00:00,69.12,9.767312500000003,0.0
2015-02-15 19:00:00,72.68,9.385000000000048,0.0
2015-02-15 20:00:00,70.85,7.51400000000001,0.0
2015-02-15 21:00:00,69.48,6.852187500000014,0.0
2015-02-15 22:00:00,59.87,4.779656250000016,0.0
2015-02-15 23:00:00,55.76,3.91634375000001,0.0
2015-02-16 00:00:00,49.9,3.290999999999997,0.0
2015-02-16 01:00:00,46.86,2.3880000000000337,0.0
2015-02-16 02:00:00,46.39,1.7230000000000132,0.0
2015-02-16 03:00:00,46.84,1.6000000000000227,0.0
2015-02-16 04:00:00,47.34,2.5096562500000346,0.0
2015-02-16 05:00:00,50.5,1.8703125000000114,0.0
2015-02-16 06:00:00,65.03,4.580000000000041,0.0
2015-02-16 07:00:00,75.14,5.057000000000016,0.0
2015-02-16 08:00:00,81.94,12.700000000000045,0.0
2015-02-16 09:00:00,87.32,13.200000000000045,0.0
2015-02-16 10:00:00,87.54,14.600000000000023,0.0
2015-02-16 11:00:00,78.56,15.200000000000045,0.0
2015-02-16 12:00:00,71.24,14.800000000000011,0.0
2015-02-16 13:00:00,66.46,14.900000000000034,0.0
2015-02-16 14:00:00,62.55,14.800000000000011,0.0
2015-02-16 15:00:00,65.0,15.050000000000011,0.0
2015-02-16 16:00:00,68.14,15.300000000000011,0.0
2015-02-16 17:00:00,76.05,12.437000000000012,0.0
2015-02-16 18:00:00,87.82,14.400000000000034,0.0
2015-02-16 19:00:00,81.44,13.600000000000023,0.0
2015-02-16 20:00:00,70.76,10.24150000000003,0.0
2015-02-16 21:00:00,63.1,13.200000000000045,0.0
2015-02-16 22:00:00,51.14,13.0,0.0
2015-02-16 23:00:00,48.72,12.300000000000011,0.0
2015-02-17 00:00:00,46.11,10.5,0.0
2015-02-17 01:00:00,36.96,8.300000000000011,0.0
2015-02-17 02:00:00,35.54,9.100000000000023,0.0
2015-02-17 03:00:00,31.29,8.200000000000045,0.0
2015-02-17 04:00:00,35.2,7.900000000000034,0.0
2015-02-17 05:00:00,37.68,7.7000000000000455,0.0
2015-02-17 06:00:00,51.69,7.5,0.0
2015-02-17 07:00:00,55.13,7.400000000000034,0.0
2015-02-17 08:00:00,62.68,6.410500000000013,0.0
2015-02-17 09:00:00,65.19,7.836000000000013,0.0
2015-02-17 10:00:00,61.66,6.444000000000017,0.0
2015-02-17 11:00:00,60.0,7.467000000000041,0.0
2015-02-17 12:00:00,54.05,7.384500000000003,0.0
2015-02-17 13:00:00,53.35,8.77600000000001,0.0
2015-02-17 14:00:00,53.58,9.062000000000012,0.0
2015-02-17 15:00:00,54.13,7.679500000000019,0.0
2015-02-17 16:00:00,56.13,8.521656250000035,0.0
2015-02-17 17:00:00,63.11,7.695343750000006,0.0
2015-02-17 18:00:00,73.37,9.259218750000002,0.0
2015-02-17 19:00:00,71.35,8.034500000000037,0.0
2015-02-17 20:00:00,64.87,9.200000000000045,0.0
2015-02-17 21:00:00,57.71,8.550000000000011,0.0
2015-02-17 22:00:00,52.19,7.900000000000034,0.0
2015-02-17 23:00:00,38.95,7.650000000000034,0.0
2015-02-18 00:00:00,38.0,7.400000000000034,0.0
2015-02-18 01:00:00,30.03,7.100000000000023,0.0
2015-02-18 02:00:00,32.38,6.2000000000000455,0.0
2015-02-18 03:00:00,32.26,6.300000000000011,0.0
2015-02-18 04:00:00,33.69,5.800000000000011,0.0
2015-02-18 05:00:00,39.16,5.5,0.0
2015-02-18 06:00:00,62.0,5.300000000000011,0.0
2015-02-18 07:00:00,67.44,5.300000000000011,0.0
2015-02-18 08:00:00,71.64,5.400000000000034,0.0
2015-02-18 09:00:00,72.98,5.600000000000023,0.0
2015-02-18 10:00:00,69.74,5.900000000000034,0.0
2015-02-18 11:00:00,69.71,7.2000000000000455,0.0
2015-02-18 12:00:00,65.59,8.200000000000045,0.0
2015-02-18 13:00:00,63.29,9.300000000000011,0.0
2015-02-18 14:00:00,63.06,10.100000000000023,0.0
2015-02-18 15:00:00,64.38,10.900000000000034,0.0
2015-02-18 16:00:00,67.32,11.400000000000034,0.0
2015-02-18 17:00:00,80.41,11.300000000000011,0.0
2015-02-18 18:00:00,82.82,9.879999999999995,0.0
2015-02-18 19:00:00,81.19,8.460000000000036,0.0
2015-02-18 20:00:00,74.78,6.727000000000032,0.0
2015-02-18 21:00:00,68.26,8.010000000000048,0.0
2015-02-18 22:00:00,63.77,7.689999999999998,0.0
2015-02-18 23:00:00,59.22,6.2000000000000455,0.0
2015-02-19 00:00:00,57.64,5.1200000000000045,0.0
2015-02-19 01:00:00,55.26,9.200000000000045,0.0
2015-02-19 02:00:00,52.9,8.700000000000045,0.0
2015-02-19 03:00:00,52.38,8.200000000000045,0.0
2015-02-19 04:00:00,52.58,7.7000000000000455,0.0
2015-02-19 05:00:00,57.83,7.5,0.0
2015-02-19 06:00:00,66.58,7.300000000000011,0.0
2015-02-19 07:00:00,73.93,2.590000000000032,0.0
2015-02-19 08:00:00,77.59,5.060000000000002,0.0
2015-02-19 09:00:00,79.63,7.53000000000003,0.0
2015-02-19 10:00:00,76.54,10.520000000000039,0.0
2015-02-19 11:00:00,76.82,12.03000000000003,0.0
2015-02-19 12:00:00,71.04,13.800000000000011,0.0
2015-02-19 13:00:00,69.22,13.5,0.0
2015-02-19 14:00:00,69.79,14.100000000000023,0.0
2015-02-19 15:00:00,71.35,14.5,0.0
2015-02-19 16:00:00,76.12,13.340000000000032,0.0
2015-02-19 17:00:00,83.8,10.950000000000045,0.0
2015-02-19 18:00:00,92.16,8.560000000000002,0.0
2015-02-19 19:00:00,95.95,7.03000000000003,0.0
2015-02-19 20:00:00,86.39,4.2625000000000455,0.0
2015-02-19 21:00:00,74.24,5.740000000000009,0.0
2015-02-19 22:00:00,69.89,4.850000000000023,0.0
2015-02-19 23:00:00,58.73,2.288000000000011,0.0
2015-02-20 00:00:00,58.15,2.480000000000018,0.0
2015-02-20 01:00:00,54.66,9.400000000000034,0.0
2015-02-20 02:00:00,51.76,9.200000000000045,0.0
2015-02-20 03:00:00,50.98,8.600000000000023,0.0
2015-02-20 04:00:00,52.64,7.400000000000034,0.0
2015-02-20 05:00:00,59.14,7.300000000000011,0.0
2015-02-20 06:00:00,65.59,7.2000000000000455,0.0
2015-02-20 07:00:00,72.96,7.100000000000023,0.0
2015-02-20 08:00:00,73.33,3.5600000000000023,0.0
2015-02-20 09:00:00,75.76,7.0400000000000205,0.0
2015-02-20 10:00:00,72.88,9.090000000000032,0.0
2015-02-20 11:00:00,72.28,10.870000000000005,0.0
2015-02-20 12:00:00,65.34,11.600000000000023,0.0
2015-02-20 13:00:00,63.99,12.5,0.0
2015-02-20 14:00:00,62.2,12.400000000000034,0.0
2015-02-20 15:00:00,61.55,13.400000000000034,0.0
2015-02-20 16:00:00,66.07,10.450000000000045,0.0
2015-02-20 17:00:00,74.77,9.170000000000016,0.0
2015-02-20 18:00:00,78.65,8.800000000000011,0.0
2015-02-20 19:00:00,79.81,7.861000000000047,0.0
2015-02-20 20:00:00,75.22,8.060000000000002,0.0
2015-02-20 21:00:00,66.65,7.9500000000000455,0.0
2015-02-20 22:00:00,62.88,7.550000000000011,0.0
2015-02-20 23:00:00,60.52,6.510000000000048,0.0
2015-02-21 00:00:00,54.57,5.400000000000034,0.0
2015-02-21 01:00:00,52.21,8.800000000000011,0.0
2015-02-21 02:00:00,50.07,9.300000000000011,0.0
2015-02-21 03:00:00,48.31,9.100000000000023,0.0
2015-02-21 04:00:00,50.01,8.600000000000023,0.0
2015-02-21 05:00:00,48.78,8.600000000000023,0.0
2015-02-21 06:00:00,47.73,8.5,0.0
2015-02-21 07:00:00,47.76,7.350000000000023,0.0
2015-02-21 08:00:00,53.12,7.660000000000025,0.0
2015-02-21 09:00:00,56.4,8.450000000000045,0.0
2015-02-21 10:00:00,54.33,10.53000000000003,0.0
2015-02-21 11:00:00,48.42,12.57000000000005,0.0
2015-02-21 12:00:00,49.74,12.490000000000009,0.0
2015-02-21 13:00:00,43.76,12.480000000000018,0.0
2015-02-21 14:00:00,29.81,12.710000000000036,0.0
2015-02-21 15:00:00,24.69,12.78000000000003,0.0
2015-02-21 16:00:00,30.72,12.260000000000048,0.0
2015-02-21 17:00:00,42.12,10.04000000000002,0.0
2015-02-21 18:00:00,50.33,9.575000000000045,0.0
2015-02-21 19:00:00,54.18,9.110000000000014,0.0
2015-02-21 20:00:00,51.86,8.470000000000027,0.0
2015-02-21 21:00:00,45.47,8.080000000000041,0.0
2015-02-21 22:00:00,40.91,7.680000000000007,0.0
2015-02-21 23:00:00,28.01,7.050000000000011,0.0
2015-02-22 00:00:00,25.86,6.189999999999998,0.0
2015-02-22 01:00:00,21.32,9.400000000000034,0.0
2015-02-22 02:00:00,23.02,9.5,0.0
2015-02-22 03:00:00,20.99,9.300000000000011,0.0
2015-02-22 04:00:00,21.0,8.800000000000011,0.0
2015-02-22 05:00:00,21.7,8.200000000000045,0.0
2015-02-22 06:00:00,25.12,8.100000000000023,0.0
2015-02-22 07:00:00,28.43,8.800000000000011,0.0
2015-02-22 08:00:00,28.0,6.930000000000007,0.0
2015-02-22 09:00:00,29.18,8.29000000000002,0.0
2015-02-22 10:00:00,28.33,10.710000000000036,0.0
2015-02-22 11:00:00,26.19,12.650000000000034,0.0
2015-02-22 12:00:00,26.53,13.470000000000027,0.0
2015-02-22 13:00:00,23.29,13.900000000000034,0.0
2015-02-22 14:00:00,18.73,15.020000000000039,0.0
2015-02-22 15:00:00,18.89,13.57000000000005,0.0
2015-02-22 16:00:00,18.9,12.120000000000005,0.0
2015-02-22 17:00:00,38.77,11.189999999999998,0.0
2015-02-22 18:00:00,57.56,10.520000000000039,0.0
2015-02-22 19:00:00,63.78,11.020000000000039,0.0
2015-02-22 20:00:00,60.32,7.600000000000023,0.0
2015-02-22 21:00:00,55.86,8.300000000000011,0.0
2015-02-22 22:00:00,41.03,8.400000000000034,0.0
2015-02-22 23:00:00,37.23,8.100000000000023,0.0
2015-02-23 00:00:00,23.88,8.100000000000023,0.0
2015-02-23 01:00:00,18.34,3.9540000000000646,0.0
2015-02-23 02:00:00,17.71,3.9540000000000646,0.0
2015-02-23 03:00:00,17.69,3.9540000000000646,0.0
2015-02-23 04:00:00,19.9,1.4990000000000236,0.0
2015-02-23 05:00:00,37.72,1.4990000000000236,0.0
2015-02-23 06:00:00,46.04,1.4990000000000236,0.0
2015-02-23 07:00:00,51.37,7.300000000000011,0.0
2015-02-23 08:00:00,62.07,10.350000000000023,0.0
2015-02-23 09:00:00,68.1,11.300000000000011,0.0
2015-02-23 10:00:00,63.72,11.28000000000003,0.0
2015-02-23 11:00:00,62.3,11.390000000000043,0.0
2015-02-23 12:00:00,55.5,11.840000000000032,0.0
2015-02-23 13:00:00,42.98,14.430000000000007,0.0
2015-02-23 14:00:00,42.58,14.07000000000005,0.0
2015-02-23 15:00:00,42.9,13.960000000000036,0.0
2015-02-23 16:00:00,45.69,13.850000000000023,0.0
2015-02-23 17:00:00,52.72,12.07000000000005,0.0
2015-02-23 18:00:00,64.5,10.07000000000005,0.0
2015-02-23 19:00:00,65.02,9.730000000000018,0.0
2015-02-23 20:00:00,56.52,8.726500000000044,0.0
2015-02-23 21:00:00,42.56,8.390000000000043,0.0
2015-02-23 22:00:00,39.27,7.600000000000023,0.0
2015-02-23 23:00:00,25.38,7.140000000000043,0.0
2015-02-24 00:00:00,18.21,5.7900000000000205,0.0
2015-02-24 01:00:00,17.19,11.100000000000023,0.0
2015-02-24 02:00:00,17.73,10.400000000000034,0.0
2015-02-24 03:00:00,17.52,9.600000000000023,0.0
2015-02-24 04:00:00,17.42,9.300000000000011,0.0
2015-02-24 05:00:00,31.26,9.400000000000034,0.0
2015-02-24 06:00:00,43.28,9.700000000000045,0.0
2015-02-24 07:00:00,45.25,5.390000000000043,0.0
2015-02-24 08:00:00,51.94,5.650000000000034,0.0
2015-02-24 09:00:00,51.02,7.82000000000005,0.0
2015-02-24 10:00:00,47.17,9.970000000000027,0.0
2015-02-24 11:00:00,45.18,11.470000000000027,0.0
2015-02-24 12:00:00,41.87,11.890000000000043,0.0
2015-02-24 13:00:00,39.88,12.28000000000003,0.0
2015-02-24 14:00:00,40.17,12.010000000000048,0.0
2015-02-24 15:00:00,40.28,12.200000000000045,0.0
2015-02-24 16:00:00,42.81,8.460000000000036,0.0
2015-02-24 17:00:00,57.2,7.9080000000000155,0.0
2015-02-24 18:00:00,68.69,8.090000000000032,0.0
2015-02-24 19:00:00,73.26,8.32000000000005,0.0
2015-02-24 20:00:00,65.25,8.230000000000018,0.0
2015-02-24 21:00:00,53.6,7.7450000000000045,0.0
2015-02-24 22:00:00,47.73,7.260000000000048,0.0
2015-02-24 23:00:00,43.03,6.6299999999999955,0.0
2015-02-25 00:00:00,37.56,4.75,0.0
2015-02-25 01:00:00,31.11,10.5,0.0
2015-02-25 02:00:00,23.86,10.100000000000023,0.0
2015-02-25 03:00:00,23.69,10.200000000000045,0.0
2015-02-25 04:00:00,27.47,4.560000000000002,0.0
2015-02-25 05:00:00,37.5,3.1760000000000446,0.0
2015-02-25 06:00:00,52.3,3.1760000000000446,0.0
2015-02-25 07:00:00,53.59,3.1760000000000446,0.0
2015-02-25 08:00:00,61.12,7.833000000000027,0.0
2015-02-25 09:00:00,60.95,7.833000000000027,0.0
2015-02-25 10:00:00,56.81,7.833000000000027,0.0
2015-02-25 11:00:00,55.46,12.182000000000016,0.0
2015-02-25 12:00:00,49.11,12.182000000000016,0.0
2015-02-25 13:00:00,42.69,12.182000000000016,0.0
2015-02-25 14:00:00,42.24,12.277500000000032,0.0
2015-02-25 15:00:00,47.78,13.18100000000004,0.0
2015-02-25 16:00:00,51.75,11.704000000000121,0.0
2015-02-25 17:00:00,61.64,11.704000000000121,0.0
2015-02-25 18:00:00,71.53,11.704000000000121,0.0
2015-02-25 19:00:00,73.11,10.311000000000035,0.0
2015-02-25 20:00:00,62.27,10.311000000000035,0.0
2015-02-25 21:00:00,51.75,10.311000000000035,0.0
2015-02-25 22:00:00,51.41,9.047000000000025,0.0
2015-02-25 23:00:00,45.32,9.047000000000025,0.0
2015-02-26 00:00:00,37.72,9.047000000000025,0.0
2015-02-26 01:00:00,34.11,8.895000000000039,0.0
2015-02-26 02:00:00,32.83,8.895000000000039,0.0
2015-02-26 03:00:00,32.45,8.895000000000039,0.0
2015-02-26 04:00:00,33.47,8.334000000000117,0.0
2015-02-26 05:00:00,42.98,8.334000000000117,0.0
2015-02-26 06:00:00,51.4,8.334000000000117,0.0
2015-02-26 07:00:00,59.54,8.334000000000117,0.0
2015-02-26 08:00:00,63.24,10.45700000000005,0.0
2015-02-26 09:00:00,67.12,10.45700000000005,0.0
2015-02-26 10:00:00,62.73,14.321000000000026,0.0
2015-02-26 11:00:00,61.92,14.321000000000026,0.0
2015-02-26 12:00:00,57.57,14.321000000000026,0.0
2015-02-26 13:00:00,53.8,15.438000000000045,0.0
2015-02-26 14:00:00,52.91,15.438000000000045,0.0
2015-02-26 15:00:00,55.69,15.438000000000045,0.0
2015-02-26 16:00:00,56.59,12.939000000000021,0.0
2015-02-26 17:00:00,68.7,12.939000000000021,0.0
2015-02-26 18:00:00,79.19,12.787000000000035,0.0
2015-02-26 19:00:00,75.78,9.340000000000032,0.0
2015-02-26 20:00:00,68.65,9.340000000000032,0.0
2015-02-26 21:00:00,58.94,9.340000000000032,0.0
2015-02-26 22:00:00,55.47,7.800000000000011,0.0
2015-02-26 23:00:00,53.11,7.800000000000011,0.0
2015-02-27 00:00:00,40.36,6.529593750000004,0.0
2015-02-27 01:00:00,35.67,6.741312500000049,0.0
2015-02-27 02:00:00,34.58,5.682687500000043,0.0
2015-02-27 03:00:00,34.95,6.165999999999997,0.0
2015-02-27 04:00:00,36.71,4.593343750000031,0.0
2015-02-27 05:00:00,39.88,4.562687500000038,0.0
2015-02-27 06:00:00,53.74,6.2830000000000155,0.0
2015-02-27 07:00:00,57.48,5.668656250000026,0.0
2015-02-27 08:00:00,57.68,6.805312500000014,0.0
2015-02-27 09:00:00,61.57,7.707500000000039,0.0
2015-02-27 10:00:00,60.89,8.922312500000032,0.0
2015-02-27 11:00:00,61.05,9.902687500000013,0.0
2015-02-27 12:00:00,56.79,10.121000000000038,0.0
2015-02-27 13:00:00,53.26,11.355343750000031,0.0
2015-02-27 14:00:00,53.11,11.827656250000018,0.0
2015-02-27 15:00:00,53.91,10.072000000000003,0.0
2015-02-27 16:00:00,53.96,11.287000000000035,0.0
2015-02-27 17:00:00,63.51,10.274000000000115,0.0
2015-02-27 18:00:00,70.46,8.73350000000005,0.0
2015-02-27 19:00:00,72.42,7.896312500000022,0.0
2015-02-27 20:00:00,68.14,6.531656250000026,0.0
2015-02-27 21:00:00,60.2,6.024000000000058,0.0
2015-02-27 22:00:00,57.45,4.516500000000008,0.0
2015-02-27 23:00:00,44.8,3.8660000000000423,0.0
2015-02-28 00:00:00,40.81,3.8660000000000423,0.0
2015-02-28 01:00:00,37.87,0.8220000000000027,0.0
2015-02-28 02:00:00,37.19,0.8220000000000027,0.0
2015-02-28 03:00:00,36.6,0.8220000000000027,0.0
2015-02-28 04:00:00,36.56,-0.1479999999999677,0.0
2015-02-28 05:00:00,38.7,-0.1479999999999677,0.0
2015-02-28 06:00:00,38.01,-0.1479999999999677,0.0
2015-02-28 07:00:00,41.43,6.154000000000053,0.0
2015-02-28 08:00:00,45.59,6.154000000000053,0.0
2015-02-28 09:00:00,52.93,6.154000000000053,0.0
2015-02-28 10:00:00,52.83,12.811000000000035,0.0
2015-02-28 11:00:00,52.47,12.811000000000035,0.0
2015-02-28 12:00:00,53.71,12.811000000000035,0.0
2015-02-28 13:00:00,47.34,14.973000000000013,0.0
2015-02-28 14:00:00,43.04,15.013000000000034,0.0
2015-02-28 15:00:00,43.34,14.841499999999996,0.0
2015-02-28 16:00:00,46.55,14.670000000000016,0.0
2015-02-28 17:00:00,60.34,13.770000000000039,0.0
2015-02-28 18:00:00,60.83,14.885000000000048,0.0
2015-02-28 19:00:00,62.87,16.0,0.0
2015-02-28 20:00:00,60.42,15.300000000000011,0.0
2015-02-28 21:00:00,50.83,15.0,0.0
2015-02-28 22:00:00,45.53,15.100000000000023,0.0
2015-02-28 23:00:00,47.6,15.0,0.0
2015-03-01 00:00:00,40.01,14.800000000000011,0.0
2015-03-01 01:00:00,37.79,14.600000000000023,0.0
2015-03-01 02:00:00,33.06,14.5,0.0
2015-03-01 03:00:00,29.65,14.0,0.0
2015-03-01 04:00:00,31.25,14.200000000000045,0.0
2015-03-01 05:00:00,33.55,14.200000000000045,0.0
2015-03-01 06:00:00,31.95,14.200000000000045,0.0
2015-03-01 07:00:00,37.89,14.200000000000045,0.0
2015-03-01 08:00:00,40.43,12.168000000000006,0.0
2015-03-01 09:00:00,36.44,14.650000000000034,0.0
2015-03-01 10:00:00,41.68,11.865656250000029,0.0
2015-03-01 11:00:00,43.39,13.59534375000004,0.0
2015-03-01 12:00:00,39.68,13.576000000000022,0.0
2015-03-01 13:00:00,39.33,15.888656249999997,0.0
2015-03-01 14:00:00,30.69,16.452312500000005,0.0
2015-03-01 15:00:00,28.13,15.922000000000025,0.0
2015-03-01 16:00:00,33.68,16.668000000000006,0.0
2015-03-01 17:00:00,39.34,16.32000000000005,0.0
2015-03-01 18:00:00,51.94,15.32000000000005,0.0
2015-03-01 19:00:00,56.16,14.620000000000005,0.0
2015-03-01 20:00:00,53.65,14.420000000000016,0.0
2015-03-01 21:00:00,49.01,14.350000000000023,0.0
2015-03-01 22:00:00,42.7,14.060000000000002,0.0
2015-03-01 23:00:00,34.12,13.730000000000018,0.0
2015-03-02 00:00:00,29.43,12.830000000000041,0.0
2015-03-02 01:00:00,27.86,15.5,0.0
2015-03-02 02:00:00,27.75,15.100000000000023,0.0
2015-03-02 03:00:00,27.27,14.300000000000011,0.0
2015-03-02 04:00:00,34.11,13.900000000000034,0.0
2015-03-02 05:00:00,42.74,13.400000000000034,0.0
2015-03-02 06:00:00,53.61,12.900000000000034,0.0
2015-03-02 07:00:00,58.5,11.910000000000025,0.0
2015-03-02 08:00:00,61.2,13.510000000000048,0.0
2015-03-02 09:00:00,61.88,13.590000000000032,0.0
2015-03-02 10:00:00,60.71,14.980000000000018,0.0
2015-03-02 11:00:00,60.53,16.900000000000034,0.0
2015-03-02 12:00:00,60.32,18.189999999999998,0.0
2015-03-02 13:00:00,58.87,19.480000000000018,0.0
2015-03-02 14:00:00,57.3,20.150000000000034,0.0
2015-03-02 15:00:00,57.92,20.620000000000005,0.0
2015-03-02 16:00:00,59.1,18.370000000000005,0.0
2015-03-02 17:00:00,71.86,17.32000000000005,0.0
2015-03-02 18:00:00,90.02,16.27000000000004,0.0
2015-03-02 19:00:00,96.78,14.28000000000003,0.0
2015-03-02 20:00:00,92.2,12.910500000000013,0.0
2015-03-02 21:00:00,65.96,14.920000000000016,0.0
2015-03-02 22:00:00,61.04,12.0,0.0
2015-03-02 23:00:00,63.49,11.600000000000023,0.0
2015-03-03 00:00:00,59.33,13.050000000000011,0.0
2015-03-03 01:00:00,55.6,14.5,0.0
2015-03-03 02:00:00,52.4,13.900000000000034,0.0
2015-03-03 03:00:00,50.28,13.700000000000045,0.0
2015-03-03 04:00:00,54.7,13.0,0.0
2015-03-03 05:00:00,59.88,12.900000000000034,0.0
2015-03-03 06:00:00,64.81,12.600000000000023,0.0
2015-03-03 07:00:00,73.49,7.990000000000009,0.0
2015-03-03 08:00:00,75.85,11.07000000000005,0.0
2015-03-03 09:00:00,73.66,14.150000000000034,0.0
2015-03-03 10:00:00,70.67,15.060000000000002,0.0
2015-03-03 11:00:00,69.34,16.680000000000007,0.0
2015-03-03 12:00:00,68.57,16.370000000000005,0.0
2015-03-03 13:00:00,64.58,16.360000000000014,0.0
2015-03-03 14:00:00,62.87,16.879999999999995,0.0
2015-03-03 15:00:00,62.75,18.04000000000002,0.0
2015-03-03 16:00:00,67.89,18.410000000000025,0.0
2015-03-03 17:00:00,72.35,16.900000000000034,0.0
2015-03-03 18:00:00,83.8,15.129999999999995,0.0
2015-03-03 19:00:00,85.73,14.600000000000023,0.0
2015-03-03 20:00:00,76.26,12.896500000000003,0.0
2015-03-03 21:00:00,65.45,13.640000000000043,0.0
2015-03-03 22:00:00,59.46,13.04000000000002,0.0
2015-03-03 23:00:00,55.15,12.310000000000002,0.0
2015-03-04 00:00:00,51.51,11.340000000000032,0.0
2015-03-04 01:00:00,48.66,14.700000000000045,0.0
2015-03-04 02:00:00,44.36,13.900000000000034,0.0
2015-03-04 03:00:00,36.33,13.5,0.0
2015-03-04 04:00:00,34.88,13.200000000000045,0.0
2015-03-04 05:00:00,39.21,6.980000000000018,0.0
2015-03-04 06:00:00,42.29,6.850000000000023,0.0
2015-03-04 07:00:00,53.33,7.170000000000016,0.0
2015-03-04 08:00:00,53.95,8.79000000000002,0.0
2015-03-04 09:00:00,53.67,13.29000000000002,0.0
2015-03-04 10:00:00,52.27,14.629999999999995,0.0
2015-03-04 11:00:00,47.92,14.450000000000045,0.0
2015-03-04 12:00:00,51.03,14.470000000000027,0.0
2015-03-04 13:00:00,43.89,15.29000000000002,0.0
2015-03-04 14:00:00,41.31,15.129999999999995,0.0
2015-03-04 15:00:00,41.79,14.360000000000014,0.0
2015-03-04 16:00:00,44.57,13.590000000000032,0.0
2015-03-04 17:00:00,48.15,11.629999999999995,0.0
2015-03-04 18:00:00,60.11,12.545000000000016,0.0
2015-03-04 19:00:00,63.03,13.460000000000036,0.0
2015-03-04 20:00:00,60.11,9.238500000000045,0.0
2015-03-04 21:00:00,48.34,6.340000000000032,0.0
2015-03-04 22:00:00,40.19,4.613500000000045,0.0
2015-03-04 23:00:00,27.68,4.210000000000036,0.0
2015-03-05 00:00:00,20.42,3.6750000000000114,0.0
2015-03-05 01:00:00,17.38,3.140000000000043,0.0
2015-03-05 02:00:00,17.91,3.660000000000025,0.0
2015-03-05 03:00:00,16.81,3.680000000000007,0.0
2015-03-05 04:00:00,17.21,3.150000000000034,0.0
2015-03-05 05:00:00,25.65,2.8100000000000023,0.0
2015-03-05 06:00:00,31.22,2.6100000000000136,0.0
2015-03-05 07:00:00,41.38,2.1899999999999977,0.0
2015-03-05 08:00:00,43.42,3.480000000000018,0.0
2015-03-05 09:00:00,43.8,5.470000000000027,0.0
2015-03-05 10:00:00,41.88,7.340000000000032,0.0
2015-03-05 11:00:00,42.23,10.210000000000036,0.0
2015-03-05 12:00:00,42.12,10.610000000000014,0.0
2015-03-05 13:00:00,40.86,11.600000000000023,0.0
2015-03-05 14:00:00,41.22,14.379999999999995,0.0
2015-03-05 15:00:00,42.62,14.620000000000005,0.0
2015-03-05 16:00:00,48.32,14.79000000000002,0.0
2015-03-05 17:00:00,55.97,14.32000000000005,0.0
2015-03-05 18:00:00,69.69,12.890000000000043,0.0
2015-03-05 19:00:00,72.97,9.670000000000016,0.0
2015-03-05 20:00:00,69.04,9.100000000000023,0.0
2015-03-05 21:00:00,55.43,7.840000000000032,0.0
2015-03-05 22:00:00,52.7,6.980000000000018,0.0
2015-03-05 23:00:00,49.65,5.300000000000011,0.0
2015-03-06 00:00:00,46.44,4.910000000000025,0.0
2015-03-06 01:00:00,41.37,4.610000000000014,0.0
2015-03-06 02:00:00,39.41,4.020000000000039,0.0
2015-03-06 03:00:00,38.79,3.5649999999999977,0.0
2015-03-06 04:00:00,45.04,3.1100000000000136,0.0
2015-03-06 05:00:00,53.2,2.680000000000007,0.0
2015-03-06 06:00:00,61.94,2.07000000000005,0.0
2015-03-06 07:00:00,67.38,3.170000000000016,0.0
2015-03-06 08:00:00,72.79,6.060000000000002,0.0
2015-03-06 09:00:00,70.29,9.355000000000018,0.0
2015-03-06 10:00:00,66.52,12.650000000000034,0.0
2015-03-06 11:00:00,61.57,13.124000000000024,0.0
2015-03-06 12:00:00,61.64,14.080000000000041,0.0
2015-03-06 13:00:00,60.3,15.650000000000034,0.0
2015-03-06 14:00:00,56.71,15.160500000000013,0.0
2015-03-06 15:00:00,56.63,18.03000000000003,0.0
2015-03-06 16:00:00,59.13,15.935500000000047,0.0
2015-03-06 17:00:00,73.1,17.200000000000045,0.0
2015-03-06 18:00:00,81.22,14.910000000000025,0.0
2015-03-06 19:00:00,89.34,12.620000000000005,0.0
2015-03-06 20:00:00,80.93,10.814999999999998,0.0
2015-03-06 21:00:00,64.63,9.010000000000048,0.0
2015-03-06 22:00:00,62.04,7.900000000000034,0.0
2015-03-06 23:00:00,58.1,6.7900000000000205,0.0
2015-03-07 00:00:00,54.75,6.485000000000014,0.0
2015-03-07 01:00:00,52.54,6.180000000000007,0.0
2015-03-07 02:00:00,48.41,3.7545000000000073,0.0
2015-03-07 03:00:00,46.14,4.760000000000048,0.0
2015-03-07 04:00:00,45.82,2.114500000000021,0.0
2015-03-07 05:00:00,48.03,2.900000000000034,0.0
2015-03-07 06:00:00,50.8,3.705000000000041,0.0
2015-03-07 07:00:00,56.56,4.510000000000048,0.0
2015-03-07 08:00:00,59.12,6.510000000000048,0.0
2015-03-07 09:00:00,58.44,9.660000000000025,0.0
2015-03-07 10:00:00,56.53,13.350000000000023,0.0
2015-03-07 11:00:00,56.96,15.06800000000004,0.0
2015-03-07 12:00:00,57.45,18.430000000000007,0.0
2015-03-07 13:00:00,56.71,17.79400000000004,0.0
2015-03-07 14:00:00,55.29,18.80200000000002,0.0
2015-03-07 15:00:00,53.84,19.810000000000002,0.0
2015-03-07 16:00:00,53.85,21.120000000000005,0.0
2015-03-07 17:00:00,61.57,17.88050000000004,0.0
2015-03-07 18:00:00,74.22,18.350000000000023,0.0
2015-03-07 19:00:00,76.95,13.24550000000005,0.0
2015-03-07 20:00:00,75.9,11.850000000000023,0.0
2015-03-07 21:00:00,63.52,10.896656250000035,0.0
2015-03-07 22:00:00,57.03,7.748000000000047,0.0
2015-03-07 23:00:00,60.68,8.990000000000009,0.0
2015-03-08 00:00:00,57.53,8.335000000000036,0.0
2015-03-08 01:00:00,54.14,7.680000000000007,0.0
2015-03-08 02:00:00,50.17,6.230000000000018,0.0
2015-03-08 03:00:00,48.47,5.689999999999998,0.0
2015-03-08 04:00:00,48.21,5.150000000000034,0.0
2015-03-08 05:00:00,48.36,3.4360000000000355,0.0
2015-03-08 06:00:00,47.5,4.420000000000016,0.0
2015-03-08 07:00:00,50.63,4.970000000000027,0.0
2015-03-08 08:00:00,50.16,8.246500000000026,0.0
2015-03-08 09:00:00,51.4,12.03000000000003,0.0
2015-03-08 10:00:00,54.79,14.740000000000009,0.0
2015-03-08 11:00:00,54.86,16.79000000000002,0.0
2015-03-08 12:00:00,53.9,18.840000000000032,0.0
2015-03-08 13:00:00,49.51,19.297000000000025,0.0
2015-03-08 14:00:00,44.29,19.75400000000002,0.0
2015-03-08 15:00:00,39.66,22.110000000000014,0.0
2015-03-08 16:00:00,40.8,21.095500000000015,0.0
2015-03-08 17:00:00,49.46,21.980000000000018,0.0
2015-03-08 18:00:00,57.14,18.140000000000043,0.0
2015-03-08 19:00:00,63.13,16.590000000000032,0.0
2015-03-08 20:00:00,62.17,15.04000000000002,0.0
2015-03-08 21:00:00,55.98,13.916687500000023,0.0
2015-03-08 22:00:00,50.79,9.785500000000013,0.0
2015-03-08 23:00:00,50.24,11.670000000000016,0.0
2015-03-09 00:00:00,48.28,10.370000000000005,0.0
2015-03-09 01:00:00,44.09,9.300000000000011,0.0
2015-03-09 02:00:00,40.06,8.230000000000018,0.0
2015-03-09 03:00:00,39.54,7.135000000000048,0.0
2015-03-09 04:00:00,44.24,6.0400000000000205,0.0
2015-03-09 05:00:00,54.7,3.1380000000000337,0.0
2015-03-09 06:00:00,60.05,5.310000000000002,0.0
2015-03-09 07:00:00,68.44,5.6200000000000045,0.0
2015-03-09 08:00:00,65.91,8.754999999999995,0.0
2015-03-09 09:00:00,62.87,11.890000000000043,0.0
2015-03-09 10:00:00,61.8,15.035000000000025,0.0
2015-03-09 11:00:00,61.81,18.180000000000007,0.0
2015-03-09 12:00:00,61.71,18.640000000000043,0.0
2015-03-09 13:00:00,58.07,19.960000000000036,0.0
2015-03-09 14:00:00,56.67,19.22800000000001,0.0
2015-03-09 15:00:00,56.56,21.80000000000001,0.0
2015-03-09 16:00:00,57.32,18.380656250000015,0.0
2015-03-09 17:00:00,63.7,18.26534375,0.0
2015-03-09 18:00:00,75.39,18.150000000000034,0.0
2015-03-09 19:00:00,75.2,16.350000000000023,0.0
2015-03-09 20:00:00,73.97,14.550000000000011,0.0
2015-03-09 21:00:00,62.26,12.75,0.0
2015-03-09 22:00:00,56.26,11.670000000000016,0.0
2015-03-09 23:00:00,57.44,10.590000000000032,0.0
2015-03-10 00:00:00,54.18,9.830000000000041,0.0
2015-03-10 01:00:00,52.59,9.07000000000005,0.0
2015-03-10 02:00:00,50.83,7.680000000000007,0.0
2015-03-10 03:00:00,51.24,7.020000000000039,0.0
2015-03-10 04:00:00,53.29,4.816000000000031,0.0
2015-03-10 05:00:00,56.77,5.7000000000000455,0.0
2015-03-10 06:00:00,62.29,5.03000000000003,0.0
2015-03-10 07:00:00,70.79,5.316000000000031,0.0
2015-03-10 08:00:00,71.31,8.602000000000032,0.0
2015-03-10 09:00:00,69.56,10.237000000000023,0.0
2015-03-10 10:00:00,67.62,14.073312500000043,0.0
2015-03-10 11:00:00,66.65,16.25865625,0.0
2015-03-10 12:00:00,66.49,15.744000000000028,0.0
2015-03-10 13:00:00,61.08,18.82934375000002,0.0
2015-03-10 14:00:00,59.01,19.21465625000002,0.0
2015-03-10 15:00:00,59.46,16.65450000000004,0.0
2015-03-10 16:00:00,60.85,18.021656250000035,0.0
2015-03-10 17:00:00,71.2,16.443312500000047,0.0
2015-03-10 18:00:00,82.65,13.406500000000051,0.0
2015-03-10 19:00:00,86.2,12.314312500000028,0.0
2015-03-10 20:00:00,84.94,9.763656249999997,0.0
2015-03-10 21:00:00,71.02,9.515000000000043,0.0
2015-03-10 22:00:00,64.36,6.197000000000003,0.0
2015-03-10 23:00:00,57.38,5.18100000000004,0.0
2015-03-11 00:00:00,53.27,5.02800000000002,0.0
2015-03-11 01:00:00,50.16,3.7243437500000027,0.0
2015-03-11 02:00:00,48.67,3.2836562500000355,0.0
2015-03-11 03:00:00,48.72,2.6830000000000496,0.0
2015-03-11 04:00:00,49.4,2.2956875000000423,0.0
2015-03-11 05:00:00,54.72,1.7483437500000036,0.0
2015-03-11 06:00:00,60.48,1.2010000000000218,0.0
2015-03-11 07:00:00,67.97,5.415500000000009,0.0
2015-03-11 08:00:00,69.25,9.629999999999995,0.0
2015-03-11 09:00:00,64.15,13.188500000000033,0.0
2015-03-11 10:00:00,62.28,16.747000000000014,0.0
2015-03-11 11:00:00,60.09,17.893500000000017,0.0
2015-03-11 12:00:00,59.46,19.04000000000002,0.0
2015-03-11 13:00:00,57.53,19.693312500000047,0.0
2015-03-11 14:00:00,55.72,20.34668750000003,0.0
2015-03-11 15:00:00,54.67,21.0,0.0
2015-03-11 16:00:00,56.26,19.1713125,0.0
2015-03-11 17:00:00,66.23,17.34268750000001,0.0
2015-03-11 18:00:00,74.99,14.3005,0.0
2015-03-11 19:00:00,75.79,12.876343750000046,0.0
2015-03-11 20:00:00,71.74,10.238687500000026,0.0
2015-03-11 21:00:00,63.78,10.156500000000051,0.0
2015-03-11 22:00:00,58.72,6.66700000000003,0.0
2015-03-11 23:00:00,57.81,5.733000000000004,0.0
2015-03-12 00:00:00,52.44,5.790500000000009,0.0
2015-03-12 01:00:00,50.45,4.5260000000000105,0.0
2015-03-12 02:00:00,49.7,4.253000000000043,0.0
2015-03-12 03:00:00,49.84,3.2690000000000623,0.0
2015-03-12 04:00:00,51.33,3.233000000000004,0.0
2015-03-12 05:00:00,56.71,2.486000000000047,0.0
2015-03-12 06:00:00,62.97,7.55600000000004,0.0
2015-03-12 07:00:00,68.96,4.8700000000000045,0.0
2015-03-12 08:00:00,66.55,8.001000000000033,0.0
2015-03-12 09:00:00,62.8,9.680499999999995,0.0
2015-03-12 10:00:00,59.72,13.295343750000029,0.0
2015-03-12 11:00:00,59.63,15.458687499999996,0.0
2015-03-12 12:00:00,59.43,15.301500000000033,0.0
2015-03-12 13:00:00,55.22,18.238343750000013,0.0
2015-03-12 14:00:00,51.34,18.854656250000005,0.0
2015-03-12 15:00:00,50.31,16.47800000000001,0.0
2015-03-12 16:00:00,54.55,18.09200000000004,0.0
2015-03-12 17:00:00,69.5,16.713000000000022,0.0
2015-03-12 18:00:00,73.25,13.928500000000042,0.0
2015-03-12 19:00:00,73.84,13.018000000000029,0.0
2015-03-12 20:00:00,68.94,10.702000000000112,0.0
2015-03-12 21:00:00,56.99,10.238500000000045,0.0
2015-03-12 22:00:00,53.4,7.305000000000007,0.0
2015-03-12 23:00:00,47.99,6.224000000000046,0.0
2015-03-13 00:00:00,41.05,5.706000000000017,0.0
2015-03-13 01:00:00,39.39,4.437343750000025,0.0
2015-03-13 02:00:00,39.27,3.7316562500000146,0.0
2015-03-13 03:00:00,40.36,4.165500000000009,0.0
2015-03-13 04:00:00,41.82,3.080000000000041,0.0
2015-03-13 05:00:00,50.58,3.1340000000000146,0.0
2015-03-13 06:00:00,52.69,6.1235000000000355,0.0
2015-03-13 07:00:00,57.27,5.199000000000012,0.0
2015-03-13 08:00:00,58.97,7.210000000000036,0.0
2015-03-13 09:00:00,56.56,8.497500000000002,0.0
2015-03-13 10:00:00,55.67,10.749656250000044,0.0
2015-03-13 11:00:00,56.32,12.278343750000033,0.0
2015-03-13 12:00:00,54.86,12.560000000000002,0.0
2015-03-13 13:00:00,55.65,14.504312500000026,0.0
2015-03-13 14:00:00,53.76,15.201656250000042,0.0
2015-03-13 15:00:00,54.25,13.44500000000005,0.0
2015-03-13 16:00:00,55.46,14.960312500000043,0.0
2015-03-13 17:00:00,56.31,14.021656250000035,0.0
2015-03-13 18:00:00,65.81,11.783000000000015,0.0
2015-03-13 19:00:00,66.97,11.277687500000013,0.0
2015-03-13 20:00:00,62.91,9.47234375000005,0.0
2015-03-13 21:00:00,57.94,8.504999999999995,0.0
2015-03-13 22:00:00,57.65,6.420343750000029,0.0
2015-03-13 23:00:00,53.56,5.173656250000022,0.0
2015-03-14 00:00:00,51.06,4.1720000000000255,0.0
2015-03-14 01:00:00,47.59,2.8436562500000377,0.0
2015-03-14 02:00:00,46.54,1.760343750000004,0.0
2015-03-14 03:00:00,43.6,2.909500000000037,0.0
2015-03-14 04:00:00,45.6,1.0820000000000505,0.0
2015-03-14 05:00:00,49.02,1.4870000000000232,0.0
2015-03-14 06:00:00,47.7,3.147000000000048,0.0
2015-03-14 07:00:00,51.74,3.1336562500000014,0.0
2015-03-14 08:00:00,53.36,4.375343750000013,0.0
2015-03-14 09:00:00,51.96,6.064999999999998,0.0
2015-03-14 10:00:00,50.71,7.1573437499999955,0.0
2015-03-14 11:00:00,51.12,8.697656250000023,0.0
2015-03-14 12:00:00,50.49,8.822500000000048,0.0
2015-03-14 13:00:00,48.38,10.83468750000003,0.0
2015-03-14 14:00:00,43.49,11.431343749999996,0.0
2015-03-14 15:00:00,42.37,9.891500000000008,0.0
2015-03-14 16:00:00,46.73,11.200343750000002,0.0
2015-03-14 17:00:00,55.14,10.37268750000004,0.0
2015-03-14 18:00:00,63.06,8.321000000000026,0.0
2015-03-14 19:00:00,63.83,7.901343750000024,0.0
2015-03-14 20:00:00,61.44,6.257656250000025,0.0
2015-03-14 21:00:00,58.05,6.463000000000022,0.0
2015-03-14 22:00:00,55.41,4.203000000000031,0.0
2015-03-14 23:00:00,53.84,3.79200000000003,0.0
2015-03-15 00:00:00,52.95,2.2730000000000246,0.0
2015-03-15 01:00:00,48.91,2.2313437500000077,0.0
2015-03-15 02:00:00,44.66,1.0816562500000373,0.0
2015-03-15 03:00:00,43.25,0.26000000000004775,0.0
2015-03-15 04:00:00,42.62,-0.9989999999999668,0.0
2015-03-15 05:00:00,42.94,-1.92999999999995,0.0
2015-03-15 06:00:00,44.05,2.4955000000000496,0.0
2015-03-15 07:00:00,47.08,-0.2209999999999468,0.0
2015-03-15 08:00:00,52.13,2.4190000000000396,0.0
2015-03-15 09:00:00,52.35,3.153500000000008,0.0
2015-03-15 10:00:00,54.12,6.428687500000024,0.0
2015-03-15 11:00:00,54.99,7.798343750000015,0.0
2015-03-15 12:00:00,55.24,7.531000000000006,0.0
2015-03-15 13:00:00,54.5,9.44634375000004,0.0
2015-03-15 14:00:00,50.7,9.72465625000001,0.0
2015-03-15 15:00:00,47.2,8.778500000000008,0.0
2015-03-15 16:00:00,47.45,9.465000000000032,0.0
2015-03-15 17:00:00,54.83,8.927000000000021,0.0
2015-03-15 18:00:00,72.42,8.00200000000001,0.0
2015-03-15 19:00:00,76.27,7.593000000000018,0.0
2015-03-15 20:00:00,73.38,6.7970000000000255,0.0
2015-03-15 21:00:00,61.86,6.396500000000003,0.0
2015-03-15 22:00:00,59.43,5.468656250000038,0.0
2015-03-15 23:00:00,61.23,4.936343750000049,0.0
2015-03-16 00:00:00,57.06,2.125,0.0
2015-03-16 01:00:00,53.59,2.352312500000039,0.0
2015-03-16 02:00:00,51.98,0.3006562500000314,0.0
2015-03-16 03:00:00,52.69,0.7580000000000382,0.0
2015-03-16 04:00:00,55.44,-2.1299999999999955,0.0
2015-03-16 05:00:00,60.39,-2.5089999999999577,0.0
2015-03-16 06:00:00,65.49,1.2180000000000177,0.0
2015-03-16 07:00:00,76.03,-0.5296562499999595,0.0
2015-03-16 08:00:00,77.49,1.8286562499999945,0.0
2015-03-16 09:00:00,76.69,3.0890000000000555,0.0
2015-03-16 10:00:00,74.13,5.813343750000001,0.0
2015-03-16 11:00:00,73.72,7.439656250000041,0.0
2015-03-16 12:00:00,68.02,7.638500000000022,0.0
2015-03-16 13:00:00,66.29,9.740656250000029,0.0
2015-03-16 14:00:00,64.93,10.415343750000034,0.0
2015-03-16 15:00:00,64.64,8.764499999999998,0.0
2015-03-16 16:00:00,67.17,10.214312500000005,0.0
2015-03-16 17:00:00,80.91,9.338687500000049,0.0
2015-03-16 18:00:00,85.0,6.295000000000016,0.0
2015-03-16 19:00:00,82.74,6.142000000000053,0.0
2015-03-16 20:00:00,79.63,3.8210000000000264,0.0
2015-03-16 21:00:00,65.96,3.883000000000038,0.0
2015-03-16 22:00:00,61.06,0.7676562500000159,0.0
2015-03-16 23:00:00,57.05,0.0353437500000382,0.0
2015-03-17 00:00:00,54.16,0.7940000000000396,0.0
2015-03-17 01:00:00,52.46,-0.4353437499999586,0.0
2015-03-17 02:00:00,50.48,-0.17368749999997135,0.0
2015-03-17 03:00:00,50.15,0.180499999999995,0.0
2015-03-17 04:00:00,52.06,0.41134375000001455,0.0
2015-03-17 05:00:00,54.9,0.7346875000000068,0.0
2015-03-17 06:00:00,56.73,3.629000000000019,0.0
2015-03-17 07:00:00,61.96,3.0953437500000405,0.0
2015-03-17 08:00:00,63.72,5.132656250000025,0.0
2015-03-17 09:00:00,62.29,6.957500000000039,0.0
2015-03-17 10:00:00,59.25,9.065656250000018,0.0
2015-03-17 11:00:00,57.52,10.96131250000002,0.0
2015-03-17 12:00:00,57.86,10.789500000000032,0.0
2015-03-17 13:00:00,55.9,13.37431250000003,0.0
2015-03-17 14:00:00,53.91,13.89165625000004,0.0
2015-03-17 15:00:00,56.32,12.408500000000004,0.0
2015-03-17 16:00:00,58.05,13.592687500000011,0.0
2015-03-17 17:00:00,61.06,12.776343750000024,0.0
2015-03-17 18:00:00,71.82,11.702500000000043,0.0
2015-03-17 19:00:00,70.28,10.972000000000037,0.0
2015-03-17 20:00:00,66.58,9.984000000000037,0.0
2015-03-17 21:00:00,58.92,9.093000000000018,0.0
2015-03-17 22:00:00,55.5,8.072656250000023,0.0
2015-03-17 23:00:00,53.39,7.149343750000014,0.0
2015-03-18 00:00:00,49.77,6.447500000000048,0.0
2015-03-18 01:00:00,47.89,5.450343750000002,0.0
2015-03-18 02:00:00,46.52,4.6746875000000045,0.0
2015-03-18 03:00:00,45.94,5.159500000000037,0.0
2015-03-18 04:00:00,47.49,3.9636875000000487,0.0
2015-03-18 05:00:00,53.19,4.028343750000033,0.0
2015-03-18 06:00:00,57.55,5.294500000000028,0.0
2015-03-18 07:00:00,64.05,4.958687499999996,0.0
2015-03-18 08:00:00,66.26,5.8243437500000255,0.0
2015-03-18 09:00:00,63.86,6.316000000000031,0.0
2015-03-18 10:00:00,63.55,7.306343749999996,0.0
2015-03-18 11:00:00,63.2,7.9226562500000455,0.0
2015-03-18 12:00:00,62.74,8.337500000000034,0.0
2015-03-18 13:00:00,61.29,9.021000000000015,0.0
2015-03-18 14:00:00,59.38,9.503000000000043,0.0
2015-03-18 15:00:00,59.23,8.84250000000003,0.0
2015-03-18 16:00:00,60.23,9.705343749999997,0.0
2015-03-18 17:00:00,63.03,9.425656250000031,0.0
2015-03-18 18:00:00,68.56,8.554500000000019,0.0
2015-03-18 19:00:00,68.37,8.472000000000037,0.0
2015-03-18 20:00:00,65.92,7.798000000000002,0.0
2015-03-18 21:00:00,59.25,7.85450000000003,0.0
2015-03-18 22:00:00,55.51,6.937000000000012,0.0
2015-03-18 23:00:00,46.48,6.75,0.0
2015-03-19 00:00:00,42.35,6.65500000000003,0.0
2015-03-19 01:00:00,41.4,6.437343750000025,0.0
2015-03-19 02:00:00,40.08,6.311656249999999,0.0
2015-03-19 03:00:00,39.86,6.374500000000012,0.0
2015-03-19 04:00:00,41.27,6.1860000000000355,0.0
2015-03-19 05:00:00,47.13,6.1860000000000355,0.0
2015-03-19 06:00:00,50.76,6.9565000000000055,0.0
2015-03-19 07:00:00,55.32,6.699656250000032,0.0
2015-03-19 08:00:00,57.91,7.2133437500000355,0.0
2015-03-19 09:00:00,57.87,9.01400000000001,0.0
2015-03-19 10:00:00,56.25,9.098656250000033,0.0
2015-03-19 11:00:00,56.42,10.47034375000004,0.0
2015-03-19 12:00:00,55.72,10.13250000000005,0.0
2015-03-19 13:00:00,54.04,12.074000000000012,0.0
2015-03-19 14:00:00,49.36,12.30600000000004,0.0
2015-03-19 15:00:00,47.32,11.501000000000033,0.0
2015-03-19 16:00:00,51.7,12.078656249999995,0.0
2015-03-19 17:00:00,55.04,11.619343750000041,0.0
2015-03-19 18:00:00,58.82,11.115499999999997,0.0
2015-03-19 19:00:00,63.02,10.67100000000005,0.0
2015-03-19 20:00:00,59.4,10.182000000000016,0.0
2015-03-19 21:00:00,52.85,9.543499999999995,0.0
2015-03-19 22:00:00,52.88,9.104343749999998,0.0
2015-03-19 23:00:00,45.1,8.515687500000013,0.0
2015-03-20 00:00:00,37.89,7.597500000000025,0.0
2015-03-20 01:00:00,36.79,7.118687500000021,0.0
2015-03-20 02:00:00,35.83,6.310312500000009,0.0
2015-03-20 03:00:00,35.33,5.802999999999997,0.0
2015-03-20 04:00:00,36.48,4.894343750000019,0.0
2015-03-20 05:00:00,41.59,4.286687500000028,0.0
2015-03-20 06:00:00,52.86,7.834500000000048,0.0
2015-03-20 07:00:00,56.91,5.841656250000028,0.0
2015-03-20 08:00:00,58.35,8.004312500000026,0.0
2015-03-20 09:00:00,57.63,7.690500000000043,0.0
2015-03-20 10:00:00,53.81,10.678687500000024,0.0
2015-03-20 11:00:00,53.18,11.190343750000011,0.0
2015-03-20 12:00:00,53.67,11.609250000000031,0.0
2015-03-20 13:00:00,54.26,12.090000000000032,0.0
2015-03-20 14:00:00,54.14,10.246000000000038,0.0
2015-03-20 15:00:00,54.7,11.680000000000007,0.0
2015-03-20 16:00:00,54.67,10.246000000000038,0.0
2015-03-20 17:00:00,57.18,9.478000000000009,0.0
2015-03-20 18:00:00,61.02,9.478000000000009,0.0
2015-03-20 19:00:00,64.27,9.478000000000009,0.0
2015-03-20 20:00:00,60.94,8.636000000000024,0.0
2015-03-20 21:00:00,57.21,8.636000000000024,0.0
2015-03-20 22:00:00,57.21,8.346343750000017,0.0
2015-03-20 23:00:00,55.0,8.056656250000003,0.0
2015-03-21 00:00:00,53.86,8.305000000000007,0.0
2015-03-21 01:00:00,48.27,7.836000000000013,0.0
2015-03-21 02:00:00,45.31,7.90500000000003,0.0
2015-03-21 03:00:00,44.42,7.3799999999999955,0.0
2015-03-21 04:00:00,44.86,7.647000000000048,0.0
2015-03-21 05:00:00,49.04,7.32000000000005,0.0
2015-03-21 06:00:00,50.69,7.969500000000039,0.0
2015-03-21 07:00:00,54.32,7.317000000000007,0.0
2015-03-21 08:00:00,55.34,7.6410000000000196,0.0
2015-03-21 09:00:00,55.61,8.203000000000031,0.0
2015-03-21 10:00:00,55.62,8.447656250000023,0.0
2015-03-21 11:00:00,55.87,8.930312500000014,0.0
2015-03-21 12:00:00,55.83,8.35450000000003,0.0
2015-03-21 13:00:00,54.94,9.189999999999998,0.0
2015-03-21 14:00:00,51.83,8.967000000000041,0.0
2015-03-21 15:00:00,52.39,9.177999999999997,0.0
2015-03-21 16:00:00,55.45,8.810312500000009,0.0
2015-03-21 17:00:00,57.74,8.876687500000003,0.0
2015-03-21 18:00:00,62.51,8.474500000000035,0.0
2015-03-21 19:00:00,66.13,8.697000000000003,0.0
2015-03-21 20:00:00,63.13,8.451000000000022,0.0
2015-03-21 21:00:00,58.26,8.482000000000028,0.0
2015-03-21 22:00:00,55.81,8.14365625000005,0.0
2015-03-21 23:00:00,54.44,8.082343750000007,0.0
2015-03-22 00:00:00,49.61,7.699000000000012,0.0
2015-03-22 01:00:00,44.55,7.7450000000000045,0.0
2015-03-22 02:00:00,43.29,7.469000000000051,0.0
2015-03-22 03:00:00,42.3,6.96550000000002,0.0
2015-03-22 04:00:00,42.64,6.7653437499999995,0.0
2015-03-22 05:00:00,42.95,6.337656250000009,0.0
2015-03-22 06:00:00,42.77,7.968000000000018,0.0
2015-03-22 07:00:00,44.67,6.854343749999998,0.0
2015-03-22 08:00:00,47.91,7.798656250000022,0.0
2015-03-22 09:00:00,54.87,8.65300000000002,0.0
2015-03-22 10:00:00,55.45,9.627343750000023,0.0
2015-03-22 11:00:00,55.77,10.511656250000044,0.0
2015-03-22 12:00:00,55.84,9.744500000000016,0.0
2015-03-22 13:00:00,55.68,11.179343750000044,0.0
2015-03-22 14:00:00,52.52,10.962656250000009,0.0
2015-03-22 15:00:00,52.47,10.546500000000037,0.0
2015-03-22 16:00:00,48.75,10.396312500000022,0.0
2015-03-22 17:00:00,54.78,10.046656250000012,0.0
2015-03-22 18:00:00,66.08,9.455500000000029,0.0
2015-03-22 19:00:00,73.55,9.186343750000049,0.0
2015-03-22 20:00:00,72.68,8.675656250000031,0.0
2015-03-22 21:00:00,62.71,8.62050000000005,0.0
2015-03-22 22:00:00,59.0,7.958000000000027,0.0
2015-03-22 23:00:00,64.08,7.751000000000033,0.0
2015-03-23 00:00:00,60.1,7.8245000000000005,0.0
2015-03-23 01:00:00,57.31,7.524000000000058,0.0
2015-03-23 02:00:00,54.05,7.504000000000019,0.0
2015-03-23 03:00:00,53.94,7.283500000000004,0.0
2015-03-23 04:00:00,57.81,7.330343749999997,0.0
2015-03-23 05:00:00,63.24,7.176656250000008,0.0
2015-03-23 06:00:00,66.65,7.9010000000000105,0.0
2015-03-23 07:00:00,72.56,7.454687500000034,0.0
2015-03-23 08:00:00,73.55,7.886343750000037,0.0
2015-03-23 09:00:00,77.37,8.077500000000043,0.0
2015-03-23 10:00:00,73.56,8.589312500000005,0.0
2015-03-23 11:00:00,72.07,8.86068750000004,0.0
2015-03-23 12:00:00,69.93,9.008000000000038,0.0
2015-03-23 13:00:00,67.11,9.32068750000002,0.0
2015-03-23 14:00:00,66.5,9.509343750000028,0.0
2015-03-23 15:00:00,64.9,8.712500000000034,0.0
2015-03-23 16:00:00,64.28,9.229656250000005,0.0
2015-03-23 17:00:00,68.78,8.761343750000037,0.0
2015-03-23 18:00:00,71.91,8.66900000000004,0.0
2015-03-23 19:00:00,74.28,8.075343750000002,0.0
2015-03-23 20:00:00,69.27,7.857656250000048,0.0
2015-03-23 21:00:00,63.22,7.827000000000055,0.0
2015-03-23 22:00:00,56.34,7.5470000000000255,0.0
2015-03-23 23:00:00,44.42,7.454000000000065,0.0
2015-03-24 00:00:00,42.98,7.3799999999999955,0.0
2015-03-24 01:00:00,40.54,7.28065625000005,0.0
2015-03-24 02:00:00,39.41,7.200343750000002,0.0
2015-03-24 03:00:00,40.37,7.221000000000004,0.0
2015-03-24 04:00:00,40.3,7.107000000000028,0.0
2015-03-24 05:00:00,49.13,7.094000000000051,0.0
2015-03-24 06:00:00,54.0,7.8945000000000505,0.0
2015-03-24 07:00:00,62.92,7.610343750000027,0.0
2015-03-24 08:00:00,64.73,8.139687500000036,0.0
2015-03-24 09:00:00,65.73,9.39450000000005,0.0
2015-03-24 10:00:00,64.44,9.682000000000016,0.0
2015-03-24 11:00:00,64.45,10.69500000000005,0.0
2015-03-24 12:00:00,64.22,9.638500000000022,0.0
2015-03-24 13:00:00,62.22,11.341343750000021,0.0
2015-03-24 14:00:00,62.11,10.97465625000001,0.0
2015-03-24 15:00:00,62.38,10.638500000000022,0.0
2015-03-24 16:00:00,63.45,10.261656250000044,0.0
2015-03-24 17:00:00,63.49,9.915343750000034,0.0
2015-03-24 18:00:00,67.61,8.271500000000003,0.0
2015-03-24 19:00:00,70.9,8.357656250000048,0.0
2015-03-24 20:00:00,68.87,7.146312500000022,0.0
2015-03-24 21:00:00,64.08,6.533500000000004,0.0
2015-03-24 22:00:00,57.21,5.1226875000000405,0.0
2015-03-24 23:00:00,48.94,4.310312500000009,0.0
2015-03-25 00:00:00,44.65,3.8320000000000505,0.0
2015-03-25 01:00:00,41.27,2.9083125000000223,0.0
2015-03-25 02:00:00,40.39,2.3186562500000036,0.0
2015-03-25 03:00:00,39.54,2.27800000000002,0.0
2015-03-25 04:00:00,40.25,1.5053437500000086,0.0
2015-03-25 05:00:00,48.08,1.281656250000026,0.0
2015-03-25 06:00:00,53.12,3.8215000000000146,0.0
2015-03-25 07:00:00,60.72,2.6766562500000077,0.0
2015-03-25 08:00:00,60.55,4.295343750000029,0.0
2015-03-25 09:00:00,58.71,4.5470000000000255,0.0
2015-03-25 10:00:00,55.33,6.621343750000051,0.0
2015-03-25 11:00:00,54.42,7.3286562499999945,0.0
2015-03-25 12:00:00,53.22,7.378500000000031,0.0
2015-03-25 13:00:00,51.56,8.305000000000007,0.0
2015-03-25 14:00:00,50.25,8.574000000000012,0.0
2015-03-25 15:00:00,50.58,7.652000000000044,0.0
2015-03-25 16:00:00,56.23,8.31800000000004,0.0
2015-03-25 17:00:00,61.11,7.793000000000006,0.0
2015-03-25 18:00:00,65.47,6.38900000000001,0.0
2015-03-25 19:00:00,72.15,6.157000000000039,0.0
2015-03-25 20:00:00,70.59,5.046000000000049,0.0
2015-03-25 21:00:00,63.82,4.011500000000012,0.0
2015-03-25 22:00:00,61.59,2.875,0.0
2015-03-25 23:00:00,50.67,1.8149999999999977,0.0
2015-03-26 00:00:00,47.53,1.5015000000000214,0.0
2015-03-26 01:00:00,43.03,0.19268750000003365,0.0
2015-03-26 02:00:00,40.66,-0.36965624999999136,0.0
2015-03-26 03:00:00,38.69,-0.13349999999996953,0.0
2015-03-26 04:00:00,42.18,-0.9619999999999891,0.0
2015-03-26 05:00:00,47.11,-0.9919999999999618,0.0
2015-03-26 06:00:00,51.52,2.0055000000000405,0.0
2015-03-26 07:00:00,61.28,0.9663437500000214,0.0
2015-03-26 08:00:00,62.79,2.954687500000034,0.0
2015-03-26 09:00:00,62.3,5.389499999999998,0.0
2015-03-26 10:00:00,61.89,7.229000000000042,0.0
2015-03-26 11:00:00,62.07,9.515000000000043,0.0
2015-03-26 12:00:00,61.56,9.242999999999995,0.0
2015-03-26 13:00:00,59.1,12.381687499999998,0.0
2015-03-26 14:00:00,56.85,12.962343750000002,0.0
2015-03-26 15:00:00,56.87,12.34050000000002,0.0
2015-03-26 16:00:00,59.31,13.322000000000003,0.0
2015-03-26 17:00:00,62.97,13.100999999999999,0.0
2015-03-26 18:00:00,67.64,12.656000000000006,0.0
2015-03-26 19:00:00,71.03,12.509656250000035,0.0
2015-03-26 20:00:00,67.94,12.139343750000023,0.0
2015-03-26 21:00:00,62.07,10.212000000000046,0.0
2015-03-26 22:00:00,57.11,10.36068750000004,0.0
2015-03-26 23:00:00,49.56,8.952312500000005,0.0
2015-03-27 00:00:00,44.71,9.761000000000024,0.0
2015-03-27 01:00:00,39.98,7.613687500000026,0.0
2015-03-27 02:00:00,38.47,7.683343750000006,0.0
2015-03-27 03:00:00,38.59,7.131000000000029,0.0
2015-03-27 04:00:00,40.37,7.4080000000000155,0.0
2015-03-27 05:00:00,48.83,7.063000000000045,0.0
2015-03-27 06:00:00,57.5,10.957500000000039,0.0
2015-03-27 07:00:00,63.01,9.199343750000025,0.0
2015-03-27 08:00:00,64.43,11.680656250000027,0.0
2015-03-27 09:00:00,63.56,12.192499999999995,0.0
2015-03-27 10:00:00,63.03,15.330343749999997,0.0
2015-03-27 11:00:00,62.21,16.498687500000017,0.0
2015-03-27 12:00:00,61.46,16.536,0.0
2015-03-27 13:00:00,63.23,18.081312500000024,0.0
2015-03-27 14:00:00,60.96,18.495656250000025,0.0
2015-03-27 15:00:00,61.13,17.37050000000005,0.0
2015-03-27 16:00:00,62.67,18.298000000000002,0.0
2015-03-27 17:00:00,64.33,17.686000000000035,0.0
2015-03-27 18:00:00,71.24,14.972000000000037,0.0
2015-03-27 19:00:00,73.14,15.060656250000022,0.0
2015-03-27 20:00:00,68.57,13.047312500000032,0.0
2015-03-27 21:00:00,62.16,12.221000000000004,0.0
2015-03-27 22:00:00,59.52,9.812000000000012,0.0
2015-03-27 23:00:00,59.79,8.590000000000032,0.0
2015-03-28 00:00:00,54.35,8.443500000000029,0.0
2015-03-28 01:00:00,50.77,6.8629999999999995,0.0
2015-03-28 02:00:00,48.12,6.358000000000004,0.0
2015-03-28 03:00:00,46.08,6.008500000000026,0.0
2015-03-28 04:00:00,46.54,5.451656250000042,0.0
2015-03-28 05:00:00,46.58,5.050343750000025,0.0
2015-03-28 06:00:00,48.86,10.136000000000024,0.0
2015-03-28 07:00:00,58.4,7.90565625000005,0.0
2015-03-28 08:00:00,61.86,11.162343750000048,0.0
2015-03-28 09:00:00,63.25,12.14100000000002,0.0
2015-03-28 10:00:00,61.09,16.15700000000004,0.0
2015-03-28 11:00:00,60.73,17.89500000000004,0.0
2015-03-28 12:00:00,59.65,18.077000000000112,0.0
2015-03-28 13:00:00,59.12,20.333687499999996,0.0
2015-03-28 14:00:00,51.19,21.0343125,0.0
2015-03-28 15:00:00,49.22,18.991000000000042,0.0
2015-03-28 16:00:00,49.8,20.606343750000008,0.0
2015-03-28 17:00:00,55.86,19.477656249999995,0.0
2015-03-28 18:00:00,65.21,16.311500000000024,0.0
2015-03-28 19:00:00,67.25,15.862000000000023,0.0
2015-03-28 20:00:00,64.36,13.375,0.0
2015-03-28 21:00:00,60.14,13.046500000000037,0.0
2015-03-28 22:00:00,56.95,9.840000000000032,0.0
2015-03-28 23:00:00,49.53,8.79200000000003,0.0
2015-03-29 00:00:00,48.1,8.76950000000005,0.0
2015-03-29 01:00:00,44.51,7.379656250000039,0.0
2015-03-29 02:00:00,44.17,7.0153437499999995,0.0
2015-03-29 03:00:00,43.2,6.242999999999995,0.0
2015-03-29 04:00:00,44.51,6.014687500000036,0.0
2015-03-29 05:00:00,43.76,5.37831250000005,0.0
2015-03-29 06:00:00,42.92,10.803500000000042,0.0
2015-03-29 07:00:00,48.78,8.146656250000035,0.0
2015-03-29 08:00:00,49.33,11.551312499999995,0.0
2015-03-29 09:00:00,47.43,12.071500000000015,0.0
2015-03-29 10:00:00,46.95,16.437687500000038,0.0
2015-03-29 11:00:00,44.16,17.919343749999996,0.0
2015-03-29 12:00:00,40.99,17.937000000000012,0.0
2015-03-29 13:00:00,29.23,19.906656250000026,0.0
2015-03-29 14:00:00,25.48,20.412343750000048,0.0
2015-03-29 15:00:00,25.89,20.53875000000005,0.0
2015-03-29 16:00:00,40.6,20.918000000000006,0.0
2015-03-29 17:00:00,47.4,18.117999999999995,0.0
2015-03-29 18:00:00,62.94,18.117999999999995,0.0
2015-03-29 19:00:00,68.95,11.128000000000043,0.0
2015-03-29 20:00:00,64.63,11.128000000000043,0.0
2015-03-29 21:00:00,54.58,9.57000000000005,0.0
2015-03-29 22:00:00,46.56,9.230000000000018,0.0
2015-03-29 23:00:00,41.77,8.07000000000005,0.0
2015-03-30 00:00:00,38.8,8.07000000000005,0.0
2015-03-30 01:00:00,37.85,8.07000000000005,0.0
2015-03-30 02:00:00,36.29,6.867999999999995,0.0
2015-03-30 03:00:00,37.3,0.0,0.0
2015-03-30 04:00:00,43.43,6.867999999999995,0.0
2015-03-30 05:00:00,58.83,5.079000000000065,0.0
2015-03-30 06:00:00,63.44,5.079000000000065,0.0
2015-03-30 07:00:00,63.24,5.079000000000065,0.0
2015-03-30 08:00:00,63.37,15.676000000000045,0.0
2015-03-30 09:00:00,63.3,15.676000000000045,0.0
2015-03-30 10:00:00,63.35,15.676000000000045,0.0
2015-03-30 11:00:00,63.34,0.0,0.0
2015-03-30 12:00:00,60.89,20.872000000000014,0.0
2015-03-30 13:00:00,53.15,20.872000000000014,0.0
2015-03-30 14:00:00,49.49,22.41900000000004,0.0
2015-03-30 15:00:00,48.89,21.613,0.0
2015-03-30 16:00:00,56.83,21.147000000000048,0.0
2015-03-30 17:00:00,67.64,20.17100000000005,0.0
2015-03-30 18:00:00,73.64,17.211000000000013,0.0
2015-03-30 19:00:00,69.59,16.896312500000022,0.0
2015-03-30 20:00:00,65.54,14.597687500000006,0.0
2015-03-30 21:00:00,61.11,14.189999999999998,0.0
2015-03-30 22:00:00,50.4,11.261000000000024,0.0
2015-03-30 23:00:00,42.18,10.223000000000013,0.0
2015-03-31 00:00:00,39.88,10.07650000000001,0.0
2015-03-31 01:00:00,40.36,8.74131250000005,0.0
2015-03-31 02:00:00,40.05,8.297656250000045,0.0
2015-03-31 03:00:00,44.61,7.7000000000000455,0.0
2015-03-31 04:00:00,52.28,7.307687500000043,0.0
2015-03-31 05:00:00,54.18,6.761343750000037,0.0
2015-03-31 06:00:00,66.02,12.127499999999998,0.0
2015-03-31 07:00:00,65.73,9.610343750000027,0.0
2015-03-31 08:00:00,65.79,13.005656250000015,0.0
2015-03-31 09:00:00,65.0,13.883000000000038,0.0
2015-03-31 10:00:00,62.56,18.11765625000004,0.0
2015-03-31 11:00:00,58.09,19.834343750000016,0.0
2015-03-31 12:00:00,58.26,19.809000000000026,0.0
2015-03-31 13:00:00,53.68,22.106343750000008,0.0
2015-03-31 14:00:00,51.7,22.661687500000028,0.0
2015-03-31 15:00:00,53.56,20.747000000000014,0.0
2015-03-31 16:00:00,56.96,22.12565625000002,0.0
2015-03-31 17:00:00,66.35,21.0343125,0.0
2015-03-31 18:00:00,69.85,17.624000000000024,0.0
2015-03-31 19:00:00,64.14,17.305656250000027,0.0
2015-03-31 20:00:00,60.33,14.66834375000002,0.0
2015-03-31 21:00:00,52.79,14.596500000000049,0.0
2015-03-31 22:00:00,37.28,11.104000000000042,0.0
2015-03-31 23:00:00,33.18,10.177000000000021,0.0
2015-04-01 00:00:00,32.12,9.926000000000045,0.0
2015-04-01 01:00:00,35.39,8.773687500000051,0.0
2015-04-01 02:00:00,27.82,8.297312500000032,0.0
2015-04-01 03:00:00,38.39,8.448000000000036,0.0
2015-04-01 04:00:00,40.02,7.7626562500000205,0.0
2015-04-01 05:00:00,38.74,7.704343750000021,0.0
2015-04-01 06:00:00,47.67,10.739000000000033,0.0
2015-04-01 07:00:00,49.8,9.649656250000021,0.0
2015-04-01 08:00:00,49.57,11.653343750000033,0.0
2015-04-01 09:00:00,49.88,13.107000000000028,0.0
2015-04-01 10:00:00,52.52,15.29400000000004,0.0
2015-04-01 11:00:00,52.97,16.93100000000004,0.0
2015-04-01 12:00:00,45.73,17.055499999999995,0.0
2015-04-01 13:00:00,42.12,19.196687499999996,0.0
2015-04-01 14:00:00,41.29,19.825343750000002,0.0
2015-04-01 15:00:00,41.21,18.489000000000033,0.0
2015-04-01 16:00:00,40.79,19.77265625000001,0.0
2015-04-01 17:00:00,45.41,19.09134375000002,0.0
2015-04-01 18:00:00,54.08,15.883500000000026,0.0
2015-04-01 19:00:00,54.03,16.044343749999996,0.0
2015-04-01 20:00:00,51.93,13.678687500000024,0.0
2015-04-01 21:00:00,40.64,13.439999999999998,0.0
2015-04-01 22:00:00,43.12,10.365312500000016,0.0
2015-04-01 23:00:00,39.66,9.41765625000005,0.0
2015-04-02 00:00:00,39.24,8.239500000000021,0.0
2015-04-02 01:00:00,39.83,7.368687500000021,0.0
2015-04-02 02:00:00,39.53,6.267312500000003,0.0
2015-04-02 03:00:00,43.04,5.579499999999996,0.0
2015-04-02 04:00:00,44.1,4.340312500000039,0.0
2015-04-02 05:00:00,48.71,3.5146875000000364,0.0
2015-04-02 06:00:00,56.05,8.671500000000037,0.0
2015-04-02 07:00:00,54.79,5.8516875000000255,0.0
2015-04-02 08:00:00,53.66,9.014343750000023,0.0
2015-04-02 09:00:00,54.71,10.64450000000005,0.0
2015-04-02 10:00:00,54.8,14.31800000000004,0.0
2015-04-02 11:00:00,55.07,16.459000000000117,0.0
2015-04-02 12:00:00,55.94,16.753000000000043,0.0
2015-04-02 13:00:00,54.37,19.509656250000035,0.0
2015-04-02 14:00:00,54.73,20.419343749999996,0.0
2015-04-02 15:00:00,55.11,18.920500000000004,0.0
2015-04-02 16:00:00,54.82,20.633000000000038,0.0
2015-04-02 17:00:00,53.83,19.937000000000012,0.0
2015-04-02 18:00:00,64.35,16.268500000000017,0.0
2015-04-02 19:00:00,69.09,16.56334375,0.0
2015-04-02 20:00:00,61.16,13.885687500000017,0.0
2015-04-02 21:00:00,52.74,13.676500000000033,0.0
2015-04-02 22:00:00,51.81,10.176000000000045,0.0
2015-04-02 23:00:00,50.68,9.14400000000012,0.0
2015-04-03 00:00:00,45.13,8.987500000000011,0.0
2015-04-03 01:00:00,48.52,7.663656250000031,0.0
2015-04-03 02:00:00,47.09,7.215312500000039,0.0
2015-04-03 03:00:00,45.05,6.87050000000005,0.0
2015-04-03 04:00:00,51.31,6.3876562500000205,0.0
2015-04-03 05:00:00,52.05,6.008312500000045,0.0
2015-04-03 06:00:00,55.52,10.357000000000028,0.0
2015-04-03 07:00:00,58.02,8.40165625000003,0.0
2015-04-03 08:00:00,59.28,11.174343750000048,0.0
2015-04-03 09:00:00,60.18,12.643500000000017,0.0
2015-04-03 10:00:00,59.98,15.850656250000043,0.0
2015-04-03 11:00:00,59.19,17.754312500000026,0.0
2015-04-03 12:00:00,60.88,17.609000000000037,0.0
2015-04-03 13:00:00,54.81,20.19568750000002,0.0
2015-04-03 14:00:00,54.58,20.733343750000017,0.0
2015-04-03 15:00:00,53.68,19.15300000000002,0.0
2015-04-03 16:00:00,53.86,20.396656250000035,0.0
2015-04-03 17:00:00,44.91,19.522343750000005,0.0
2015-04-03 18:00:00,50.59,17.39300000000003,0.0
2015-04-03 19:00:00,60.24,16.937000000000012,0.0
2015-04-03 20:00:00,54.46,15.225999999999999,0.0
2015-04-03 21:00:00,49.88,14.504000000000019,0.0
2015-04-03 22:00:00,54.48,12.463343750000035,0.0
2015-04-03 23:00:00,46.82,11.411687500000028,0.0
2015-04-04 00:00:00,38.66,10.926500000000033,0.0
2015-04-04 01:00:00,38.36,9.686000000000035,0.0
2015-04-04 02:00:00,37.55,9.012000000000114,0.0
2015-04-04 03:00:00,36.54,9.284000000000049,0.0
2015-04-04 04:00:00,37.25,8.294656250000003,0.0
2015-04-04 05:00:00,37.7,8.251343750000046,0.0
2015-04-04 06:00:00,43.25,10.68100000000004,0.0
2015-04-04 07:00:00,50.22,9.813343750000001,0.0
2015-04-04 08:00:00,49.49,11.418656250000026,0.0
2015-04-04 09:00:00,49.02,13.27600000000001,0.0
2015-04-04 10:00:00,42.65,14.797312500000032,0.0
2015-04-04 11:00:00,46.09,16.57068750000002,0.0
2015-04-04 12:00:00,43.4,16.620000000000005,0.0
2015-04-04 13:00:00,36.37,18.968000000000018,0.0
2015-04-04 14:00:00,34.8,19.59200000000004,0.0
2015-04-04 15:00:00,34.2,18.02900000000011,0.0
2015-04-04 16:00:00,30.45,19.382000000000005,0.0
2015-04-04 17:00:00,29.08,18.548000000000002,0.0
2015-04-04 18:00:00,39.73,14.77800000000002,0.0
2015-04-04 19:00:00,46.17,14.922656250000045,0.0
2015-04-04 20:00:00,40.67,12.131343750000042,0.0
2015-04-04 21:00:00,30.27,12.763500000000022,0.0
2015-04-04 22:00:00,44.24,8.831000000000017,0.0
2015-04-04 23:00:00,34.39,8.322000000000003,0.0
2015-04-05 00:00:00,29.73,8.319500000000005,0.0
2015-04-05 01:00:00,29.04,7.64165625000004,0.0
2015-04-05 02:00:00,30.18,7.4703437500000405,0.0
2015-04-05 03:00:00,30.74,6.217000000000041,0.0
2015-04-05 04:00:00,33.02,6.406343750000019,0.0
2015-04-05 05:00:00,31.36,5.513656249999997,0.0
2015-04-05 06:00:00,31.18,10.105500000000006,0.0
2015-04-05 07:00:00,38.93,7.384656250000035,0.0
2015-04-05 08:00:00,42.15,10.148343750000038,0.0
2015-04-05 09:00:00,43.48,12.164500000000032,0.0
2015-04-05 10:00:00,42.74,15.177343750000034,0.0
2015-04-05 11:00:00,38.63,17.442687500000034,0.0
2015-04-05 12:00:00,31.9,17.164500000000032,0.0
2015-04-05 13:00:00,27.45,20.277687500000013,0.0
2015-04-05 14:00:00,26.6,20.84734375000005,0.0
2015-04-05 15:00:00,32.33,19.448500000000024,0.0
2015-04-05 16:00:00,40.53,20.674343750000048,0.0
2015-04-05 17:00:00,45.05,19.931656250000003,0.0
2015-04-05 18:00:00,53.34,16.04000000000002,0.0
2015-04-05 19:00:00,61.65,16.347000000000037,0.0
2015-04-05 20:00:00,56.94,13.504999999999995,0.0
2015-04-05 21:00:00,52.91,13.816000000000031,0.0
2015-04-05 22:00:00,56.16,9.923000000000002,0.0
2015-04-05 23:00:00,52.51,9.18300000000005,0.0
2015-04-06 00:00:00,45.85,9.037000000000035,0.0
2015-04-06 01:00:00,47.06,8.099000000000046,0.0
2015-04-06 02:00:00,43.96,7.7549999999999955,0.0
2015-04-06 03:00:00,44.89,7.663499999999999,0.0
2015-04-06 04:00:00,49.86,7.235343750000027,0.0
2015-04-06 05:00:00,49.77,7.059656250000046,0.0
2015-04-06 06:00:00,56.92,10.254999999999995,0.0
2015-04-06 07:00:00,59.24,8.955656250000004,0.0
2015-04-06 08:00:00,57.3,11.02734375,0.0
2015-04-06 09:00:00,57.11,12.653500000000008,0.0
2015-04-06 10:00:00,57.51,14.873687500000017,0.0
2015-04-06 11:00:00,57.14,16.648343750000038,0.0
2015-04-06 12:00:00,54.18,16.422500000000014,0.0
2015-04-06 13:00:00,44.96,18.864000000000033,0.0
2015-04-06 14:00:00,44.17,19.305000000000007,0.0
2015-04-06 15:00:00,45.12,17.992999999999995,0.0
2015-04-06 16:00:00,47.13,19.018343750000042,0.0
2015-04-06 17:00:00,54.16,18.290687500000047,0.0
2015-04-06 18:00:00,57.23,16.465000000000032,0.0
2015-04-06 19:00:00,64.02,16.103312500000015,0.0
2015-04-06 20:00:00,60.91,14.64365625000005,0.0
2015-04-06 21:00:00,57.21,13.980500000000006,0.0
2015-04-06 22:00:00,55.23,12.255343750000009,0.0
2015-04-06 23:00:00,52.94,11.326656250000042,0.0
2015-04-07 00:00:00,50.71,10.422000000000025,0.0
2015-04-07 01:00:00,45.38,9.485343750000027,0.0
2015-04-07 02:00:00,46.04,8.572656250000023,0.0
2015-04-07 03:00:00,52.97,7.518500000000017,0.0
2015-04-07 04:00:00,56.85,6.65300000000002,0.0
2015-04-07 05:00:00,56.54,5.646000000000015,0.0
2015-04-07 06:00:00,64.07,9.267500000000041,0.0
2015-04-07 07:00:00,69.33,6.717687500000011,0.0
2015-04-07 08:00:00,71.98,8.796312499999999,0.0
2015-04-07 09:00:00,71.22,9.944500000000005,0.0
2015-04-07 10:00:00,64.57,12.33334375000004,0.0
2015-04-07 11:00:00,64.09,13.791687500000023,0.0
2015-04-07 12:00:00,58.74,13.584500000000048,0.0
2015-04-07 13:00:00,55.03,15.598000000000013,0.0
2015-04-07 14:00:00,52.27,15.946000000000026,0.0
2015-04-07 15:00:00,54.82,14.462500000000034,0.0
2015-04-07 16:00:00,55.67,15.42100000000005,0.0
2015-04-07 17:00:00,57.92,14.548000000000002,0.0
2015-04-07 18:00:00,63.63,12.830500000000029,0.0
2015-04-07 19:00:00,68.53,12.239000000000033,0.0
2015-04-07 20:00:00,58.82,10.802999999999997,0.0
2015-04-07 21:00:00,52.45,10.426500000000033,0.0
2015-04-07 22:00:00,52.03,8.637312500000007,0.0
2015-04-07 23:00:00,40.69,7.907687500000009,0.0
2015-04-08 00:00:00,39.18,7.563000000000045,0.0
2015-04-08 01:00:00,38.42,6.705000000000041,0.0
2015-04-08 02:00:00,37.88,6.232000000000028,0.0
2015-04-08 03:00:00,38.44,6.866000000000042,0.0
2015-04-08 04:00:00,41.04,6.024000000000058,0.0
2015-04-08 05:00:00,47.08,6.289000000000044,0.0
2015-04-08 06:00:00,53.98,7.97950000000003,0.0
2015-04-08 07:00:00,55.19,7.769343750000019,0.0
2015-04-08 08:00:00,56.46,8.984687500000007,0.0
2015-04-08 09:00:00,58.03,10.40100000000001,0.0
2015-04-08 10:00:00,58.73,11.549343750000048,0.0
2015-04-08 11:00:00,58.14,12.898687500000051,0.0
2015-04-08 12:00:00,56.91,12.10250000000002,0.0
2015-04-08 13:00:00,55.87,14.16700000000003,0.0
2015-04-08 14:00:00,54.52,14.086000000000013,0.0
2015-04-08 15:00:00,55.14,13.182000000000016,0.0
2015-04-08 16:00:00,57.3,13.375343750000013,0.0
2015-04-08 17:00:00,59.12,12.745656250000025,0.0
2015-04-08 18:00:00,64.47,12.462000000000046,0.0
2015-04-08 19:00:00,71.47,11.717000000000041,0.0
2015-04-08 20:00:00,67.08,11.31800000000004,0.0
2015-04-08 21:00:00,60.61,10.39450000000005,0.0
2015-04-08 22:00:00,59.76,10.170343750000029,0.0
2015-04-08 23:00:00,56.07,9.421656250000012,0.0
2015-04-09 00:00:00,51.78,8.463000000000022,0.0
2015-04-09 01:00:00,48.33,7.784312499999999,0.0
2015-04-09 02:00:00,48.25,6.895656250000002,0.0
2015-04-09 03:00:00,50.56,6.934500000000014,0.0
2015-04-09 04:00:00,58.8,5.73665625000001,0.0
2015-04-09 05:00:00,59.13,5.466343750000021,0.0
2015-04-09 06:00:00,65.31,6.5785000000000196,0.0
2015-04-09 07:00:00,68.85,5.84734375000005,0.0
2015-04-09 08:00:00,71.12,6.498687500000017,0.0
2015-04-09 09:00:00,70.67,6.898500000000013,0.0
2015-04-09 10:00:00,69.53,7.633656250000001,0.0
2015-04-09 11:00:00,69.41,8.117343750000032,0.0
2015-04-09 12:00:00,65.67,8.692000000000007,0.0
2015-04-09 13:00:00,62.52,9.145312500000045,0.0
2015-04-09 14:00:00,62.77,9.689656250000041,0.0
2015-04-09 15:00:00,62.93,10.01900000000012,0.0
2015-04-09 16:00:00,64.41,10.635000000000048,0.0
2015-04-09 17:00:00,67.65,11.036000000000001,0.0
2015-04-09 18:00:00,72.2,9.674000000000035,0.0
2015-04-09 19:00:00,74.66,10.662656249999998,0.0
2015-04-09 20:00:00,67.8,9.888343750000047,0.0
2015-04-09 21:00:00,62.13,9.924000000000035,0.0
2015-04-09 22:00:00,64.91,8.879656250000039,0.0
2015-04-09 23:00:00,57.98,8.645312500000045,0.0
2015-04-10 00:00:00,53.23,8.508000000000038,0.0
2015-04-10 01:00:00,53.14,8.24131250000005,0.0
2015-04-10 02:00:00,53.09,8.071687499999996,0.0
2015-04-10 03:00:00,53.03,7.80800000000005,0.0
2015-04-10 04:00:00,66.18,7.669656250000003,0.0
2015-04-10 05:00:00,67.76,7.437343750000025,0.0
2015-04-10 06:00:00,72.21,8.290500000000009,0.0
2015-04-10 07:00:00,70.97,7.69634375000004,0.0
2015-04-10 08:00:00,72.51,8.187687500000038,0.0
2015-04-10 09:00:00,73.14,10.247000000000014,0.0
2015-04-10 10:00:00,73.04,10.215656249999995,0.0
2015-04-10 11:00:00,72.53,11.752343750000023,0.0
2015-04-10 12:00:00,71.31,12.100999999999999,0.0
2015-04-10 13:00:00,68.79,14.033656250000035,0.0
2015-04-10 14:00:00,67.97,14.778343750000033,0.0
2015-04-10 15:00:00,69.46,13.700500000000034,0.0
2015-04-10 16:00:00,70.29,15.052656250000041,0.0
2015-04-10 17:00:00,70.05,14.582343750000007,0.0
2015-04-10 18:00:00,71.85,11.992500000000007,0.0
2015-04-10 19:00:00,76.06,12.228656250000029,0.0
2015-04-10 20:00:00,72.89,10.34534375000004,0.0
2015-04-10 21:00:00,70.87,10.081500000000005,0.0
2015-04-10 22:00:00,62.78,7.658312500000022,0.0
2015-04-10 23:00:00,58.58,6.854656250000005,0.0
2015-04-11 00:00:00,54.5,7.569000000000017,0.0
2015-04-11 01:00:00,56.51,6.259343750000028,0.0
2015-04-11 02:00:00,55.26,6.467687500000011,0.0
2015-04-11 03:00:00,54.46,5.241000000000042,0.0
2015-04-11 04:00:00,55.62,5.927656250000041,0.0
2015-04-11 05:00:00,57.27,5.179343750000044,0.0
2015-04-11 06:00:00,60.34,10.212500000000034,0.0
2015-04-11 07:00:00,62.79,7.537000000000035,0.0
2015-04-11 08:00:00,67.75,10.643000000000029,0.0
2015-04-11 09:00:00,67.11,11.212500000000034,0.0
2015-04-11 10:00:00,64.85,15.164000000000044,0.0
2015-04-11 11:00:00,64.06,16.57900000000012,0.0
2015-04-11 12:00:00,63.68,15.099500000000035,0.0
2015-04-11 13:00:00,60.91,17.479343749999998,0.0
2015-04-11 14:00:00,56.35,16.96465625000002,0.0
2015-04-11 15:00:00,54.38,16.811500000000024,0.0
2015-04-11 16:00:00,54.93,16.176312499999995,0.0
2015-04-11 17:00:00,54.93,15.902687500000013,0.0
2015-04-11 18:00:00,62.68,14.227000000000032,0.0
2015-04-11 19:00:00,68.22,14.420687500000042,0.0
2015-04-11 20:00:00,67.73,13.212343750000002,0.0
2015-04-11 21:00:00,63.59,12.557000000000016,0.0
2015-04-11 22:00:00,63.79,11.16434375,0.0
2015-04-11 23:00:00,55.03,10.324656250000032,0.0
2015-04-12 00:00:00,52.14,10.08850000000001,0.0
2015-04-12 01:00:00,52.16,9.047656250000045,0.0
2015-04-12 02:00:00,47.52,8.610343750000027,0.0
2015-04-12 03:00:00,47.1,8.038499999999999,0.0
2015-04-12 04:00:00,47.44,7.646000000000015,0.0
2015-04-12 05:00:00,46.2,7.119000000000028,0.0
2015-04-12 06:00:00,44.43,11.555000000000007,0.0
2015-04-12 07:00:00,46.78,9.373687500000017,0.0
2015-04-12 08:00:00,49.43,12.155343750000043,0.0
2015-04-12 09:00:00,46.1,12.468500000000006,0.0
2015-04-12 10:00:00,42.98,16.073000000000036,0.0
2015-04-12 11:00:00,44.19,17.209000000000117,0.0
2015-04-12 12:00:00,41.6,17.236000000000047,0.0
2015-04-12 13:00:00,36.38,18.741656250000005,0.0
2015-04-12 14:00:00,29.87,19.138343750000047,0.0
2015-04-12 15:00:00,32.2,18.089000000000112,0.0
2015-04-12 16:00:00,39.82,18.96768750000001,0.0
2015-04-12 17:00:00,44.14,18.40031250000004,0.0
2015-04-12 18:00:00,54.4,16.551000000000045,0.0
2015-04-12 19:00:00,66.71,16.411,0.0
2015-04-12 20:00:00,62.81,14.989000000000033,0.0
2015-04-12 21:00:00,57.72,14.287000000000035,0.0
2015-04-12 22:00:00,52.23,12.625,0.0
2015-04-12 23:00:00,47.1,11.68300000000005,0.0
2015-04-13 00:00:00,45.45,11.895000000000039,0.0
2015-04-13 01:00:00,43.36,10.568312500000047,0.0
2015-04-13 02:00:00,43.19,10.395656250000002,0.0
2015-04-13 03:00:00,47.82,9.398000000000025,0.0
2015-04-13 04:00:00,54.76,9.500343750000013,0.0
2015-04-13 05:00:00,61.54,8.777687500000013,0.0
2015-04-13 06:00:00,68.55,12.159500000000037,0.0
2015-04-13 07:00:00,70.7,10.068656250000004,0.0
2015-04-13 08:00:00,68.46,12.082343750000007,0.0
2015-04-13 09:00:00,66.45,14.020000000000039,0.0
2015-04-13 10:00:00,63.02,16.059000000000026,0.0
2015-04-13 11:00:00,62.03,18.022000000000048,0.0
2015-04-13 12:00:00,60.27,17.2115,0.0
2015-04-13 13:00:00,55.88,20.099000000000046,0.0
2015-04-13 14:00:00,55.14,20.213000000000022,0.0
2015-04-13 15:00:00,59.11,19.653500000000008,0.0
2015-04-13 16:00:00,61.75,19.99200000000002,0.0
2015-04-13 17:00:00,64.98,19.65700000000004,0.0
2015-04-13 18:00:00,68.67,17.847000000000037,0.0
2015-04-13 19:00:00,72.5,18.003656250000006,0.0
2015-04-13 20:00:00,67.97,16.68531250000001,0.0
2015-04-13 21:00:00,59.93,15.813000000000045,0.0
2015-04-13 22:00:00,52.0,14.346000000000004,0.0
2015-04-13 23:00:00,46.43,13.325000000000045,0.0
2015-04-14 00:00:00,44.67,12.806500000000028,0.0
2015-04-14 01:00:00,38.9,11.617999999999995,0.0
2015-04-14 02:00:00,38.18,10.932000000000016,0.0
2015-04-14 03:00:00,40.3,11.219500000000039,0.0
2015-04-14 04:00:00,46.07,10.209000000000117,0.0
2015-04-14 05:00:00,56.23,10.172000000000025,0.0
2015-04-14 06:00:00,61.92,13.88050000000004,0.0
2015-04-14 07:00:00,63.9,12.595000000000027,0.0
2015-04-14 08:00:00,64.57,15.055000000000007,0.0
2015-04-14 09:00:00,64.4,15.57650000000001,0.0
2015-04-14 10:00:00,59.64,18.682687500000043,0.0
2015-04-14 11:00:00,58.3,19.850343750000036,0.0
2015-04-14 12:00:00,57.74,20.39300000000003,0.0
2015-04-14 13:00:00,52.27,21.76900000000012,0.0
2015-04-14 14:00:00,51.27,22.52000000000004,0.0
2015-04-14 15:00:00,53.43,21.24000000000001,0.0
2015-04-14 16:00:00,54.98,22.668000000000006,0.0
2015-04-14 17:00:00,59.18,22.064999999999998,0.0
2015-04-14 18:00:00,62.25,20.414500000000032,0.0
2015-04-14 19:00:00,67.78,20.160656250000045,0.0
2015-04-14 20:00:00,63.04,18.85934375000005,0.0
2015-04-14 21:00:00,56.72,18.22950000000003,0.0
2015-04-14 22:00:00,52.96,16.70434375000002,0.0
2015-04-14 23:00:00,48.99,15.850656250000043,0.0
2015-04-15 00:00:00,45.23,14.973000000000013,0.0
2015-04-15 01:00:00,41.6,14.127343750000023,0.0
2015-04-15 02:00:00,41.75,13.257656250000025,0.0
2015-04-15 03:00:00,44.06,12.653500000000008,0.0
2015-04-15 04:00:00,50.49,11.695343750000006,0.0
2015-04-15 05:00:00,56.49,11.002687500000036,0.0
2015-04-15 06:00:00,62.96,12.767500000000041,0.0
2015-04-15 07:00:00,64.1,11.255656250000015,0.0
2015-04-15 08:00:00,67.43,12.201312500000029,0.0
2015-04-15 09:00:00,68.0,12.525500000000022,0.0
2015-04-15 10:00:00,68.04,13.67834375000001,0.0
2015-04-15 11:00:00,68.29,14.20968750000003,0.0
2015-04-15 12:00:00,65.86,15.376500000000021,0.0
2015-04-15 13:00:00,62.66,15.696000000000026,0.0
2015-04-15 14:00:00,63.08,16.65100000000001,0.0
2015-04-15 15:00:00,64.44,13.927000000000021,0.0
2015-04-15 16:00:00,64.18,16.108343750000017,0.0
2015-04-15 17:00:00,65.54,14.61068750000004,0.0
2015-04-15 18:00:00,71.29,14.179500000000019,0.0
2015-04-15 19:00:00,77.57,12.326312500000029,0.0
2015-04-15 20:00:00,71.6,11.539656250000007,0.0
2015-04-15 21:00:00,64.74,11.744500000000016,0.0
2015-04-15 22:00:00,65.82,10.627343750000023,0.0
2015-04-15 23:00:00,61.88,10.501687500000003,0.0
2015-04-16 00:00:00,55.28,9.506500000000017,0.0
2015-04-16 01:00:00,55.77,9.670687500000042,0.0
2015-04-16 02:00:00,53.36,8.965312500000039,0.0
2015-04-16 03:00:00,53.6,9.128000000000043,0.0
2015-04-16 04:00:00,60.82,8.133312500000045,0.0
2015-04-16 05:00:00,63.77,8.006687499999998,0.0
2015-04-16 06:00:00,66.56,9.573500000000024,0.0
2015-04-16 07:00:00,67.55,8.882312500000012,0.0
2015-04-16 08:00:00,68.01,9.884656250000035,0.0
2015-04-16 09:00:00,68.49,10.942000000000007,0.0
2015-04-16 10:00:00,68.91,11.926000000000045,0.0
2015-04-16 11:00:00,66.49,12.965000000000032,0.0
2015-04-16 12:00:00,63.34,13.771500000000003,0.0
2015-04-16 13:00:00,59.1,14.888000000000034,0.0
2015-04-16 14:00:00,56.56,15.772000000000048,0.0
2015-04-16 15:00:00,56.47,14.811000000000035,0.0
2015-04-16 16:00:00,56.85,16.310000000000002,0.0
2015-04-16 17:00:00,60.83,15.964000000000112,0.0
2015-04-16 18:00:00,67.23,15.054500000000019,0.0
2015-04-16 19:00:00,70.61,14.896312500000022,0.0
2015-04-16 20:00:00,65.22,14.174687500000005,0.0
2015-04-16 21:00:00,59.65,13.42900000000003,0.0
2015-04-16 22:00:00,65.28,12.715312500000039,0.0
2015-04-16 23:00:00,56.93,11.977656249999995,0.0
2015-04-17 00:00:00,54.25,11.949000000000012,0.0
2015-04-17 01:00:00,53.63,10.975000000000023,0.0
2015-04-17 02:00:00,52.4,10.710000000000036,0.0
2015-04-17 03:00:00,53.68,10.533000000000015,0.0
2015-04-17 04:00:00,64.86,10.238687500000026,0.0
2015-04-17 05:00:00,68.56,10.032343749999995,0.0
2015-04-17 06:00:00,71.32,12.804500000000019,0.0
2015-04-17 07:00:00,72.66,11.605343750000031,0.0
2015-04-17 08:00:00,72.55,13.384656250000035,0.0
2015-04-17 09:00:00,73.13,14.010000000000048,0.0
2015-04-17 10:00:00,72.85,16.174000000000035,0.0
2015-04-17 11:00:00,72.98,17.184000000000026,0.0
2015-04-17 12:00:00,70.41,17.485500000000002,0.0
2015-04-17 13:00:00,68.83,18.731656250000015,0.0
2015-04-17 14:00:00,68.1,19.26934375000002,0.0
2015-04-17 15:00:00,69.11,18.262500000000045,0.0
2015-04-17 16:00:00,69.68,19.314999999999998,0.0
2015-04-17 17:00:00,71.83,18.823000000000036,0.0
2015-04-17 18:00:00,75.55,15.908000000000015,0.0
2015-04-17 19:00:00,80.34,16.223656250000033,0.0
2015-04-17 20:00:00,75.49,14.11631250000005,0.0
2015-04-17 21:00:00,70.98,14.751000000000033,0.0
2015-04-17 22:00:00,66.33,11.729656250000005,0.0
2015-04-17 23:00:00,62.64,11.450343750000002,0.0
2015-04-18 00:00:00,59.61,9.706500000000005,0.0
2015-04-18 01:00:00,59.71,9.915343750000034,0.0
2015-04-18 02:00:00,61.86,8.659656250000012,0.0
2015-04-18 03:00:00,59.79,9.460000000000036,0.0
2015-04-18 04:00:00,61.27,7.519000000000062,0.0
2015-04-18 05:00:00,59.66,7.6340000000000146,0.0
2015-04-18 06:00:00,63.96,9.70350000000002,0.0
2015-04-18 07:00:00,66.62,9.16700000000003,0.0
2015-04-18 08:00:00,66.92,10.585000000000036,0.0
2015-04-18 09:00:00,66.03,12.424000000000035,0.0
2015-04-18 10:00:00,62.21,13.701656250000042,0.0
2015-04-18 11:00:00,59.03,15.400312500000041,0.0
2015-04-18 12:00:00,53.38,14.775500000000022,0.0
2015-04-18 13:00:00,46.76,17.248687500000017,0.0
2015-04-18 14:00:00,44.63,17.398343750000038,0.0
2015-04-18 15:00:00,44.44,15.95700000000005,0.0
2015-04-18 16:00:00,46.33,16.637000000000114,0.0
2015-04-18 17:00:00,50.81,15.725999999999999,0.0
2015-04-18 18:00:00,62.49,14.230999999999995,0.0
2015-04-18 19:00:00,68.51,13.514687500000036,0.0
2015-04-18 20:00:00,66.88,12.214312500000005,0.0
2015-04-18 21:00:00,59.84,11.349500000000035,0.0
2015-04-18 22:00:00,61.06,9.90400000000011,0.0
2015-04-18 23:00:00,48.24,8.89400000000012,0.0
2015-04-19 00:00:00,46.94,7.157000000000039,0.0
2015-04-19 01:00:00,47.72,6.389343750000023,0.0
2015-04-19 02:00:00,45.39,4.894687500000032,0.0
2015-04-19 03:00:00,44.46,4.934500000000014,0.0
2015-04-19 04:00:00,45.62,2.9283437500000105,0.0
2015-04-19 05:00:00,43.69,2.4566562500000373,0.0
2015-04-19 06:00:00,45.81,7.62050000000005,0.0
2015-04-19 07:00:00,47.75,5.2703125000000455,0.0
2015-04-19 08:00:00,52.04,8.555656250000027,0.0
2015-04-19 09:00:00,53.29,8.571500000000015,0.0
2015-04-19 10:00:00,53.71,12.946687499999996,0.0
2015-04-19 11:00:00,55.35,14.052343750000034,0.0
2015-04-19 12:00:00,53.5,14.1875,0.0
2015-04-19 13:00:00,47.16,15.616656250000005,0.0
2015-04-19 14:00:00,46.75,16.075343750000002,0.0
2015-04-19 15:00:00,48.04,15.367000000000019,0.0
2015-04-19 16:00:00,51.52,16.21465625000002,0.0
2015-04-19 17:00:00,56.58,15.895312500000045,0.0
2015-04-19 18:00:00,71.09,13.126000000000033,0.0
2015-04-19 19:00:00,80.35,13.623343750000004,0.0
2015-04-19 20:00:00,78.57,11.670687500000042,0.0
2015-04-19 21:00:00,71.36,10.480999999999995,0.0
2015-04-19 22:00:00,68.55,8.274000000000058,0.0
2015-04-19 23:00:00,62.65,6.830000000000041,0.0
2015-04-20 00:00:00,58.53,7.09050000000002,0.0
2015-04-20 01:00:00,57.86,5.078343750000045,0.0
2015-04-20 02:00:00,59.24,4.770656250000002,0.0
2015-04-20 03:00:00,61.79,4.657500000000027,0.0
2015-04-20 04:00:00,67.21,4.285000000000025,0.0
2015-04-20 05:00:00,68.93,4.107000000000028,0.0
2015-04-20 06:00:00,72.92,10.1755,0.0
2015-04-20 07:00:00,75.37,7.915343750000034,0.0
2015-04-20 08:00:00,75.03,11.90165625000003,0.0
2015-04-20 09:00:00,75.1,11.607000000000028,0.0
2015-04-20 10:00:00,74.77,17.020312500000045,0.0
2015-04-20 11:00:00,73.67,18.152687500000013,0.0
2015-04-20 12:00:00,71.85,18.311000000000035,0.0
2015-04-20 13:00:00,66.48,19.76800000000003,0.0
2015-04-20 14:00:00,65.28,20.251000000000033,0.0
2015-04-20 15:00:00,65.67,19.296500000000037,0.0
2015-04-20 16:00:00,61.67,20.25865625,0.0
2015-04-20 17:00:00,63.21,19.783312500000022,0.0
2015-04-20 18:00:00,68.99,16.555499999999995,0.0
2015-04-20 19:00:00,72.11,16.99768750000004,0.0
2015-04-20 20:00:00,67.54,14.687343750000025,0.0
2015-04-20 21:00:00,55.67,16.05450000000002,0.0
2015-04-20 22:00:00,55.28,12.518343750000042,0.0
2015-04-20 23:00:00,53.92,12.659656250000012,0.0
2015-04-21 00:00:00,51.3,12.029500000000041,0.0
2015-04-21 01:00:00,50.53,12.427999999999997,0.0
2015-04-21 02:00:00,52.2,12.055000000000007,0.0
2015-04-21 03:00:00,52.5,11.41900000000004,0.0
2015-04-21 04:00:00,54.89,11.133656250000001,0.0
2015-04-21 05:00:00,62.66,10.585312500000043,0.0
2015-04-21 06:00:00,69.37,13.405500000000018,0.0
2015-04-21 07:00:00,70.56,11.73434375000005,0.0
2015-04-21 08:00:00,71.21,13.431656250000003,0.0
2015-04-21 09:00:00,71.03,14.128500000000031,0.0
2015-04-21 10:00:00,69.8,16.1593125,0.0
2015-04-21 11:00:00,67.92,17.18965625000004,0.0
2015-04-21 12:00:00,63.57,18.220000000000027,0.0
2015-04-21 13:00:00,53.87,19.025000000000034,0.0
2015-04-21 14:00:00,53.26,19.83000000000004,0.0
2015-04-21 15:00:00,54.75,19.386000000000024,0.0
2015-04-21 16:00:00,54.17,19.164000000000044,0.0
2015-04-21 17:00:00,55.67,18.498000000000047,0.0
2015-04-21 18:00:00,65.08,17.751250000000027,0.0
2015-04-21 19:00:00,72.02,17.502343750000023,0.0
2015-04-21 20:00:00,66.04,16.506687499999998,0.0
2015-04-21 21:00:00,56.44,15.511000000000024,0.0
2015-04-21 22:00:00,54.49,14.705000000000041,0.0
2015-04-21 23:00:00,49.93,13.899000000000115,0.0
2015-04-22 00:00:00,45.19,13.899000000000115,0.0
2015-04-22 01:00:00,45.34,13.899000000000115,0.0
2015-04-22 02:00:00,46.11,11.022000000000048,0.0
2015-04-22 03:00:00,49.76,10.467343749999998,0.0
2015-04-22 04:00:00,55.5,10.301000000000045,0.0
2015-04-22 05:00:00,62.56,9.358000000000004,0.0
2015-04-22 06:00:00,68.45,9.358000000000004,0.0
2015-04-22 07:00:00,69.17,9.358000000000004,0.0
2015-04-22 08:00:00,70.21,15.119000000000028,0.0
2015-04-22 09:00:00,71.14,16.174343750000048,0.0
2015-04-22 10:00:00,70.69,16.581000000000017,0.0
2015-04-22 11:00:00,70.0,18.285000000000025,0.0
2015-04-22 12:00:00,64.05,18.285000000000025,0.0
2015-04-22 13:00:00,59.22,18.285000000000025,0.0
2015-04-22 14:00:00,57.37,18.410000000000025,0.0
2015-04-22 15:00:00,61.76,18.276343750000024,0.0
2015-04-22 16:00:00,63.18,18.209500000000048,0.0
2015-04-22 17:00:00,63.25,18.009000000000015,0.0
2015-04-22 18:00:00,71.03,18.009000000000015,0.0
2015-04-22 19:00:00,78.01,18.009000000000015,0.0
2015-04-22 20:00:00,71.74,15.267500000000041,0.0
2015-04-22 21:00:00,68.39,12.52600000000001,0.0
2015-04-22 22:00:00,70.17,10.088000000000022,0.0
2015-04-22 23:00:00,67.51,7.650000000000034,0.0
2015-04-23 00:00:00,63.48,7.650000000000034,0.0
2015-04-23 01:00:00,65.51,7.650000000000034,0.0
2015-04-23 02:00:00,65.3,5.202000000000055,0.0
2015-04-23 03:00:00,65.02,4.7415000000000305,0.0
2015-04-23 04:00:00,68.49,4.281000000000006,0.0
2015-04-23 05:00:00,71.8,4.910500000000013,0.0
2015-04-23 06:00:00,75.98,4.281000000000006,0.0
2015-04-23 07:00:00,77.11,4.281000000000006,0.0
2015-04-23 08:00:00,78.33,15.843000000000018,0.0
2015-04-23 09:00:00,78.52,17.261656250000044,0.0
2015-04-23 10:00:00,78.43,18.490499999999997,0.0
2015-04-23 11:00:00,77.53,20.099000000000046,0.0
2015-04-23 12:00:00,75.74,20.099000000000046,0.0
2015-04-23 13:00:00,71.68,20.099000000000046,0.0
2015-04-23 14:00:00,71.38,22.593000000000018,0.0
2015-04-23 15:00:00,71.82,22.071000000000026,0.0
2015-04-23 16:00:00,72.94,21.810000000000002,0.0
2015-04-23 17:00:00,75.62,21.027000000000044,0.0
2015-04-23 18:00:00,79.04,21.027000000000044,0.0
2015-04-23 19:00:00,82.57,21.027000000000044,0.0
2015-04-23 20:00:00,77.04,17.158500000000004,0.0
2015-04-23 21:00:00,72.01,13.29000000000002,0.0
2015-04-23 22:00:00,70.39,11.102000000000032,0.0
2015-04-23 23:00:00,68.87,8.914000000000044,0.0
2015-04-24 00:00:00,67.0,8.914000000000044,0.0
2015-04-24 01:00:00,66.93,8.914000000000044,0.0
2015-04-24 02:00:00,64.97,7.102000000000032,0.0
2015-04-24 03:00:00,66.4,7.2379999999999995,0.0
2015-04-24 04:00:00,68.96,7.244000000000028,0.0
2015-04-24 05:00:00,70.71,7.510000000000048,0.0
2015-04-24 06:00:00,74.2,7.510000000000048,0.0
2015-04-24 07:00:00,74.66,7.510000000000048,0.0
2015-04-24 08:00:00,76.39,17.753000000000043,0.0
2015-04-24 09:00:00,76.17,19.01934375000002,0.0
2015-04-24 10:00:00,76.0,20.036,0.0
2015-04-24 11:00:00,74.31,21.55200000000002,0.0
2015-04-24 12:00:00,72.06,21.688500000000033,0.0
2015-04-24 13:00:00,66.96,21.914000000000044,0.0
2015-04-24 14:00:00,65.17,22.00600000000003,0.0
2015-04-24 15:00:00,65.71,22.098000000000013,0.0
2015-04-24 16:00:00,64.97,20.637500000000045,0.0
2015-04-24 17:00:00,65.21,19.17700000000002,0.0
2015-04-24 18:00:00,67.89,19.17700000000002,0.0
2015-04-24 19:00:00,74.05,19.17700000000002,0.0
2015-04-24 20:00:00,67.24,17.95150000000001,0.0
2015-04-24 21:00:00,61.3,16.726,0.0
2015-04-24 22:00:00,67.87,15.289000000000044,0.0
2015-04-24 23:00:00,57.79,13.852000000000032,0.0
2015-04-25 00:00:00,51.5,13.852000000000032,0.0
2015-04-25 01:00:00,51.91,13.852000000000032,0.0
2015-04-25 02:00:00,48.7,10.534000000000049,0.0
2015-04-25 03:00:00,48.28,9.348000000000013,0.0
2015-04-25 04:00:00,52.2,8.162000000000035,0.0
2015-04-25 05:00:00,51.98,9.855999999999995,0.0
2015-04-25 06:00:00,56.74,8.162000000000035,0.0
2015-04-25 07:00:00,62.42,8.162000000000035,0.0
2015-04-25 08:00:00,63.5,15.052999999999997,0.0
2015-04-25 09:00:00,65.48,16.259343750000028,0.0
2015-04-25 10:00:00,63.98,16.645500000000027,0.0
2015-04-25 11:00:00,65.16,18.672000000000025,0.0
2015-04-25 12:00:00,64.2,18.672000000000025,0.0
2015-04-25 13:00:00,56.43,18.672000000000025,0.0
2015-04-25 14:00:00,54.35,18.223000000000013,0.0
2015-04-25 15:00:00,54.86,17.584000000000117,0.0
2015-04-25 16:00:00,57.12,17.264499999999998,0.0
2015-04-25 17:00:00,62.0,16.30600000000004,0.0
2015-04-25 18:00:00,67.16,16.30600000000004,0.0
2015-04-25 19:00:00,73.17,16.30600000000004,0.0
2015-04-25 20:00:00,69.88,14.971500000000049,0.0
2015-04-25 21:00:00,62.64,13.637000000000114,0.0
2015-04-25 22:00:00,52.84,12.462500000000034,0.0
2015-04-25 23:00:00,45.73,11.288000000000011,0.0
2015-04-26 00:00:00,42.73,11.288000000000011,0.0
2015-04-26 01:00:00,44.96,11.288000000000011,0.0
2015-04-26 02:00:00,42.09,11.159000000000049,0.0
2015-04-26 03:00:00,42.0,11.433500000000038,0.0
2015-04-26 04:00:00,44.48,11.708000000000027,0.0
2015-04-26 05:00:00,41.15,11.604000000000042,0.0
2015-04-26 06:00:00,46.4,11.708000000000027,0.0
2015-04-26 07:00:00,50.31,11.708000000000027,0.0
2015-04-26 08:00:00,55.36,12.147000000000048,0.0
2015-04-26 09:00:00,55.33,12.093000000000018,0.0
2015-04-26 10:00:00,58.99,11.892500000000041,0.0
2015-04-26 11:00:00,64.14,11.985000000000014,0.0
2015-04-26 12:00:00,57.98,11.985000000000014,0.0
2015-04-26 13:00:00,46.07,11.985000000000014,0.0
2015-04-26 14:00:00,38.0,12.853000000000009,0.0
2015-04-26 15:00:00,40.42,11.835000000000036,0.0
2015-04-26 16:00:00,43.36,11.326000000000022,0.0
2015-04-26 17:00:00,47.56,9.799000000000035,0.0
2015-04-26 18:00:00,52.15,9.799000000000035,0.0
2015-04-26 19:00:00,71.6,9.799000000000035,0.0
2015-04-26 20:00:00,67.98,9.173500000000047,0.0
2015-04-26 21:00:00,52.82,8.548000000000002,0.0
2015-04-26 22:00:00,50.36,7.971500000000049,0.0
2015-04-26 23:00:00,46.34,7.395000000000039,0.0
2015-04-27 00:00:00,41.6,7.395000000000039,0.0
2015-04-27 01:00:00,42.68,7.395000000000039,0.0
2015-04-27 02:00:00,42.73,5.744000000000028,0.0
2015-04-27 03:00:00,44.32,5.5673437500000205,0.0
2015-04-27 04:00:00,49.99,5.871500000000026,0.0
2015-04-27 05:00:00,54.21,5.2140000000000555,0.0
2015-04-27 06:00:00,61.16,5.2140000000000555,0.0
2015-04-27 07:00:00,61.69,5.2140000000000555,0.0
2015-04-27 08:00:00,62.11,8.46750000000003,0.0
2015-04-27 09:00:00,62.84,9.622000000000014,0.0
2015-04-27 10:00:00,64.17,12.875500000000045,0.0
2015-04-27 11:00:00,64.15,14.03000000000003,0.0
2015-04-27 12:00:00,59.91,14.03000000000003,0.0
2015-04-27 13:00:00,54.55,14.03000000000003,0.0
2015-04-27 14:00:00,52.81,14.023000000000025,0.0
2015-04-27 15:00:00,55.92,14.01600000000002,0.0
2015-04-27 16:00:00,57.61,14.180656250000027,0.0
2015-04-27 17:00:00,59.71,14.34534375000004,0.0
2015-04-27 18:00:00,63.03,11.361750000000029,0.0
2015-04-27 19:00:00,71.32,10.477000000000032,0.0
2015-04-27 20:00:00,67.31,10.477000000000032,0.0
2015-04-27 21:00:00,62.29,10.477000000000032,0.0
2015-04-27 22:00:00,61.58,10.477000000000032,0.0
2015-04-27 23:00:00,52.55,9.369500000000016,0.0
2015-04-28 00:00:00,50.68,8.262000000000057,0.0
2015-04-28 01:00:00,50.49,7.121500000000026,0.0
2015-04-28 02:00:00,49.77,5.9809999999999945,0.0
2015-04-28 03:00:00,51.59,5.9809999999999945,0.0
2015-04-28 04:00:00,61.25,5.9809999999999945,0.0
2015-04-28 05:00:00,66.59,4.492000000000019,0.0
2015-04-28 06:00:00,70.95,7.421000000000049,0.0
2015-04-28 07:00:00,73.05,9.223500000000001,0.0
2015-04-28 08:00:00,71.92,13.27900000000011,0.0
2015-04-28 09:00:00,73.69,13.27900000000011,0.0
2015-04-28 10:00:00,73.94,13.27900000000011,0.0
2015-04-28 11:00:00,74.4,16.129999999999995,0.0
2015-04-28 12:00:00,74.21,16.518343750000042,0.0
2015-04-28 13:00:00,74.03,16.915999999999997,0.0
2015-04-28 14:00:00,71.56,17.295000000000016,0.0
2015-04-28 15:00:00,72.52,17.831000000000017,0.0
2015-04-28 16:00:00,74.6,18.36700000000002,0.0
2015-04-28 17:00:00,76.26,17.214000000000112,0.0
2015-04-28 18:00:00,76.91,17.214000000000112,0.0
2015-04-28 19:00:00,82.52,17.214000000000112,0.0
2015-04-28 20:00:00,75.67,13.774000000000115,0.0
2015-04-28 21:00:00,72.89,13.14034375,0.0
2015-04-28 22:00:00,70.98,12.506687499999998,0.0
2015-04-28 23:00:00,69.47,11.873000000000047,0.0
2015-04-29 00:00:00,68.04,11.873000000000047,0.0
2015-04-29 01:00:00,65.71,11.873000000000047,0.0
2015-04-29 02:00:00,64.01,10.349000000000046,0.0
2015-04-29 03:00:00,65.64,9.37565625000002,0.0
2015-04-29 04:00:00,69.22,9.682000000000016,0.0
2015-04-29 05:00:00,69.07,7.4290000000000305,0.0
2015-04-29 06:00:00,73.94,7.4290000000000305,0.0
2015-04-29 07:00:00,76.08,7.4290000000000305,0.0
2015-04-29 08:00:00,74.14,14.952000000000112,0.0
2015-04-29 09:00:00,75.03,16.183343750000006,0.0
2015-04-29 10:00:00,74.06,17.077500000000043,0.0
2015-04-29 11:00:00,74.15,18.646000000000015,0.0
2015-04-29 12:00:00,71.52,18.646000000000015,0.0
2015-04-29 13:00:00,69.47,18.646000000000015,0.0
2015-04-29 14:00:00,67.04,19.660500000000013,0.0
2015-04-29 15:00:00,69.08,20.67500000000001,0.0
2015-04-29 16:00:00,68.53,20.26750000000004,0.0
2015-04-29 17:00:00,69.85,19.860000000000014,0.0
2015-04-29 18:00:00,74.56,18.174687500000005,0.0
2015-04-29 19:00:00,79.71,17.33200000000005,0.0
2015-04-29 20:00:00,76.44,14.80400000000003,0.0
2015-04-29 21:00:00,71.49,14.80400000000003,0.0
2015-04-29 22:00:00,67.58,14.80400000000003,0.0
2015-04-29 23:00:00,67.27,12.820500000000038,0.0
2015-04-30 00:00:00,64.88,10.837000000000046,0.0
2015-04-30 01:00:00,64.07,9.087500000000034,0.0
2015-04-30 02:00:00,62.79,7.338000000000022,0.0
2015-04-30 03:00:00,62.93,7.338000000000022,0.0
2015-04-30 04:00:00,65.95,7.338000000000022,0.0
2015-04-30 05:00:00,67.76,6.149000000000058,0.0
2015-04-30 06:00:00,71.27,6.149000000000058,0.0
2015-04-30 07:00:00,71.36,6.149000000000058,0.0
2015-04-30 08:00:00,70.8,16.521000000000015,0.0
2015-04-30 09:00:00,69.22,18.013000000000034,0.0
2015-04-30 10:00:00,70.21,18.55000000000001,0.0
2015-04-30 11:00:00,68.59,20.997000000000014,0.0
2015-04-30 12:00:00,64.12,20.997000000000014,0.0
2015-04-30 13:00:00,58.51,20.997000000000014,0.0
2015-04-30 14:00:00,57.82,21.69150000000002,0.0
2015-04-30 15:00:00,58.01,22.386000000000024,0.0
2015-04-30 16:00:00,57.86,22.05000000000001,0.0
2015-04-30 17:00:00,62.01,21.714000000000112,0.0
2015-04-30 18:00:00,67.88,20.373000000000047,0.0
2015-04-30 19:00:00,72.9,19.926000000000045,0.0
2015-04-30 20:00:00,67.65,18.138000000000034,0.0
2015-04-30 21:00:00,58.01,16.350000000000023,0.0
2015-04-30 22:00:00,56.22,15.461000000000013,0.0
2015-04-30 23:00:00,49.32,14.572000000000003,0.0
2015-05-01 00:00:00,49.79,14.572000000000003,0.0
2015-05-01 01:00:00,50.5,14.572000000000003,0.0
2015-05-01 02:00:00,46.78,12.42900000000003,0.0
2015-05-01 03:00:00,46.97,12.599343750000003,0.0
2015-05-01 04:00:00,48.52,11.884500000000003,0.0
2015-05-01 05:00:00,47.39,12.939999999999998,0.0
2015-05-01 06:00:00,48.05,12.939999999999998,0.0
2015-05-01 07:00:00,52.58,12.939999999999998,0.0
2015-05-01 08:00:00,51.6,17.906000000000006,0.0
2015-05-01 09:00:00,52.04,19.240312500000016,0.0
2015-05-01 10:00:00,52.58,20.086000000000013,0.0
2015-05-01 11:00:00,53.91,21.90900000000005,0.0
2015-05-01 12:00:00,49.91,21.90900000000005,0.0
2015-05-01 13:00:00,46.89,21.90900000000005,0.0
2015-05-01 14:00:00,47.11,21.476,0.0
2015-05-01 15:00:00,48.29,21.043000000000006,0.0
2015-05-01 16:00:00,59.97,20.889499999999998,0.0
2015-05-01 17:00:00,67.61,20.736000000000047,0.0
2015-05-01 18:00:00,69.78,20.736000000000047,0.0
2015-05-01 19:00:00,75.24,20.736000000000047,0.0
2015-05-01 20:00:00,73.71,18.883000000000038,0.0
2015-05-01 21:00:00,73.01,17.03000000000003,0.0
2015-05-01 22:00:00,63.84,15.826000000000022,0.0
2015-05-01 23:00:00,56.43,14.622000000000014,0.0
2015-05-02 00:00:00,53.77,14.622000000000014,0.0
2015-05-02 01:00:00,53.68,14.622000000000014,0.0
2015-05-02 02:00:00,54.01,12.441000000000031,0.0
2015-05-02 03:00:00,53.83,12.228000000000009,0.0
2015-05-02 04:00:00,54.68,12.015000000000043,0.0
2015-05-02 05:00:00,54.28,12.930499999999995,0.0
2015-05-02 06:00:00,58.44,12.015000000000043,0.0
2015-05-02 07:00:00,57.27,12.015000000000043,0.0
2015-05-02 08:00:00,59.09,19.793000000000006,0.0
2015-05-02 09:00:00,59.8,21.27800000000002,0.0
2015-05-02 10:00:00,58.05,22.161500000000046,0.0
2015-05-02 11:00:00,57.73,24.248000000000047,0.0
2015-05-02 12:00:00,53.95,24.248000000000047,0.0
2015-05-02 13:00:00,47.47,24.248000000000047,0.0
2015-05-02 14:00:00,43.2,27.418000000000006,0.0
2015-05-02 15:00:00,44.24,26.82631250000003,0.0
2015-05-02 16:00:00,48.47,26.530500000000018,0.0
2015-05-02 17:00:00,52.68,25.64300000000003,0.0
2015-05-02 18:00:00,59.39,25.64300000000003,0.0
2015-05-02 19:00:00,66.22,25.64300000000003,0.0
2015-05-02 20:00:00,66.21,22.46700000000004,0.0
2015-05-02 21:00:00,59.85,19.290999999999997,0.0
2015-05-02 22:00:00,49.22,17.149500000000046,0.0
2015-05-02 23:00:00,47.33,15.008000000000038,0.0
2015-05-03 00:00:00,45.7,15.008000000000038,0.0
2015-05-03 01:00:00,46.45,15.008000000000038,0.0
2015-05-03 02:00:00,46.24,14.207500000000039,0.0
2015-05-03 03:00:00,46.63,13.759000000000015,0.0
2015-05-03 04:00:00,47.58,13.837000000000046,0.0
2015-05-03 05:00:00,46.18,14.26700000000011,0.0
2015-05-03 06:00:00,49.46,14.26700000000011,0.0
2015-05-03 07:00:00,51.41,14.26700000000011,0.0
2015-05-03 08:00:00,55.93,20.067000000000007,0.0
2015-05-03 09:00:00,56.31,21.28134375000002,0.0
2015-05-03 10:00:00,56.19,21.79000000000002,0.0
2015-05-03 11:00:00,56.57,23.710000000000036,0.0
2015-05-03 12:00:00,56.08,23.710000000000036,0.0
2015-05-03 13:00:00,49.9,23.710000000000036,0.0
2015-05-03 14:00:00,48.6,23.111000000000047,0.0
2015-05-03 15:00:00,55.74,22.757312500000012,0.0
2015-05-03 16:00:00,56.64,22.58050000000003,0.0
2015-05-03 17:00:00,58.26,22.05000000000001,0.0
2015-05-03 18:00:00,68.35,22.05000000000001,0.0
2015-05-03 19:00:00,77.03,22.05000000000001,0.0
2015-05-03 20:00:00,77.9,20.21350000000001,0.0
2015-05-03 21:00:00,72.64,18.37700000000001,0.0
2015-05-03 22:00:00,65.53,19.370000000000005,0.0
2015-05-03 23:00:00,64.14,20.363,0.0
2015-05-04 00:00:00,58.47,20.363,0.0
2015-05-04 01:00:00,56.74,20.363,0.0
2015-05-04 02:00:00,54.32,20.29600000000005,0.0
2015-05-04 03:00:00,55.37,20.138000000000034,0.0
2015-05-04 04:00:00,62.37,17.565500000000043,0.0
2015-05-04 05:00:00,63.56,19.822000000000003,0.0
2015-05-04 06:00:00,70.71,19.822000000000003,0.0
2015-05-04 07:00:00,72.12,19.822000000000003,0.0
2015-05-04 08:00:00,71.22,21.739000000000033,0.0
2015-05-04 09:00:00,69.59,22.492999999999995,0.0
2015-05-04 10:00:00,66.2,22.44500000000005,0.0
2015-05-04 11:00:00,57.36,24.001000000000033,0.0
2015-05-04 12:00:00,54.8,24.001000000000033,0.0
2015-05-04 13:00:00,52.68,24.001000000000033,0.0
2015-05-04 14:00:00,52.13,23.88050000000004,0.0
2015-05-04 15:00:00,52.67,23.760000000000048,0.0
2015-05-04 16:00:00,52.54,22.535000000000025,0.0
2015-05-04 17:00:00,52.47,21.310000000000002,0.0
2015-05-04 18:00:00,55.85,21.310000000000002,0.0
2015-05-04 19:00:00,54.12,21.310000000000002,0.0
2015-05-04 20:00:00,52.73,20.138000000000034,0.0
2015-05-04 21:00:00,41.79,18.966000000000008,0.0
2015-05-04 22:00:00,36.46,17.35250000000002,0.0
2015-05-04 23:00:00,33.96,15.739000000000033,0.0
2015-05-05 00:00:00,29.98,15.739000000000033,0.0
2015-05-05 01:00:00,27.91,15.739000000000033,0.0
2015-05-05 02:00:00,33.08,14.581000000000017,0.0
2015-05-05 03:00:00,40.94,13.423000000000002,0.0
2015-05-05 04:00:00,49.37,12.750500000000045,0.0
2015-05-05 05:00:00,56.08,12.078000000000031,0.0
2015-05-05 06:00:00,66.95,12.078000000000031,0.0
2015-05-05 07:00:00,66.37,12.078000000000031,0.0
2015-05-05 08:00:00,67.04,14.937000000000012,0.0
2015-05-05 09:00:00,67.83,15.966000000000008,0.0
2015-05-05 10:00:00,67.83,16.294500000000028,0.0
2015-05-05 11:00:00,68.26,18.024000000000115,0.0
2015-05-05 12:00:00,64.57,18.024000000000115,0.0
2015-05-05 13:00:00,59.98,18.024000000000115,0.0
2015-05-05 14:00:00,58.09,20.262000000000114,0.0
2015-05-05 15:00:00,63.49,19.721000000000004,0.0
2015-05-05 16:00:00,62.32,19.450500000000034,0.0
2015-05-05 17:00:00,64.07,18.63900000000001,0.0
2015-05-05 18:00:00,70.14,18.63900000000001,0.0
2015-05-05 19:00:00,76.73,18.63900000000001,0.0
2015-05-05 20:00:00,72.16,16.146000000000015,0.0
2015-05-05 21:00:00,66.08,13.65300000000002,0.0
2015-05-05 22:00:00,67.56,11.838000000000022,0.0
2015-05-05 23:00:00,66.25,10.023000000000025,0.0
2015-05-06 00:00:00,60.82,10.023000000000025,0.0
2015-05-06 01:00:00,58.13,10.023000000000025,0.0
2015-05-06 02:00:00,58.25,7.932000000000016,0.0
2015-05-06 03:00:00,62.59,5.841000000000008,0.0
2015-05-06 04:00:00,68.18,5.4290000000000305,0.0
2015-05-06 05:00:00,70.05,5.017000000000053,0.0
2015-05-06 06:00:00,78.46,5.017000000000053,0.0
2015-05-06 07:00:00,77.22,5.017000000000053,0.0
2015-05-06 08:00:00,74.12,10.256000000000029,0.0
2015-05-06 09:00:00,75.29,15.495000000000005,0.0
2015-05-06 10:00:00,76.19,17.391500000000008,0.0
2015-05-06 11:00:00,75.72,19.28800000000001,0.0
2015-05-06 12:00:00,75.46,19.28800000000001,0.0
2015-05-06 13:00:00,72.5,19.28800000000001,0.0
2015-05-06 14:00:00,71.98,20.25750000000005,0.0
2015-05-06 15:00:00,72.5,21.227000000000032,0.0
2015-05-06 16:00:00,73.12,20.697000000000003,0.0
2015-05-06 17:00:00,77.21,20.16700000000003,0.0
2015-05-06 18:00:00,78.79,20.16700000000003,0.0
2015-05-06 19:00:00,81.74,20.16700000000003,0.0
2015-05-06 20:00:00,75.81,16.25200000000001,0.0
2015-05-06 21:00:00,71.71,12.337000000000046,0.0
2015-05-06 22:00:00,66.04,11.71350000000001,0.0
2015-05-06 23:00:00,63.43,11.090000000000032,0.0
2015-05-07 00:00:00,59.9,11.090000000000032,0.0
2015-05-07 01:00:00,57.56,11.090000000000032,0.0
2015-05-07 02:00:00,54.8,9.811000000000035,0.0
2015-05-07 03:00:00,54.64,9.020000000000039,0.0
2015-05-07 04:00:00,58.46,8.504500000000007,0.0
2015-05-07 05:00:00,60.56,8.477000000000032,0.0
2015-05-07 06:00:00,69.36,8.477000000000032,0.0
2015-05-07 07:00:00,70.21,8.477000000000032,0.0
2015-05-07 08:00:00,67.3,19.741000000000042,0.0
2015-05-07 09:00:00,66.89,21.52734375,0.0
2015-05-07 10:00:00,67.47,22.549500000000023,0.0
2015-05-07 11:00:00,63.14,25.100000000000023,0.0
2015-05-07 12:00:00,56.37,25.735000000000014,0.0
2015-05-07 13:00:00,55.04,26.162000000000035,0.0
2015-05-07 14:00:00,54.01,26.90100000000001,0.0
2015-05-07 15:00:00,53.95,27.640000000000043,0.0
2015-05-07 16:00:00,54.65,26.97750000000002,0.0
2015-05-07 17:00:00,57.69,26.314999999999998,0.0
2015-05-07 18:00:00,63.78,26.314999999999998,0.0
2015-05-07 19:00:00,71.13,26.314999999999998,0.0
2015-05-07 20:00:00,69.57,22.60850000000005,0.0
2015-05-07 21:00:00,55.27,18.902000000000044,0.0
2015-05-07 22:00:00,45.02,16.84400000000005,0.0
2015-05-07 23:00:00,39.35,14.786000000000001,0.0
2015-05-08 00:00:00,37.22,14.786000000000001,0.0
2015-05-08 01:00:00,37.14,14.786000000000001,0.0
2015-05-08 02:00:00,36.38,14.405500000000018,0.0
2015-05-08 03:00:00,36.55,12.580000000000041,0.0
2015-05-08 04:00:00,42.31,12.793000000000006,0.0
2015-05-08 05:00:00,49.47,11.561000000000035,0.0
2015-05-08 06:00:00,52.01,11.561000000000035,0.0
2015-05-08 07:00:00,53.79,11.561000000000035,0.0
2015-05-08 08:00:00,52.26,16.619000000000028,0.0
2015-05-08 09:00:00,52.35,18.270656250000002,0.0
2015-05-08 10:00:00,51.83,19.6755,0.0
2015-05-08 11:00:00,52.13,21.574000000000012,0.0
2015-05-08 12:00:00,50.57,21.574000000000012,0.0
2015-05-08 13:00:00,46.11,21.574000000000012,0.0
2015-05-08 14:00:00,49.76,22.859500000000025,0.0
2015-05-08 15:00:00,51.26,24.14500000000004,0.0
2015-05-08 16:00:00,53.96,23.855000000000018,0.0
2015-05-08 17:00:00,55.02,23.564999999999998,0.0
2015-05-08 18:00:00,64.26,23.564999999999998,0.0
2015-05-08 19:00:00,75.78,23.564999999999998,0.0
2015-05-08 20:00:00,77.03,20.817499999999995,0.0
2015-05-08 21:00:00,69.08,18.07000000000005,0.0
2015-05-08 22:00:00,66.35,16.051500000000033,0.0
2015-05-08 23:00:00,62.83,14.033000000000015,0.0
2015-05-09 00:00:00,61.93,14.033000000000015,0.0
2015-05-09 01:00:00,61.79,14.033000000000015,0.0
2015-05-09 02:00:00,61.51,12.039500000000032,0.0
2015-05-09 03:00:00,62.41,10.04600000000005,0.0
2015-05-09 04:00:00,62.81,9.625,0.0
2015-05-09 05:00:00,63.97,9.204000000000121,0.0
2015-05-09 06:00:00,68.67,9.204000000000121,0.0
2015-05-09 07:00:00,67.37,9.204000000000121,0.0
2015-05-09 08:00:00,66.56,19.257000000000005,0.0
2015-05-09 09:00:00,68.08,21.11934375000004,0.0
2015-05-09 10:00:00,67.06,22.30400000000003,0.0
2015-05-09 11:00:00,65.99,24.84400000000005,0.0
2015-05-09 12:00:00,65.41,24.84400000000005,0.0
2015-05-09 13:00:00,60.87,24.84400000000005,0.0
2015-05-09 14:00:00,59.22,26.26900000000012,0.0
2015-05-09 15:00:00,58.9,25.962000000000046,0.0
2015-05-09 16:00:00,59.84,25.808500000000038,0.0
2015-05-09 17:00:00,57.63,25.348000000000013,0.0
2015-05-09 18:00:00,60.87,25.348000000000013,0.0
2015-05-09 19:00:00,65.95,25.348000000000013,0.0
2015-05-09 20:00:00,63.93,21.607500000000016,0.0
2015-05-09 21:00:00,58.94,17.86700000000002,0.0
2015-05-09 22:00:00,60.15,16.476,0.0
2015-05-09 23:00:00,60.23,15.085000000000036,0.0
2015-05-10 00:00:00,57.27,15.085000000000036,0.0
2015-05-10 01:00:00,57.13,15.085000000000036,0.0
2015-05-10 02:00:00,54.24,14.779500000000041,0.0
2015-05-10 03:00:00,54.2,13.744000000000028,0.0
2015-05-10 04:00:00,54.14,14.65500000000003,0.0
2015-05-10 05:00:00,50.34,14.836000000000013,0.0
2015-05-10 06:00:00,52.44,14.836000000000013,0.0
2015-05-10 07:00:00,52.57,14.836000000000013,0.0
2015-05-10 08:00:00,52.99,22.950000000000045,0.0
2015-05-10 09:00:00,56.22,24.283312500000022,0.0
2015-05-10 10:00:00,55.16,25.26750000000004,0.0
2015-05-10 11:00:00,55.1,26.950000000000045,0.0
2015-05-10 12:00:00,51.47,26.950000000000045,0.0
2015-05-10 13:00:00,48.78,26.950000000000045,0.0
2015-05-10 14:00:00,47.77,28.088000000000022,0.0
2015-05-10 15:00:00,48.27,29.226,0.0
2015-05-10 16:00:00,50.24,28.647500000000036,0.0
2015-05-10 17:00:00,52.0,28.069000000000017,0.0
2015-05-10 18:00:00,52.63,28.069000000000017,0.0
2015-05-10 19:00:00,65.53,28.069000000000017,0.0
2015-05-10 20:00:00,66.56,24.523000000000025,0.0
2015-05-10 21:00:00,59.38,20.977000000000032,0.0
2015-05-10 22:00:00,65.34,20.238,0.0
2015-05-10 23:00:00,60.19,19.499000000000024,0.0
2015-05-11 00:00:00,56.82,19.499000000000024,0.0
2015-05-11 01:00:00,56.34,19.499000000000024,0.0
2015-05-11 02:00:00,54.86,16.585000000000036,0.0
2015-05-11 03:00:00,58.44,15.939000000000021,0.0
2015-05-11 04:00:00,61.89,15.501000000000033,0.0
2015-05-11 05:00:00,64.91,14.647000000000048,0.0
2015-05-11 06:00:00,69.59,14.647000000000048,0.0
2015-05-11 07:00:00,69.9,14.647000000000048,0.0
2015-05-11 08:00:00,69.12,23.263000000000034,0.0
2015-05-11 09:00:00,70.04,25.040687500000047,0.0
2015-05-11 10:00:00,69.53,26.013000000000034,0.0
2015-05-11 11:00:00,68.96,28.596000000000004,0.0
2015-05-11 12:00:00,66.4,28.596000000000004,0.0
2015-05-11 13:00:00,61.3,28.596000000000004,0.0
2015-05-11 14:00:00,59.19,29.930499999999995,0.0
2015-05-11 15:00:00,60.08,31.265000000000043,0.0
2015-05-11 16:00:00,60.08,30.704499999999996,0.0
2015-05-11 17:00:00,58.99,30.14400000000012,0.0
2015-05-11 18:00:00,66.32,30.14400000000012,0.0
2015-05-11 19:00:00,71.98,30.14400000000012,0.0
2015-05-11 20:00:00,70.95,25.877499999999998,0.0
2015-05-11 21:00:00,61.67,21.611000000000047,0.0
2015-05-11 22:00:00,61.33,20.397500000000036,0.0
2015-05-11 23:00:00,58.69,19.184000000000026,0.0
2015-05-12 00:00:00,56.3,19.184000000000026,0.0
2015-05-12 01:00:00,55.16,19.184000000000026,0.0
2015-05-12 02:00:00,57.11,17.80200000000002,0.0
2015-05-12 03:00:00,59.17,16.420000000000016,0.0
2015-05-12 04:00:00,62.79,15.335000000000036,0.0
2015-05-12 05:00:00,66.14,14.25,0.0
2015-05-12 06:00:00,71.25,14.25,0.0
2015-05-12 07:00:00,70.17,14.25,0.0
2015-05-12 08:00:00,69.47,25.045000000000016,0.0
2015-05-12 09:00:00,69.69,27.02900000000011,0.0
2015-05-12 10:00:00,69.32,28.090000000000032,0.0
2015-05-12 11:00:00,68.35,30.997000000000014,0.0
2015-05-12 12:00:00,66.92,30.997000000000014,0.0
2015-05-12 13:00:00,62.39,30.997000000000014,0.0
2015-05-12 14:00:00,59.25,32.048,0.0
2015-05-12 15:00:00,60.06,33.099000000000046,0.0
2015-05-12 16:00:00,60.36,32.63100000000003,0.0
2015-05-12 17:00:00,60.13,32.16300000000001,0.0
2015-05-12 18:00:00,65.83,26.9615,0.0
2015-05-12 19:00:00,70.78,21.760000000000048,0.0
2015-05-12 20:00:00,68.12,21.760000000000048,0.0
2015-05-12 21:00:00,59.96,21.760000000000048,0.0
2015-05-12 22:00:00,58.53,21.760000000000048,0.0
2015-05-12 23:00:00,55.27,19.36700000000002,0.0
2015-05-13 00:00:00,54.06,16.974000000000046,0.0
2015-05-13 01:00:00,53.6,15.96550000000002,0.0
2015-05-13 02:00:00,54.49,14.95700000000005,0.0
2015-05-13 03:00:00,54.37,14.95700000000005,0.0
2015-05-13 04:00:00,59.18,14.95700000000005,0.0
2015-05-13 05:00:00,59.47,15.649000000000115,0.0
2015-05-13 06:00:00,65.58,20.303687500000024,0.0
2015-05-13 07:00:00,65.41,23.15900000000005,0.0
2015-05-13 08:00:00,66.75,29.613,0.0
2015-05-13 09:00:00,67.46,29.613,0.0
2015-05-13 10:00:00,65.46,29.613,0.0
2015-05-13 11:00:00,64.2,34.05800000000005,0.0
2015-05-13 12:00:00,61.37,34.1345,0.0
2015-05-13 13:00:00,55.77,34.21100000000001,0.0
2015-05-13 14:00:00,53.25,34.21100000000001,0.0
2015-05-13 15:00:00,55.33,34.21100000000001,0.0
2015-05-13 16:00:00,56.42,31.097000000000037,0.0
2015-05-13 17:00:00,59.38,31.097000000000037,0.0
2015-05-13 18:00:00,64.28,31.097000000000037,0.0
2015-05-13 19:00:00,69.08,29.841000000000008,0.0
2015-05-13 20:00:00,64.85,28.585000000000036,0.0
2015-05-13 21:00:00,60.8,28.585000000000036,0.0
2015-05-13 22:00:00,62.5,23.466000000000008,0.0
2015-05-13 23:00:00,57.74,23.466000000000008,0.0
2015-05-14 00:00:00,53.43,23.466000000000008,0.0
2015-05-14 01:00:00,51.37,19.08200000000005,0.0
2015-05-14 02:00:00,49.08,19.08200000000005,0.0
2015-05-14 03:00:00,51.57,19.08200000000005,0.0
2015-05-14 04:00:00,56.0,17.962000000000046,0.0
2015-05-14 05:00:00,59.36,17.962000000000046,0.0
2015-05-14 06:00:00,66.05,17.962000000000046,0.0
2015-05-14 07:00:00,67.24,27.652000000000044,0.0
2015-05-14 08:00:00,68.69,27.652000000000044,0.0
2015-05-14 09:00:00,69.77,27.652000000000044,0.0
2015-05-14 10:00:00,66.34,31.222000000000037,0.0
2015-05-14 11:00:00,63.69,31.222000000000037,0.0
2015-05-14 12:00:00,56.67,31.222000000000037,0.0
2015-05-14 13:00:00,50.78,32.065,0.0
2015-05-14 14:00:00,49.24,31.688000000000045,0.0
2015-05-14 15:00:00,48.66,31.688000000000045,0.0
2015-05-14 16:00:00,47.81,28.36700000000002,0.0
2015-05-14 17:00:00,47.24,28.36700000000002,0.0
2015-05-14 18:00:00,49.4,28.36700000000002,0.0
2015-05-14 19:00:00,54.26,25.08250000000004,0.0
2015-05-14 20:00:00,49.9,21.798000000000002,0.0
2015-05-14 21:00:00,43.89,21.798000000000002,0.0
2015-05-14 22:00:00,41.23,19.583000000000027,0.0
2015-05-14 23:00:00,40.48,17.367999999999995,0.0
2015-05-15 00:00:00,39.2,17.367999999999995,0.0
2015-05-15 01:00:00,39.17,14.003000000000043,0.0
2015-05-15 02:00:00,39.05,14.003000000000043,0.0
2015-05-15 03:00:00,40.58,14.003000000000043,0.0
2015-05-15 04:00:00,43.47,14.003000000000043,0.0
2015-05-15 05:00:00,48.52,11.748000000000047,0.0
2015-05-15 06:00:00,60.04,11.748000000000047,0.0
2015-05-15 07:00:00,61.36,17.215000000000032,0.0
2015-05-15 08:00:00,61.46,17.215000000000032,0.0
2015-05-15 09:00:00,63.64,17.215000000000032,0.0
2015-05-15 10:00:00,64.64,21.884000000000015,0.0
2015-05-15 11:00:00,63.25,21.884000000000015,0.0
2015-05-15 12:00:00,61.59,21.884000000000015,0.0
2015-05-15 13:00:00,57.11,24.08200000000005,0.0
2015-05-15 14:00:00,56.1,23.986000000000047,0.0
2015-05-15 15:00:00,56.34,23.986000000000047,0.0
2015-05-15 16:00:00,54.89,22.314999999999998,0.0
2015-05-15 17:00:00,57.94,22.314999999999998,0.0
2015-05-15 18:00:00,60.47,22.314999999999998,0.0
2015-05-15 19:00:00,69.62,19.958500000000015,0.0
2015-05-15 20:00:00,67.85,17.602000000000032,0.0
2015-05-15 21:00:00,60.02,15.778500000000008,0.0
2015-05-15 22:00:00,52.24,13.955000000000041,0.0
2015-05-15 23:00:00,49.6,13.955000000000041,0.0
2015-05-16 00:00:00,43.88,13.955000000000041,0.0
2015-05-16 01:00:00,43.75,10.974000000000046,0.0
2015-05-16 02:00:00,42.54,10.833000000000027,0.0
2015-05-16 03:00:00,41.4,10.974000000000046,0.0
2015-05-16 04:00:00,41.52,10.20700000000005,0.0
2015-05-16 05:00:00,41.38,10.20700000000005,0.0
2015-05-16 06:00:00,44.57,10.20700000000005,0.0
2015-05-16 07:00:00,48.28,17.729000000000042,0.0
2015-05-16 08:00:00,45.14,17.729000000000042,0.0
2015-05-16 09:00:00,45.69,17.729000000000042,0.0
2015-05-16 10:00:00,45.94,23.374000000000024,0.0
2015-05-16 11:00:00,52.13,23.374000000000024,0.0
2015-05-16 12:00:00,49.11,23.374000000000024,0.0
2015-05-16 13:00:00,44.48,26.229000000000042,0.0
2015-05-16 14:00:00,42.92,25.545000000000016,0.0
2015-05-16 15:00:00,42.65,25.545000000000016,0.0
2015-05-16 16:00:00,44.29,24.184000000000026,0.0
2015-05-16 17:00:00,48.48,24.184000000000026,0.0
2015-05-16 18:00:00,44.76,24.184000000000026,0.0
2015-05-16 19:00:00,51.76,18.790999999999997,0.0
2015-05-16 20:00:00,50.27,18.790999999999997,0.0
2015-05-16 21:00:00,43.84,18.790999999999997,0.0
2015-05-16 22:00:00,42.56,15.823000000000036,0.0
2015-05-16 23:00:00,37.06,15.823000000000036,0.0
2015-05-17 00:00:00,33.38,15.823000000000036,0.0
2015-05-17 01:00:00,32.5,13.415999999999997,0.0
2015-05-17 02:00:00,30.42,13.415999999999997,0.0
2015-05-17 03:00:00,32.92,13.415999999999997,0.0
2015-05-17 04:00:00,34.77,12.802000000000021,0.0
2015-05-17 05:00:00,33.4,12.802000000000021,0.0
2015-05-17 06:00:00,39.8,12.802000000000021,0.0
2015-05-17 07:00:00,42.06,20.06800000000004,0.0
2015-05-17 08:00:00,43.03,20.06800000000004,0.0
2015-05-17 09:00:00,46.01,20.06800000000004,0.0
2015-05-17 10:00:00,47.8,25.94500000000005,0.0
2015-05-17 11:00:00,54.04,25.94500000000005,0.0
2015-05-17 12:00:00,51.75,25.509000000000015,0.0
2015-05-17 13:00:00,44.77,28.608000000000004,0.0
2015-05-17 14:00:00,43.17,28.71700000000004,0.0
2015-05-17 15:00:00,42.51,28.71700000000004,0.0
2015-05-17 16:00:00,43.42,27.864000000000033,0.0
2015-05-17 17:00:00,45.36,27.864000000000033,0.0
2015-05-17 18:00:00,52.77,27.864000000000033,0.0
2015-05-17 19:00:00,60.68,22.975000000000023,0.0
2015-05-17 20:00:00,59.82,18.086000000000013,0.0
2015-05-17 21:00:00,52.91,16.47550000000001,0.0
2015-05-17 22:00:00,62.18,14.865000000000009,0.0
2015-05-17 23:00:00,59.6,14.865000000000009,0.0
2015-05-18 00:00:00,56.81,14.865000000000009,0.0
2015-05-18 01:00:00,54.09,12.379999999999995,0.0
2015-05-18 02:00:00,53.6,12.379999999999995,0.0
2015-05-18 03:00:00,59.21,12.379999999999995,0.0
2015-05-18 04:00:00,62.39,13.350000000000023,0.0
2015-05-18 05:00:00,60.31,12.924000000000035,0.0
2015-05-18 06:00:00,66.24,12.924000000000035,0.0
2015-05-18 07:00:00,69.42,12.924000000000035,0.0
2015-05-18 08:00:00,68.46,22.92700000000002,0.0
2015-05-18 09:00:00,69.09,24.732312500000035,0.0
2015-05-18 10:00:00,69.06,25.83200000000005,0.0
2015-05-18 11:00:00,68.24,28.343000000000018,0.0
2015-05-18 12:00:00,67.26,28.72800000000001,0.0
2015-05-18 13:00:00,65.02,30.22800000000001,0.0
2015-05-18 14:00:00,66.35,30.22800000000001,0.0
2015-05-18 15:00:00,66.14,30.22800000000001,0.0
2015-05-18 16:00:00,64.98,28.81800000000004,0.0
2015-05-18 17:00:00,63.71,28.81800000000004,0.0
2015-05-18 18:00:00,64.04,24.244000000000028,0.0
2015-05-18 19:00:00,67.27,19.670000000000016,0.0
2015-05-18 20:00:00,63.01,19.670000000000016,0.0
2015-05-18 21:00:00,59.01,19.670000000000016,0.0
2015-05-18 22:00:00,51.97,18.21350000000001,0.0
2015-05-18 23:00:00,48.74,16.757000000000005,0.0
2015-05-19 00:00:00,45.91,16.757000000000005,0.0
2015-05-19 01:00:00,44.57,16.13050000000004,0.0
2015-05-19 02:00:00,44.87,15.504000000000019,0.0
2015-05-19 03:00:00,44.48,15.504000000000019,0.0
2015-05-19 04:00:00,49.1,13.504000000000019,0.0
2015-05-19 05:00:00,51.75,13.504000000000019,0.0
2015-05-19 06:00:00,51.1,13.504000000000019,0.0
2015-05-19 07:00:00,56.88,19.187000000000012,0.0
2015-05-19 08:00:00,59.22,19.187000000000012,0.0
2015-05-19 09:00:00,60.61,19.187000000000012,0.0
2015-05-19 10:00:00,63.26,23.879999999999995,0.0
2015-05-19 11:00:00,63.5,23.879999999999995,0.0
2015-05-19 12:00:00,60.93,23.879999999999995,0.0
2015-05-19 13:00:00,58.74,22.626000000000033,0.0
2015-05-19 14:00:00,57.91,23.40700000000004,0.0
2015-05-19 15:00:00,57.72,23.40700000000004,0.0
2015-05-19 16:00:00,53.77,22.331500000000005,0.0
2015-05-19 17:00:00,51.12,21.25600000000003,0.0
2015-05-19 18:00:00,50.91,16.734000000000037,0.0
2015-05-19 19:00:00,58.32,15.345500000000015,0.0
2015-05-19 20:00:00,54.14,13.95700000000005,0.0
2015-05-19 21:00:00,51.17,12.46550000000002,0.0
2015-05-19 22:00:00,51.82,10.974000000000046,0.0
2015-05-19 23:00:00,48.73,12.204000000000121,0.0
2015-05-20 00:00:00,48.13,10.974000000000046,0.0
2015-05-20 01:00:00,47.3,8.75,0.0
2015-05-20 02:00:00,47.03,8.189999999999998,0.0
2015-05-20 03:00:00,50.53,8.75,0.0
2015-05-20 04:00:00,55.21,7.595000000000027,0.0
2015-05-20 05:00:00,59.72,7.595000000000027,0.0
2015-05-20 06:00:00,68.82,7.595000000000027,0.0
2015-05-20 07:00:00,67.94,14.549000000000035,0.0
2015-05-20 08:00:00,61.43,14.692000000000007,0.0
2015-05-20 09:00:00,61.57,14.549000000000035,0.0
2015-05-20 10:00:00,60.92,19.488,0.0
2015-05-20 11:00:00,60.93,19.488,0.0
2015-05-20 12:00:00,60.08,19.39300000000003,0.0
2015-05-20 13:00:00,58.84,21.596000000000004,0.0
2015-05-20 14:00:00,57.13,20.061000000000035,0.0
2015-05-20 15:00:00,57.43,19.966000000000008,0.0
2015-05-20 16:00:00,57.83,19.871000000000038,0.0
2015-05-20 17:00:00,57.69,20.033000000000015,0.0
2015-05-20 18:00:00,60.2,19.871000000000038,0.0
2015-05-20 19:00:00,62.12,17.975000000000023,0.0
2015-05-20 20:00:00,59.88,15.754999999999995,0.0
2015-05-20 21:00:00,57.21,15.754999999999995,0.0
2015-05-20 22:00:00,52.97,11.64400000000012,0.0
2015-05-20 23:00:00,47.03,12.54000000000002,0.0
2015-05-21 00:00:00,44.23,12.54000000000002,0.0
2015-05-21 01:00:00,44.59,10.763000000000034,0.0
2015-05-21 02:00:00,43.81,8.986000000000047,0.0
2015-05-21 03:00:00,44.5,8.986000000000047,0.0
2015-05-21 04:00:00,53.06,7.907000000000039,0.0
2015-05-21 05:00:00,51.57,7.907000000000039,0.0
2015-05-21 06:00:00,57.55,7.907000000000039,0.0
2015-05-21 07:00:00,57.49,13.607000000000028,0.0
2015-05-21 08:00:00,56.56,14.518000000000029,0.0
2015-05-21 09:00:00,61.97,13.607000000000028,0.0
2015-05-21 10:00:00,65.92,19.00400000000002,0.0
2015-05-21 11:00:00,65.33,19.00400000000002,0.0
2015-05-21 12:00:00,61.52,19.00400000000002,0.0
2015-05-21 13:00:00,59.09,21.531000000000006,0.0
2015-05-21 14:00:00,59.03,21.531000000000006,0.0
2015-05-21 15:00:00,57.51,21.531000000000006,0.0
2015-05-21 16:00:00,57.9,20.71700000000004,0.0
2015-05-21 17:00:00,54.22,20.71700000000004,0.0
2015-05-21 18:00:00,54.36,20.71700000000004,0.0
2015-05-21 19:00:00,58.29,17.933500000000038,0.0
2015-05-21 20:00:00,54.91,15.150000000000034,0.0
2015-05-21 21:00:00,55.18,14.460000000000036,0.0
2015-05-21 22:00:00,54.18,11.581000000000017,0.0
2015-05-21 23:00:00,48.73,11.581000000000017,0.0
2015-05-22 00:00:00,48.45,11.581000000000017,0.0
2015-05-22 01:00:00,46.17,8.839000000000112,0.0
2015-05-22 02:00:00,45.99,8.839000000000112,0.0
2015-05-22 03:00:00,48.19,8.408000000000015,0.0
2015-05-22 04:00:00,54.08,7.477000000000032,0.0
2015-05-22 05:00:00,56.03,7.477000000000032,0.0
2015-05-22 06:00:00,57.52,7.1200000000000045,0.0
2015-05-22 07:00:00,57.97,15.77900000000011,0.0
2015-05-22 08:00:00,57.24,13.131000000000029,0.0
2015-05-22 09:00:00,59.06,13.131000000000029,0.0
2015-05-22 10:00:00,59.48,18.412000000000035,0.0
2015-05-22 11:00:00,60.36,18.412000000000035,0.0
2015-05-22 12:00:00,59.69,17.822000000000003,0.0
2015-05-22 13:00:00,57.73,20.801000000000045,0.0
2015-05-22 14:00:00,57.7,20.851,0.0
2015-05-22 15:00:00,57.44,20.851,0.0
2015-05-22 16:00:00,58.74,20.221000000000004,0.0
2015-05-22 17:00:00,58.47,20.221000000000004,0.0
2015-05-22 18:00:00,59.74,20.221000000000004,0.0
2015-05-22 19:00:00,62.49,15.523000000000025,0.0
2015-05-22 20:00:00,60.65,15.523000000000025,0.0
2015-05-22 21:00:00,56.46,15.523000000000025,0.0
2015-05-22 22:00:00,49.16,12.527000000000044,0.0
2015-05-22 23:00:00,43.15,12.527000000000044,0.0
2015-05-23 00:00:00,42.76,12.527000000000044,0.0
2015-05-23 01:00:00,41.83,10.047000000000025,0.0
2015-05-23 02:00:00,42.23,10.047000000000025,0.0
2015-05-23 03:00:00,42.72,10.047000000000025,0.0
2015-05-23 04:00:00,43.53,8.566000000000031,0.0
2015-05-23 05:00:00,42.55,8.912000000000035,0.0
2015-05-23 06:00:00,49.37,8.912000000000035,0.0
2015-05-23 07:00:00,50.9,15.552000000000021,0.0
2015-05-23 08:00:00,53.43,15.996000000000038,0.0
2015-05-23 09:00:00,54.87,15.552000000000021,0.0
2015-05-23 10:00:00,55.54,20.372000000000014,0.0
2015-05-23 11:00:00,56.21,20.449000000000012,0.0
2015-05-23 12:00:00,52.62,20.449000000000012,0.0
2015-05-23 13:00:00,48.13,22.715000000000032,0.0
2015-05-23 14:00:00,44.49,22.604000000000042,0.0
2015-05-23 15:00:00,41.94,22.604000000000042,0.0
2015-05-23 16:00:00,42.71,21.985000000000014,0.0
2015-05-23 17:00:00,42.85,21.985000000000014,0.0
2015-05-23 18:00:00,46.29,21.985000000000014,0.0
2015-05-23 19:00:00,52.23,16.78800000000001,0.0
2015-05-23 20:00:00,51.16,16.78800000000001,0.0
2015-05-23 21:00:00,45.6,16.78800000000001,0.0
2015-05-23 22:00:00,42.18,15.875500000000045,0.0
2015-05-23 23:00:00,39.79,14.963000000000022,0.0
2015-05-24 00:00:00,38.31,14.850000000000023,0.0
2015-05-24 01:00:00,40.03,11.980999999999995,0.0
2015-05-24 02:00:00,40.61,11.980999999999995,0.0
2015-05-24 03:00:00,41.6,11.980999999999995,0.0
2015-05-24 04:00:00,41.02,10.754000000000019,0.0
2015-05-24 05:00:00,40.05,10.754000000000019,0.0
2015-05-24 06:00:00,41.64,10.754000000000019,0.0
2015-05-24 07:00:00,43.63,17.052999999999997,0.0
2015-05-24 08:00:00,43.5,18.116000000000042,0.0
2015-05-24 09:00:00,49.43,17.052999999999997,0.0
2015-05-24 10:00:00,52.04,23.133000000000038,0.0
2015-05-24 11:00:00,53.23,23.133000000000038,0.0
2015-05-24 12:00:00,52.59,23.133000000000038,0.0
2015-05-24 13:00:00,44.4,22.612000000000023,0.0
2015-05-24 14:00:00,42.5,23.34400000000005,0.0
2015-05-24 15:00:00,42.33,23.34400000000005,0.0
2015-05-24 16:00:00,43.09,21.840000000000032,0.0
2015-05-24 17:00:00,43.2,21.840000000000032,0.0
2015-05-24 18:00:00,49.17,21.840000000000032,0.0
2015-05-24 19:00:00,55.68,17.754999999999995,0.0
2015-05-24 20:00:00,58.12,17.754999999999995,0.0
2015-05-24 21:00:00,52.9,17.754999999999995,0.0
2015-05-24 22:00:00,53.72,12.744000000000028,0.0
2015-05-24 23:00:00,51.52,12.744000000000028,0.0
2015-05-25 00:00:00,50.97,12.744000000000028,0.0
2015-05-25 01:00:00,49.57,12.744000000000028,0.0
2015-05-25 02:00:00,49.26,12.744000000000028,0.0
2015-05-25 03:00:00,50.65,12.744000000000028,0.0
2015-05-25 04:00:00,54.26,12.59668750000003,0.0
2015-05-25 05:00:00,56.12,12.449343750000025,0.0
2015-05-25 06:00:00,60.33,15.74350000000004,0.0
2015-05-25 07:00:00,60.84,14.449000000000012,0.0
2015-05-25 08:00:00,63.17,16.596000000000004,0.0
2015-05-25 09:00:00,65.34,17.737000000000023,0.0
2015-05-25 10:00:00,67.44,20.2193125,0.0
2015-05-25 11:00:00,67.12,21.69568750000002,0.0
2015-05-25 12:00:00,66.49,21.962000000000046,0.0
2015-05-25 13:00:00,64.48,23.841656250000028,0.0
2015-05-25 14:00:00,62.56,24.511343750000037,0.0
2015-05-25 15:00:00,63.72,24.011000000000024,0.0
2015-05-25 16:00:00,63.45,25.07068750000002,0.0
2015-05-25 17:00:00,61.68,24.960312500000043,0.0
2015-05-25 18:00:00,63.11,22.927999999999997,0.0
2015-05-25 19:00:00,67.26,23.45834375000004,0.0
2015-05-25 20:00:00,65.94,22.0666875,0.0
2015-05-25 21:00:00,60.75,21.168499999999995,0.0
2015-05-25 22:00:00,59.16,19.612343750000036,0.0
2015-05-25 23:00:00,54.14,18.549687500000005,0.0
2015-05-26 00:00:00,50.52,15.469250000000045,0.0
2015-05-26 01:00:00,49.64,13.734000000000037,0.0
2015-05-26 02:00:00,49.84,13.56800000000004,0.0
2015-05-26 03:00:00,51.86,12.97359375000002,0.0
2015-05-26 04:00:00,53.81,12.879000000000019,0.0
2015-05-26 05:00:00,56.66,12.355999999999995,0.0
2015-05-26 06:00:00,61.89,15.841000000000008,0.0
2015-05-26 07:00:00,63.55,13.982000000000028,0.0
2015-05-26 08:00:00,63.11,16.13100000000003,0.0
2015-05-26 09:00:00,64.1,17.42500000000001,0.0
2015-05-26 10:00:00,64.1,19.859000000000037,0.0
2015-05-26 11:00:00,63.05,21.438000000000045,0.0
2015-05-26 12:00:00,61.47,21.94150000000002,0.0
2015-05-26 13:00:00,60.22,23.87900000000002,0.0
2015-05-26 14:00:00,60.18,24.741000000000042,0.0
2015-05-26 15:00:00,60.64,24.961749999999995,0.0
2015-05-26 16:00:00,60.14,25.610000000000014,0.0
2015-05-26 17:00:00,59.05,25.610000000000014,0.0
2015-05-26 18:00:00,60.33,25.610000000000014,0.0
2015-05-26 19:00:00,64.36,25.610000000000014,0.0
2015-05-26 20:00:00,62.54,19.26400000000001,0.0
2015-05-26 21:00:00,56.3,19.26400000000001,0.0
2015-05-26 22:00:00,56.08,19.26400000000001,0.0
2015-05-26 23:00:00,49.81,15.81800000000004,0.0
2015-05-27 00:00:00,47.48,15.81800000000004,0.0
2015-05-27 01:00:00,46.72,15.81800000000004,0.0
2015-05-27 02:00:00,45.83,12.619000000000028,0.0
2015-05-27 03:00:00,47.01,12.619000000000028,0.0
2015-05-27 04:00:00,49.57,12.619000000000028,0.0
2015-05-27 05:00:00,58.37,11.719000000000051,0.0
2015-05-27 06:00:00,62.88,11.719000000000051,0.0
2015-05-27 07:00:00,63.24,11.719000000000051,0.0
2015-05-27 08:00:00,62.33,18.37700000000001,0.0
2015-05-27 09:00:00,64.92,18.37700000000001,0.0
2015-05-27 10:00:00,66.03,18.37700000000001,0.0
2015-05-27 11:00:00,66.85,24.26600000000002,0.0
2015-05-27 12:00:00,65.46,24.26600000000002,0.0
2015-05-27 13:00:00,64.07,24.26600000000002,0.0
2015-05-27 14:00:00,64.12,27.42700000000002,0.0
2015-05-27 15:00:00,64.13,27.42700000000002,0.0
2015-05-27 16:00:00,64.51,27.42700000000002,0.0
2015-05-27 17:00:00,64.25,26.996000000000038,0.0
2015-05-27 18:00:00,64.19,26.996000000000038,0.0
2015-05-27 19:00:00,67.12,26.996000000000038,0.0
2015-05-27 20:00:00,65.37,18.79400000000004,0.0
2015-05-27 21:00:00,61.36,18.79400000000004,0.0
2015-05-27 22:00:00,60.22,17.126000000000033,0.0
2015-05-27 23:00:00,57.82,15.458000000000027,0.0
2015-05-28 00:00:00,55.66,15.458000000000027,0.0
2015-05-28 01:00:00,54.54,15.458000000000027,0.0
2015-05-28 02:00:00,54.32,13.085000000000036,0.0
2015-05-28 03:00:00,56.1,13.085000000000036,0.0
2015-05-28 04:00:00,60.86,13.085000000000036,0.0
2015-05-28 05:00:00,62.36,14.442000000000007,0.0
2015-05-28 06:00:00,65.46,14.442000000000007,0.0
2015-05-28 07:00:00,66.21,14.442000000000007,0.0
2015-05-28 08:00:00,66.91,23.218000000000018,0.0
2015-05-28 09:00:00,68.48,23.218000000000018,0.0
2015-05-28 10:00:00,68.79,23.218000000000018,0.0
2015-05-28 11:00:00,68.55,28.45500000000004,0.0
2015-05-28 12:00:00,66.79,28.45500000000004,0.0
2015-05-28 13:00:00,65.06,28.45500000000004,0.0
2015-05-28 14:00:00,64.54,30.13900000000001,0.0
2015-05-28 15:00:00,64.62,30.13900000000001,0.0
2015-05-28 16:00:00,65.42,30.13900000000001,0.0
2015-05-28 17:00:00,64.85,29.319000000000017,0.0
2015-05-28 18:00:00,64.87,29.319000000000017,0.0
2015-05-28 19:00:00,68.64,29.319000000000017,0.0
2015-05-28 20:00:00,67.22,19.80800000000005,0.0
2015-05-28 21:00:00,63.27,19.80800000000005,0.0
2015-05-28 22:00:00,59.88,16.40500000000003,0.0
2015-05-28 23:00:00,55.79,16.40500000000003,0.0
2015-05-29 00:00:00,54.3,16.40500000000003,0.0
2015-05-29 01:00:00,55.07,16.40500000000003,0.0
2015-05-29 02:00:00,55.74,17.586000000000013,0.0
2015-05-29 03:00:00,59.84,17.586000000000013,0.0
2015-05-29 04:00:00,61.38,17.586000000000013,0.0
2015-05-29 05:00:00,63.72,17.949000000000012,0.0
2015-05-29 06:00:00,67.95,17.949000000000012,0.0
2015-05-29 07:00:00,70.47,17.949000000000012,0.0
2015-05-29 08:00:00,71.23,24.060000000000002,0.0
2015-05-29 09:00:00,73.74,24.060000000000002,0.0
2015-05-29 10:00:00,73.94,24.060000000000002,0.0
2015-05-29 11:00:00,72.79,26.939999999999998,0.0
2015-05-29 12:00:00,70.12,26.939999999999998,0.0
2015-05-29 13:00:00,67.16,27.738,0.0
2015-05-29 14:00:00,66.84,27.738,0.0
2015-05-29 15:00:00,66.99,27.738,0.0
2015-05-29 16:00:00,66.16,22.53400000000005,0.0
2015-05-29 17:00:00,65.7,22.53400000000005,0.0
2015-05-29 18:00:00,65.15,22.53400000000005,0.0
2015-05-29 19:00:00,68.7,22.53400000000005,0.0
2015-05-29 20:00:00,68.32,16.712000000000046,0.0
2015-05-29 21:00:00,63.49,16.712000000000046,0.0
2015-05-29 22:00:00,62.37,16.712000000000046,0.0
2015-05-29 23:00:00,61.34,13.620000000000005,0.0
2015-05-30 00:00:00,60.36,13.620000000000005,0.0
2015-05-30 01:00:00,59.36,13.620000000000005,0.0
2015-05-30 02:00:00,58.89,11.05400000000003,0.0
2015-05-30 03:00:00,59.04,11.05400000000003,0.0
2015-05-30 04:00:00,59.14,11.05400000000003,0.0
2015-05-30 05:00:00,59.37,12.390000000000043,0.0
2015-05-30 06:00:00,61.67,12.390000000000043,0.0
2015-05-30 07:00:00,61.4,21.307000000000016,0.0
2015-05-30 08:00:00,63.19,21.307000000000016,0.0
2015-05-30 09:00:00,66.44,21.307000000000016,0.0
2015-05-30 10:00:00,64.08,28.02800000000002,0.0
2015-05-30 11:00:00,63.16,28.02800000000002,0.0
2015-05-30 12:00:00,62.1,28.02800000000002,0.0
2015-05-30 13:00:00,60.13,28.02800000000002,0.0
2015-05-30 14:00:00,54.54,29.575000000000045,0.0
2015-05-30 15:00:00,53.72,29.575000000000045,0.0
2015-05-30 16:00:00,54.25,26.548000000000002,0.0
2015-05-30 17:00:00,58.31,26.548000000000002,0.0
2015-05-30 18:00:00,60.3,26.548000000000002,0.0
2015-05-30 19:00:00,63.88,18.734000000000037,0.0
2015-05-30 20:00:00,63.88,18.734000000000037,0.0
2015-05-30 21:00:00,61.1,18.734000000000037,0.0
2015-05-30 22:00:00,63.02,18.734000000000037,0.0
2015-05-30 23:00:00,61.06,13.937000000000012,0.0
2015-05-31 00:00:00,57.64,13.937000000000012,0.0
2015-05-31 01:00:00,56.61,13.937000000000012,0.0
2015-05-31 02:00:00,55.78,11.590000000000032,0.0
2015-05-31 03:00:00,56.19,11.590000000000032,0.0
2015-05-31 04:00:00,56.05,11.590000000000032,0.0
2015-05-31 05:00:00,55.83,12.483000000000004,0.0
2015-05-31 06:00:00,56.95,12.483000000000004,0.0
2015-05-31 07:00:00,57.13,12.483000000000004,0.0
2015-05-31 08:00:00,60.36,21.78400000000005,0.0
2015-05-31 09:00:00,62.69,21.78400000000005,0.0
2015-05-31 10:00:00,61.45,21.78400000000005,0.0
2015-05-31 11:00:00,62.37,26.648000000000025,0.0
2015-05-31 12:00:00,61.5,26.648000000000025,0.0
2015-05-31 13:00:00,55.62,26.648000000000025,0.0
2015-05-31 14:00:00,54.7,28.146000000000015,0.0
2015-05-31 15:00:00,53.25,28.146000000000015,0.0
2015-05-31 16:00:00,53.89,28.998000000000047,0.0
2015-05-31 17:00:00,53.84,28.03400000000005,0.0
2015-05-31 18:00:00,55.49,27.07000000000005,0.0
2015-05-31 19:00:00,66.71,25.600000000000023,0.0
2015-05-31 20:00:00,70.17,24.150000000000034,0.0
2015-05-31 21:00:00,61.9,23.420000000000016,0.0
2015-05-31 22:00:00,62.78,22.160000000000025,0.0
2015-05-31 23:00:00,56.67,19.879999999999995,0.0
2015-06-01 00:00:00,54.54,18.890000000000043,0.0
2015-06-01 01:00:00,53.87,17.680000000000007,0.0
2015-06-01 02:00:00,54.2,16.79000000000002,0.0
2015-06-01 03:00:00,55.87,15.860000000000014,0.0
2015-06-01 04:00:00,61.28,15.150000000000034,0.0
2015-06-01 05:00:00,64.43,14.460000000000036,0.0
2015-06-01 06:00:00,69.92,19.870000000000005,0.0
2015-06-01 07:00:00,70.7,22.379999999999995,0.0
2015-06-01 08:00:00,72.04,25.03000000000003,0.0
2015-06-01 09:00:00,74.17,26.32000000000005,0.0
2015-06-01 10:00:00,74.58,26.629999999999995,0.0
2015-06-01 11:00:00,73.67,25.610000000000014,0.0
2015-06-01 12:00:00,72.35,26.700000000000045,0.0
2015-06-01 13:00:00,70.68,27.930000000000007,0.0
2015-06-01 14:00:00,69.93,28.360000000000014,0.0
2015-06-01 15:00:00,70.19,29.010000000000048,0.0
2015-06-01 16:00:00,69.16,28.78000000000003,0.0
2015-06-01 17:00:00,67.16,28.720000000000027,0.0
2015-06-01 18:00:00,67.71,28.24000000000001,0.0
2015-06-01 19:00:00,70.63,27.890000000000043,0.0
2015-06-01 20:00:00,70.66,27.150000000000034,0.0
2015-06-01 21:00:00,65.69,26.52000000000004,0.0
2015-06-01 22:00:00,61.14,24.230000000000018,0.0
2015-06-01 23:00:00,59.1,23.510000000000048,0.0
2015-06-02 00:00:00,56.01,22.010000000000048,0.0
2015-06-02 01:00:00,55.96,20.680000000000007,0.0
2015-06-02 02:00:00,56.99,19.920000000000016,0.0
2015-06-02 03:00:00,60.07,18.52000000000004,0.0
2015-06-02 04:00:00,61.77,17.170000000000016,0.0
2015-06-02 05:00:00,65.26,16.55000000000001,0.0
2015-06-02 06:00:00,71.12,18.760000000000048,0.0
2015-06-02 07:00:00,72.12,21.340000000000032,0.0
2015-06-02 08:00:00,72.36,24.629999999999995,0.0
2015-06-02 09:00:00,74.18,26.75,0.0
2015-06-02 10:00:00,73.94,27.78000000000003,0.0
2015-06-02 11:00:00,73.56,28.470000000000027,0.0
2015-06-02 12:00:00,70.95,29.370000000000005,0.0
2015-06-02 13:00:00,68.61,30.28000000000003,0.0
2015-06-02 14:00:00,68.17,30.700000000000045,0.0
2015-06-02 15:00:00,69.36,30.950000000000045,0.0
2015-06-02 16:00:00,67.71,30.970000000000027,0.0
2015-06-02 17:00:00,65.87,30.879999999999995,0.0
2015-06-02 18:00:00,67.34,30.730000000000018,0.0
2015-06-02 19:00:00,70.46,28.860000000000014,0.0
2015-06-02 20:00:00,70.2,26.710000000000036,0.0
2015-06-02 21:00:00,64.44,23.890000000000043,0.0
2015-06-02 22:00:00,61.92,22.980000000000018,0.0
2015-06-02 23:00:00,59.3,25.08000000000004,0.0
2015-06-03 00:00:00,54.77,24.27000000000004,0.0
2015-06-03 01:00:00,54.49,22.5,0.0
2015-06-03 02:00:00,54.42,21.33000000000004,0.0
2015-06-03 03:00:00,55.57,19.370000000000005,0.0
2015-06-03 04:00:00,61.24,17.930000000000007,0.0
2015-06-03 05:00:00,64.71,17.370000000000005,0.0
2015-06-03 06:00:00,70.05,18.910000000000025,0.0
2015-06-03 07:00:00,71.8,22.400000000000034,0.0
2015-06-03 08:00:00,71.9,24.980000000000018,0.0
2015-06-03 09:00:00,73.78,27.360000000000014,0.0
2015-06-03 10:00:00,73.85,28.110000000000014,0.0
2015-06-03 11:00:00,73.78,28.710000000000036,0.0
2015-06-03 12:00:00,70.38,30.379999999999995,0.0
2015-06-03 13:00:00,67.34,31.400000000000034,0.0
2015-06-03 14:00:00,67.42,31.99000000000001,0.0
2015-06-03 15:00:00,68.6,32.55000000000001,0.0
2015-06-03 16:00:00,68.26,31.783000000000015,0.0
2015-06-03 17:00:00,67.69,29.875,0.0
2015-06-03 18:00:00,68.49,29.875,0.0
2015-06-03 19:00:00,70.96,29.875,0.0
2015-06-03 20:00:00,72.51,25.638000000000034,0.0
2015-06-03 21:00:00,66.81,25.638000000000034,0.0
2015-06-03 22:00:00,64.74,25.638000000000034,0.0
2015-06-03 23:00:00,62.03,22.411,0.0
2015-06-04 00:00:00,57.84,22.411,0.0
2015-06-04 01:00:00,57.11,22.411,0.0
2015-06-04 02:00:00,55.73,18.571000000000026,0.0
2015-06-04 03:00:00,57.67,18.571000000000026,0.0
2015-06-04 04:00:00,61.54,18.571000000000026,0.0
2015-06-04 05:00:00,65.08,17.156000000000006,0.0
2015-06-04 06:00:00,70.17,17.156000000000006,0.0
2015-06-04 07:00:00,70.65,17.156000000000006,0.0
2015-06-04 08:00:00,70.33,24.188000000000045,0.0
2015-06-04 09:00:00,72.08,24.188000000000045,0.0
2015-06-04 10:00:00,72.47,24.188000000000045,0.0
2015-06-04 11:00:00,72.3,28.628000000000043,0.0
2015-06-04 12:00:00,70.56,28.628000000000043,0.0
2015-06-04 13:00:00,68.39,28.628000000000043,0.0
2015-06-04 14:00:00,68.38,30.174000000000035,0.0
2015-06-04 15:00:00,69.72,30.174000000000035,0.0
2015-06-04 16:00:00,69.09,30.65400000000011,0.0
2015-06-04 17:00:00,69.23,29.503000000000043,0.0
2015-06-04 18:00:00,70.05,29.503000000000043,0.0
2015-06-04 19:00:00,71.36,29.503000000000043,0.0
2015-06-04 20:00:00,71.8,23.19100000000003,0.0
2015-06-04 21:00:00,67.26,23.19100000000003,0.0
2015-06-04 22:00:00,62.59,23.19100000000003,0.0
2015-06-04 23:00:00,56.81,20.80600000000004,0.0
2015-06-05 00:00:00,53.64,20.80600000000004,0.0
2015-06-05 01:00:00,53.61,20.80600000000004,0.0
2015-06-05 02:00:00,53.54,17.91900000000004,0.0
2015-06-05 03:00:00,53.37,17.91900000000004,0.0
2015-06-05 04:00:00,60.69,17.91900000000004,0.0
2015-06-05 05:00:00,65.43,16.759000000000015,0.0
2015-06-05 06:00:00,70.85,16.759000000000015,0.0
2015-06-05 07:00:00,72.19,16.759000000000015,0.0
2015-06-05 08:00:00,72.93,24.54400000000004,0.0
2015-06-05 09:00:00,74.04,24.54400000000004,0.0
2015-06-05 10:00:00,73.92,24.54400000000004,0.0
2015-06-05 11:00:00,74.52,29.198000000000036,0.0
2015-06-05 12:00:00,73.15,29.198000000000036,0.0
2015-06-05 13:00:00,70.42,29.198000000000036,0.0
2015-06-05 14:00:00,69.77,30.51800000000003,0.0
2015-06-05 15:00:00,69.94,30.51800000000003,0.0
2015-06-05 16:00:00,69.68,31.021000000000015,0.0
2015-06-05 17:00:00,68.9,29.837000000000046,0.0
2015-06-05 18:00:00,70.78,29.837000000000046,0.0
2015-06-05 19:00:00,70.87,29.837000000000046,0.0
2015-06-05 20:00:00,68.91,20.472000000000037,0.0
2015-06-05 21:00:00,63.88,20.472000000000037,0.0
2015-06-05 22:00:00,59.47,20.472000000000037,0.0
2015-06-05 23:00:00,54.79,17.241000000000042,0.0
2015-06-06 00:00:00,53.28,17.241000000000042,0.0
2015-06-06 01:00:00,52.69,17.241000000000042,0.0
2015-06-06 02:00:00,52.19,15.635000000000048,0.0
2015-06-06 03:00:00,51.62,15.635000000000048,0.0
2015-06-06 04:00:00,51.44,15.635000000000048,0.0
2015-06-06 05:00:00,52.43,16.241000000000042,0.0
2015-06-06 06:00:00,55.82,16.241000000000042,0.0
2015-06-06 07:00:00,62.83,16.241000000000042,0.0
2015-06-06 08:00:00,64.26,26.126000000000033,0.0
2015-06-06 09:00:00,67.14,26.126000000000033,0.0
2015-06-06 10:00:00,67.17,26.126000000000033,0.0
2015-06-06 11:00:00,69.56,31.696000000000026,0.0
2015-06-06 12:00:00,67.23,31.696000000000026,0.0
2015-06-06 13:00:00,59.95,31.696000000000026,0.0
2015-06-06 14:00:00,54.72,32.61500000000001,0.0
2015-06-06 15:00:00,54.05,32.61500000000001,0.0
2015-06-06 16:00:00,54.02,31.936000000000035,0.0
2015-06-06 17:00:00,54.54,30.621000000000038,0.0
2015-06-06 18:00:00,55.45,30.621000000000038,0.0
2015-06-06 19:00:00,65.17,30.621000000000038,0.0
2015-06-06 20:00:00,67.27,24.854000000000042,0.0
2015-06-06 21:00:00,55.63,24.854000000000042,0.0
2015-06-06 22:00:00,58.73,24.854000000000042,0.0
2015-06-06 23:00:00,54.0,22.793000000000006,0.0
2015-06-07 00:00:00,52.3,22.793000000000006,0.0
2015-06-07 01:00:00,52.42,22.793000000000006,0.0
2015-06-07 02:00:00,52.55,18.20300000000003,0.0
2015-06-07 03:00:00,52.55,18.20300000000003,0.0
2015-06-07 04:00:00,52.16,18.20300000000003,0.0
2015-06-07 05:00:00,51.66,17.503000000000043,0.0
2015-06-07 06:00:00,54.11,17.503000000000043,0.0
2015-06-07 07:00:00,54.73,17.503000000000043,0.0
2015-06-07 08:00:00,54.06,26.512000000000114,0.0
2015-06-07 09:00:00,57.69,26.512000000000114,0.0
2015-06-07 10:00:00,62.62,26.512000000000114,0.0
2015-06-07 11:00:00,66.29,30.884000000000015,0.0
2015-06-07 12:00:00,65.85,30.884000000000015,0.0
2015-06-07 13:00:00,55.25,30.884000000000015,0.0
2015-06-07 14:00:00,54.81,32.013000000000034,0.0
2015-06-07 15:00:00,54.95,32.013000000000034,0.0
2015-06-07 16:00:00,55.71,32.31800000000004,0.0
2015-06-07 17:00:00,57.84,31.074000000000012,0.0
2015-06-07 18:00:00,56.52,31.074000000000012,0.0
2015-06-07 19:00:00,65.97,31.074000000000012,0.0
2015-06-07 20:00:00,72.15,23.607000000000028,0.0
2015-06-07 21:00:00,64.95,23.607000000000028,0.0
2015-06-07 22:00:00,64.93,23.607000000000028,0.0
2015-06-07 23:00:00,56.48,20.048000000000002,0.0
2015-06-08 00:00:00,54.38,20.048000000000002,0.0
2015-06-08 01:00:00,54.7,20.048000000000002,0.0
2015-06-08 02:00:00,54.33,15.753000000000043,0.0
2015-06-08 03:00:00,54.53,15.753000000000043,0.0
2015-06-08 04:00:00,56.85,15.753000000000043,0.0
2015-06-08 05:00:00,64.35,15.520000000000039,0.0
2015-06-08 06:00:00,70.59,15.520000000000039,0.0
2015-06-08 07:00:00,72.04,15.520000000000039,0.0
2015-06-08 08:00:00,73.48,26.17700000000002,0.0
2015-06-08 09:00:00,75.43,28.08000000000004,0.0
2015-06-08 10:00:00,76.13,28.05000000000001,0.0
2015-06-08 11:00:00,76.02,28.510000000000048,0.0
2015-06-08 12:00:00,73.67,29.29000000000002,0.0
2015-06-08 13:00:00,71.2,30.05000000000001,0.0
2015-06-08 14:00:00,70.83,30.950000000000045,0.0
2015-06-08 15:00:00,71.87,31.5,0.0
2015-06-08 16:00:00,71.71,31.610000000000014,0.0
2015-06-08 17:00:00,71.1,31.860000000000014,0.0
2015-06-08 18:00:00,70.14,31.160000000000025,0.0
2015-06-08 19:00:00,72.26,29.189999999999998,0.0
2015-06-08 20:00:00,71.78,29.670000000000016,0.0
2015-06-08 21:00:00,65.45,28.410000000000025,0.0
2015-06-08 22:00:00,62.75,26.33000000000004,0.0
2015-06-08 23:00:00,54.5,25.55000000000001,0.0
2015-06-09 00:00:00,53.12,24.180000000000007,0.0
2015-06-09 01:00:00,53.39,22.650000000000034,0.0
2015-06-09 02:00:00,52.82,21.04000000000002,0.0
2015-06-09 03:00:00,53.37,19.49000000000001,0.0
2015-06-09 04:00:00,57.57,18.480000000000018,0.0
2015-06-09 05:00:00,63.76,17.860000000000014,0.0
2015-06-09 06:00:00,72.12,20.08000000000004,0.0
2015-06-09 07:00:00,72.86,22.360000000000014,0.0
2015-06-09 08:00:00,72.99,24.82000000000005,0.0
2015-06-09 09:00:00,74.89,26.05000000000001,0.0
2015-06-09 10:00:00,75.51,28.730000000000018,0.0
2015-06-09 11:00:00,75.48,28.670000000000016,0.0
2015-06-09 12:00:00,74.68,30.189999999999998,0.0
2015-06-09 13:00:00,71.37,30.760000000000048,0.0
2015-06-09 14:00:00,70.51,29.840000000000032,0.0
2015-06-09 15:00:00,72.01,29.600000000000023,0.0
2015-06-09 16:00:00,72.16,24.560000000000002,0.0
2015-06-09 17:00:00,70.61,25.03000000000003,0.0
2015-06-09 18:00:00,71.45,24.24000000000001,0.0
2015-06-09 19:00:00,73.06,21.140000000000043,0.0
2015-06-09 20:00:00,73.6,19.58000000000004,0.0
2015-06-09 21:00:00,69.98,18.32000000000005,0.0
2015-06-09 22:00:00,65.66,16.850000000000023,0.0
2015-06-09 23:00:00,60.81,16.860000000000014,0.0
2015-06-10 00:00:00,58.52,16.930000000000007,0.0
2015-06-10 01:00:00,56.2,18.010000000000048,0.0
2015-06-10 02:00:00,56.56,17.230000000000018,0.0
2015-06-10 03:00:00,58.12,17.090000000000032,0.0
2015-06-10 04:00:00,62.35,16.730000000000018,0.0
2015-06-10 05:00:00,64.46,16.840000000000032,0.0
2015-06-10 06:00:00,72.15,17.670000000000016,0.0
2015-06-10 07:00:00,71.3,17.970000000000027,0.0
2015-06-10 08:00:00,71.56,18.55000000000001,0.0
2015-06-10 09:00:00,73.43,18.54000000000002,0.0
2015-06-10 10:00:00,73.33,20.620000000000005,0.0
2015-06-10 11:00:00,72.59,22.0,0.0
2015-06-10 12:00:00,68.28,23.710000000000036,0.0
2015-06-10 13:00:00,64.19,25.360000000000014,0.0
2015-06-10 14:00:00,64.95,23.850000000000023,0.0
2015-06-10 15:00:00,66.67,22.30000000000001,0.0
2015-06-10 16:00:00,69.82,23.28000000000003,0.0
2015-06-10 17:00:00,70.25,23.54000000000002,0.0
2015-06-10 18:00:00,71.05,23.090000000000032,0.0
2015-06-10 19:00:00,72.68,23.370000000000005,0.0
2015-06-10 20:00:00,73.44,22.670000000000016,0.0
2015-06-10 21:00:00,70.31,20.340000000000032,0.0
2015-06-10 22:00:00,69.58,20.010000000000048,0.0
2015-06-10 23:00:00,63.64,19.680000000000007,0.0
2015-06-11 00:00:00,61.6,20.0,0.0
2015-06-11 01:00:00,59.75,19.680000000000007,0.0
2015-06-11 02:00:00,59.91,18.879999999999995,0.0
2015-06-11 03:00:00,61.17,18.07000000000005,0.0
2015-06-11 04:00:00,63.05,17.75,0.0
2015-06-11 05:00:00,67.29,16.910000000000025,0.0
2015-06-11 06:00:00,72.6,17.939999999999998,0.0
2015-06-11 07:00:00,74.47,17.980000000000018,0.0
2015-06-11 08:00:00,75.74,19.129999999999995,0.0
2015-06-11 09:00:00,78.3,18.360000000000014,0.0
2015-06-11 10:00:00,78.28,15.740000000000009,0.0
2015-06-11 11:00:00,78.19,13.800000000000011,0.0
2015-06-11 12:00:00,75.24,21.34400000000005,0.0
2015-06-11 13:00:00,70.73,21.34400000000005,0.0
2015-06-11 14:00:00,70.15,23.94100000000003,0.0
2015-06-11 15:00:00,71.75,23.94100000000003,0.0
2015-06-11 16:00:00,72.31,22.463000000000022,0.0
2015-06-11 17:00:00,71.32,20.20700000000005,0.0
2015-06-11 18:00:00,72.71,20.20700000000005,0.0
2015-06-11 19:00:00,74.85,20.20700000000005,0.0
2015-06-11 20:00:00,75.99,17.390000000000043,0.0
2015-06-11 21:00:00,73.95,17.390000000000043,0.0
2015-06-11 22:00:00,70.31,17.390000000000043,0.0
2015-06-11 23:00:00,68.04,13.504000000000019,0.0
2015-06-12 00:00:00,64.31,13.504000000000019,0.0
2015-06-12 01:00:00,61.17,13.504000000000019,0.0
2015-06-12 02:00:00,57.93,13.736000000000047,0.0
2015-06-12 03:00:00,57.3,13.736000000000047,0.0
2015-06-12 04:00:00,62.74,13.736000000000047,0.0
2015-06-12 05:00:00,66.97,14.343000000000018,0.0
2015-06-12 06:00:00,72.45,14.343000000000018,0.0
2015-06-12 07:00:00,73.56,14.343000000000018,0.0
2015-06-12 08:00:00,73.53,18.84200000000004,0.0
2015-06-12 09:00:00,75.46,18.84200000000004,0.0
2015-06-12 10:00:00,75.29,18.84200000000004,0.0
2015-06-12 11:00:00,75.47,20.371000000000038,0.0
2015-06-12 12:00:00,71.1,20.371000000000038,0.0
2015-06-12 13:00:00,65.59,20.371000000000038,0.0
2015-06-12 14:00:00,64.18,22.474000000000046,0.0
2015-06-12 15:00:00,64.78,22.474000000000046,0.0
2015-06-12 16:00:00,65.05,20.771000000000015,0.0
2015-06-12 17:00:00,65.14,20.965000000000032,0.0
2015-06-12 18:00:00,69.6,20.965000000000032,0.0
2015-06-12 19:00:00,72.63,20.965000000000032,0.0
2015-06-12 20:00:00,73.6,16.55600000000004,0.0
2015-06-12 21:00:00,71.77,16.55600000000004,0.0
2015-06-12 22:00:00,68.69,16.55600000000004,0.0
2015-06-12 23:00:00,67.66,12.992999999999995,0.0
2015-06-13 00:00:00,63.83,12.992999999999995,0.0
2015-06-13 01:00:00,61.6,12.992999999999995,0.0
2015-06-13 02:00:00,62.08,10.811000000000035,0.0
2015-06-13 03:00:00,62.18,10.811000000000035,0.0
2015-06-13 04:00:00,61.78,10.811000000000035,0.0
2015-06-13 05:00:00,61.03,13.512000000000114,0.0
2015-06-13 06:00:00,65.87,13.512000000000114,0.0
2015-06-13 07:00:00,68.66,13.512000000000114,0.0
2015-06-13 08:00:00,70.45,17.492999999999995,0.0
2015-06-13 09:00:00,71.76,17.492999999999995,0.0
2015-06-13 10:00:00,71.76,17.492999999999995,0.0
2015-06-13 11:00:00,70.1,19.730999999999995,0.0
2015-06-13 12:00:00,68.13,19.730999999999995,0.0
2015-06-13 13:00:00,62.84,19.730999999999995,0.0
2015-06-13 14:00:00,57.86,20.539000000000044,0.0
2015-06-13 15:00:00,57.02,20.539000000000044,0.0
2015-06-13 16:00:00,61.19,19.246000000000038,0.0
2015-06-13 17:00:00,65.24,19.93900000000002,0.0
2015-06-13 18:00:00,67.43,19.93900000000002,0.0
2015-06-13 19:00:00,69.98,19.93900000000002,0.0
2015-06-13 20:00:00,72.12,15.469000000000051,0.0
2015-06-13 21:00:00,67.13,15.469000000000051,0.0
2015-06-13 22:00:00,66.52,15.469000000000051,0.0
2015-06-13 23:00:00,60.44,13.010000000000048,0.0
2015-06-14 00:00:00,57.04,13.010000000000048,0.0
2015-06-14 01:00:00,55.91,13.010000000000048,0.0
2015-06-14 02:00:00,55.23,9.939999999999998,0.0
2015-06-14 03:00:00,55.56,9.939999999999998,0.0
2015-06-14 04:00:00,55.59,9.939999999999998,0.0
2015-06-14 05:00:00,55.01,9.687000000000012,0.0
2015-06-14 06:00:00,57.2,9.687000000000012,0.0
2015-06-14 07:00:00,58.93,9.687000000000012,0.0
2015-06-14 08:00:00,58.93,17.200000000000045,0.0
2015-06-14 09:00:00,62.8,17.200000000000045,0.0
2015-06-14 10:00:00,63.88,17.200000000000045,0.0
2015-06-14 11:00:00,65.87,20.40400000000011,0.0
2015-06-14 12:00:00,64.59,20.40400000000011,0.0
2015-06-14 13:00:00,61.09,20.40400000000011,0.0
2015-06-14 14:00:00,58.19,21.074000000000012,0.0
2015-06-14 15:00:00,58.05,21.074000000000012,0.0
2015-06-14 16:00:00,62.33,21.27800000000002,0.0
2015-06-14 17:00:00,66.34,20.32900000000012,0.0
2015-06-14 18:00:00,67.27,20.32900000000012,0.0
2015-06-14 19:00:00,72.37,20.32900000000012,0.0
2015-06-14 20:00:00,74.31,17.751000000000033,0.0
2015-06-14 21:00:00,70.5,17.751000000000033,0.0
2015-06-14 22:00:00,63.39,17.751000000000033,0.0
2015-06-14 23:00:00,57.18,14.383000000000038,0.0
2015-06-15 00:00:00,53.46,14.383000000000038,0.0
2015-06-15 01:00:00,52.51,14.383000000000038,0.0
2015-06-15 02:00:00,51.69,11.714000000000112,0.0
2015-06-15 03:00:00,52.23,11.714000000000112,0.0
2015-06-15 04:00:00,56.64,11.714000000000112,0.0
2015-06-15 05:00:00,61.67,11.506000000000029,0.0
2015-06-15 06:00:00,70.42,11.506000000000029,0.0
2015-06-15 07:00:00,73.82,11.506000000000029,0.0
2015-06-15 08:00:00,74.03,14.189999999999998,0.0
2015-06-15 09:00:00,75.58,14.189999999999998,0.0
2015-06-15 10:00:00,76.76,14.189999999999998,0.0
2015-06-15 11:00:00,76.51,17.010000000000048,0.0
2015-06-15 12:00:00,75.1,16.970000000000027,0.0
2015-06-15 13:00:00,71.3,17.980000000000018,0.0
2015-06-15 14:00:00,70.71,18.620000000000005,0.0
2015-06-15 15:00:00,70.89,19.430000000000007,0.0
2015-06-15 16:00:00,70.93,19.82000000000005,0.0
2015-06-15 17:00:00,67.9,19.33000000000004,0.0
2015-06-15 18:00:00,68.85,16.850000000000023,0.0
2015-06-15 19:00:00,69.82,13.920000000000016,0.0
2015-06-15 20:00:00,69.36,13.650000000000034,0.0
2015-06-15 21:00:00,63.52,13.810000000000002,0.0
2015-06-15 22:00:00,61.31,13.53000000000003,0.0
2015-06-15 23:00:00,55.7,13.32000000000005,0.0
2015-06-16 00:00:00,53.5,13.140000000000043,0.0
2015-06-16 01:00:00,52.86,13.360000000000014,0.0
2015-06-16 02:00:00,52.21,12.670000000000016,0.0
2015-06-16 03:00:00,52.86,12.07000000000005,0.0
2015-06-16 04:00:00,55.52,11.740000000000009,0.0
2015-06-16 05:00:00,61.74,11.54000000000002,0.0
2015-06-16 06:00:00,69.62,14.100000000000023,0.0
2015-06-16 07:00:00,71.61,16.410000000000025,0.0
2015-06-16 08:00:00,71.59,19.100000000000023,0.0
2015-06-16 09:00:00,76.55,20.27000000000004,0.0
2015-06-16 10:00:00,77.45,21.879999999999995,0.0
2015-06-16 11:00:00,77.7,20.75,0.0
2015-06-16 12:00:00,74.56,22.010000000000048,0.0
2015-06-16 13:00:00,72.27,23.360000000000014,0.0
2015-06-16 14:00:00,72.02,23.939999999999998,0.0
2015-06-16 15:00:00,72.11,24.610000000000014,0.0
2015-06-16 16:00:00,71.63,24.53000000000003,0.0
2015-06-16 17:00:00,68.83,23.870000000000005,0.0
2015-06-16 18:00:00,69.13,23.53000000000003,0.0
2015-06-16 19:00:00,70.32,23.150000000000034,0.0
2015-06-16 20:00:00,69.39,21.210000000000036,0.0
2015-06-16 21:00:00,63.99,19.340000000000032,0.0
2015-06-16 22:00:00,56.08,18.5,0.0
2015-06-16 23:00:00,52.14,17.620000000000005,0.0
2015-06-17 00:00:00,50.93,16.74000000000001,0.0
2015-06-17 01:00:00,48.1,16.200000000000045,0.0
2015-06-17 02:00:00,47.55,15.650000000000034,0.0
2015-06-17 03:00:00,47.78,14.890000000000043,0.0
2015-06-17 04:00:00,51.3,13.680000000000007,0.0
2015-06-17 05:00:00,60.67,12.550000000000011,0.0
2015-06-17 06:00:00,68.45,15.140000000000043,0.0
2015-06-17 07:00:00,69.13,17.010000000000048,0.0
2015-06-17 08:00:00,69.87,19.620000000000005,0.0
2015-06-17 09:00:00,75.07,22.04000000000002,0.0
2015-06-17 10:00:00,74.53,22.28000000000003,0.0
2015-06-17 11:00:00,75.0,21.900000000000034,0.0
2015-06-17 12:00:00,71.34,23.150000000000034,0.0
2015-06-17 13:00:00,63.92,24.30000000000001,0.0
2015-06-17 14:00:00,65.97,25.110000000000014,0.0
2015-06-17 15:00:00,67.44,25.420000000000016,0.0
2015-06-17 16:00:00,64.02,26.090000000000032,0.0
2015-06-17 17:00:00,58.58,25.57000000000005,0.0
2015-06-17 18:00:00,59.82,25.010000000000048,0.0
2015-06-17 19:00:00,64.27,23.850000000000023,0.0
2015-06-17 20:00:00,64.33,21.890000000000043,0.0
2015-06-17 21:00:00,55.93,20.340000000000032,0.0
2015-06-17 22:00:00,48.8,18.910000000000025,0.0
2015-06-17 23:00:00,44.79,17.670000000000016,0.0
2015-06-18 00:00:00,40.52,16.660000000000025,0.0
2015-06-18 01:00:00,38.53,16.04000000000002,0.0
2015-06-18 02:00:00,38.56,15.650000000000034,0.0
2015-06-18 03:00:00,40.44,14.930000000000007,0.0
2015-06-18 04:00:00,45.16,14.53000000000003,0.0
2015-06-18 05:00:00,50.94,14.020000000000039,0.0
2015-06-18 06:00:00,57.72,16.05000000000001,0.0
2015-06-18 07:00:00,63.01,17.82000000000005,0.0
2015-06-18 08:00:00,65.03,20.460000000000036,0.0
2015-06-18 09:00:00,70.47,22.77000000000004,0.0
2015-06-18 10:00:00,72.56,24.660000000000025,0.0
2015-06-18 11:00:00,72.76,24.53000000000003,0.0
2015-06-18 12:00:00,70.61,24.670000000000016,0.0
2015-06-18 13:00:00,64.09,27.718000000000018,0.0
2015-06-18 14:00:00,69.17,29.924000000000035,0.0
2015-06-18 15:00:00,69.58,29.924000000000035,0.0
2015-06-18 16:00:00,69.44,29.55800000000005,0.0
2015-06-18 17:00:00,65.42,29.10300000000001,0.0
2015-06-18 18:00:00,66.93,29.10300000000001,0.0
2015-06-18 19:00:00,68.77,29.10300000000001,0.0
2015-06-18 20:00:00,69.09,21.64300000000003,0.0
2015-06-18 21:00:00,56.87,21.64300000000003,0.0
2015-06-18 22:00:00,51.24,21.64300000000003,0.0
2015-06-18 23:00:00,46.49,19.982000000000028,0.0
2015-06-19 00:00:00,44.1,19.982000000000028,0.0
2015-06-19 01:00:00,43.49,19.982000000000028,0.0
2015-06-19 02:00:00,42.94,17.749000000000024,0.0
2015-06-19 03:00:00,42.81,17.749000000000024,0.0
2015-06-19 04:00:00,49.91,17.749000000000024,0.0
2015-06-19 05:00:00,58.55,17.76600000000002,0.0
2015-06-19 06:00:00,69.46,17.76600000000002,0.0
2015-06-19 07:00:00,68.65,17.76600000000002,0.0
2015-06-19 08:00:00,69.82,25.66300000000001,0.0
2015-06-19 09:00:00,74.08,25.66300000000001,0.0
2015-06-19 10:00:00,75.17,25.66300000000001,0.0
2015-06-19 11:00:00,74.32,30.090000000000032,0.0
2015-06-19 12:00:00,72.69,30.090000000000032,0.0
2015-06-19 13:00:00,71.08,30.090000000000032,0.0
2015-06-19 14:00:00,69.97,32.15100000000001,0.0
2015-06-19 15:00:00,69.42,32.15100000000001,0.0
2015-06-19 16:00:00,68.0,32.120000000000005,0.0
2015-06-19 17:00:00,60.38,31.52900000000011,0.0
2015-06-19 18:00:00,62.31,31.52900000000011,0.0
2015-06-19 19:00:00,66.12,31.52900000000011,0.0
2015-06-19 20:00:00,65.55,24.060000000000002,0.0
2015-06-19 21:00:00,56.5,24.060000000000002,0.0
2015-06-19 22:00:00,55.43,24.060000000000002,0.0
2015-06-19 23:00:00,51.09,22.257000000000005,0.0
2015-06-20 00:00:00,47.38,22.257000000000005,0.0
2015-06-20 01:00:00,45.06,22.257000000000005,0.0
2015-06-20 02:00:00,43.13,19.10300000000001,0.0
2015-06-20 03:00:00,42.7,19.10300000000001,0.0
2015-06-20 04:00:00,42.99,19.10300000000001,0.0
2015-06-20 05:00:00,46.49,18.146000000000015,0.0
2015-06-20 06:00:00,52.97,18.146000000000015,0.0
2015-06-20 07:00:00,57.86,18.146000000000015,0.0
2015-06-20 08:00:00,62.42,25.906000000000006,0.0
2015-06-20 09:00:00,64.34,25.906000000000006,0.0
2015-06-20 10:00:00,64.05,25.906000000000006,0.0
2015-06-20 11:00:00,64.84,30.88100000000003,0.0
2015-06-20 12:00:00,64.05,30.88100000000003,0.0
2015-06-20 13:00:00,59.55,30.88100000000003,0.0
2015-06-20 14:00:00,55.23,32.88900000000001,0.0
2015-06-20 15:00:00,53.68,32.88900000000001,0.0
2015-06-20 16:00:00,56.18,32.44400000000002,0.0
2015-06-20 17:00:00,58.33,31.619000000000028,0.0
2015-06-20 18:00:00,63.16,31.619000000000028,0.0
2015-06-20 19:00:00,66.17,31.619000000000028,0.0
2015-06-20 20:00:00,66.25,21.726,0.0
2015-06-20 21:00:00,63.76,21.726,0.0
2015-06-20 22:00:00,56.03,21.726,0.0
2015-06-20 23:00:00,53.62,18.96900000000005,0.0
2015-06-21 00:00:00,52.6,18.96900000000005,0.0
2015-06-21 01:00:00,52.53,18.96900000000005,0.0
2015-06-21 02:00:00,51.97,17.68300000000005,0.0
2015-06-21 03:00:00,52.11,17.68300000000005,0.0
2015-06-21 04:00:00,51.88,17.68300000000005,0.0
2015-06-21 05:00:00,51.2,16.947000000000003,0.0
2015-06-21 06:00:00,52.86,16.947000000000003,0.0
2015-06-21 07:00:00,53.03,16.947000000000003,0.0
2015-06-21 08:00:00,59.35,27.623000000000047,0.0
2015-06-21 09:00:00,64.13,27.623000000000047,0.0
2015-06-21 10:00:00,63.33,27.623000000000047,0.0
2015-06-21 11:00:00,64.86,33.622000000000014,0.0
2015-06-21 12:00:00,62.73,33.622000000000014,0.0
2015-06-21 13:00:00,54.46,33.622000000000014,0.0
2015-06-21 14:00:00,54.2,34.90300000000002,0.0
2015-06-21 15:00:00,53.48,34.90300000000002,0.0
2015-06-21 16:00:00,62.76,34.77000000000004,0.0
2015-06-21 17:00:00,64.61,33.697,0.0
2015-06-21 18:00:00,65.42,33.697,0.0
2015-06-21 19:00:00,67.15,33.697,0.0
2015-06-21 20:00:00,71.08,25.94300000000004,0.0
2015-06-21 21:00:00,65.82,25.94300000000004,0.0
2015-06-21 22:00:00,67.21,25.94300000000004,0.0
2015-06-21 23:00:00,63.46,26.364000000000033,0.0
2015-06-22 00:00:00,61.87,26.364000000000033,0.0
2015-06-22 01:00:00,61.91,26.364000000000033,0.0
2015-06-22 02:00:00,61.03,24.77900000000011,0.0
2015-06-22 03:00:00,61.9,24.77900000000011,0.0
2015-06-22 04:00:00,67.71,24.77900000000011,0.0
2015-06-22 05:00:00,69.99,18.714000000000112,0.0
2015-06-22 06:00:00,78.09,18.714000000000112,0.0
2015-06-22 07:00:00,78.63,18.714000000000112,0.0
2015-06-22 08:00:00,78.19,21.27800000000002,0.0
2015-06-22 09:00:00,82.84,21.27800000000002,0.0
2015-06-22 10:00:00,82.57,21.27800000000002,0.0
2015-06-22 11:00:00,81.94,30.960000000000036,0.0
2015-06-22 12:00:00,80.02,30.960000000000036,0.0
2015-06-22 13:00:00,75.57,30.960000000000036,0.0
2015-06-22 14:00:00,76.26,30.01400000000001,0.0
2015-06-22 15:00:00,77.64,30.01400000000001,0.0
2015-06-22 16:00:00,76.93,32.76900000000012,0.0
2015-06-22 17:00:00,73.31,29.039000000000044,0.0
2015-06-22 18:00:00,74.36,29.039000000000044,0.0
2015-06-22 19:00:00,76.93,29.039000000000044,0.0
2015-06-22 20:00:00,76.1,20.900000000000034,0.0
2015-06-22 21:00:00,72.3,20.900000000000034,0.0
2015-06-22 22:00:00,70.1,20.900000000000034,0.0
2015-06-22 23:00:00,67.4,16.14400000000012,0.0
2015-06-23 00:00:00,62.06,16.14400000000012,0.0
2015-06-23 01:00:00,61.02,16.14400000000012,0.0
2015-06-23 02:00:00,60.84,13.79400000000004,0.0
2015-06-23 03:00:00,60.92,13.79400000000004,0.0
2015-06-23 04:00:00,66.56,13.79400000000004,0.0
2015-06-23 05:00:00,68.31,14.658000000000015,0.0
2015-06-23 06:00:00,76.52,14.658000000000015,0.0
2015-06-23 07:00:00,76.59,14.658000000000015,0.0
2015-06-23 08:00:00,77.3,24.65700000000004,0.0
2015-06-23 09:00:00,82.26,24.65700000000004,0.0
2015-06-23 10:00:00,82.18,24.65700000000004,0.0
2015-06-23 11:00:00,80.6,30.16900000000004,0.0
2015-06-23 12:00:00,75.35,30.16900000000004,0.0
2015-06-23 13:00:00,69.27,30.16900000000004,0.0
2015-06-23 14:00:00,68.66,30.99000000000001,0.0
2015-06-23 15:00:00,69.61,30.99000000000001,0.0
2015-06-23 16:00:00,70.2,27.523000000000025,0.0
2015-06-23 17:00:00,67.12,19.977000000000032,0.0
2015-06-23 18:00:00,72.55,19.977000000000032,0.0
2015-06-23 19:00:00,75.64,19.977000000000032,0.0
2015-06-23 20:00:00,75.69,15.573000000000036,0.0
2015-06-23 21:00:00,66.81,15.573000000000036,0.0
2015-06-23 22:00:00,64.03,15.573000000000036,0.0
2015-06-23 23:00:00,62.51,14.710000000000036,0.0
2015-06-24 00:00:00,59.28,14.710000000000036,0.0
2015-06-24 01:00:00,58.11,14.710000000000036,0.0
2015-06-24 02:00:00,58.15,13.408000000000015,0.0
2015-06-24 03:00:00,60.91,13.408000000000015,0.0
2015-06-24 04:00:00,66.05,13.408000000000015,0.0
2015-06-24 05:00:00,68.5,14.686000000000035,0.0
2015-06-24 06:00:00,76.38,14.686000000000035,0.0
2015-06-24 07:00:00,76.23,14.686000000000035,0.0
2015-06-24 08:00:00,76.82,20.991000000000042,0.0
2015-06-24 09:00:00,81.43,20.991000000000042,0.0
2015-06-24 10:00:00,82.13,20.991000000000042,0.0
2015-06-24 11:00:00,81.16,26.525000000000034,0.0
2015-06-24 12:00:00,78.75,26.525000000000034,0.0
2015-06-24 13:00:00,76.05,26.525000000000034,0.0
2015-06-24 14:00:00,75.4,28.552999999999997,0.0
2015-06-24 15:00:00,76.13,28.552999999999997,0.0
2015-06-24 16:00:00,76.82,29.617999999999995,0.0
2015-06-24 17:00:00,72.54,29.182000000000016,0.0
2015-06-24 18:00:00,73.92,29.182000000000016,0.0
2015-06-24 19:00:00,76.12,29.182000000000016,0.0
2015-06-24 20:00:00,76.57,22.721000000000004,0.0
2015-06-24 21:00:00,71.08,22.721000000000004,0.0
2015-06-24 22:00:00,68.45,22.721000000000004,0.0
2015-06-24 23:00:00,67.74,19.810000000000002,0.0
2015-06-25 00:00:00,63.45,19.810000000000002,0.0
2015-06-25 01:00:00,62.15,19.810000000000002,0.0
2015-06-25 02:00:00,62.06,16.146000000000015,0.0
2015-06-25 03:00:00,66.12,16.146000000000015,0.0
2015-06-25 04:00:00,68.56,16.146000000000015,0.0
2015-06-25 05:00:00,69.71,16.06600000000003,0.0
2015-06-25 06:00:00,75.83,16.06600000000003,0.0
2015-06-25 07:00:00,76.0,16.06600000000003,0.0
2015-06-25 08:00:00,77.01,25.19300000000004,0.0
2015-06-25 09:00:00,82.32,27.950000000000045,0.0
2015-06-25 10:00:00,82.1,27.28000000000003,0.0
2015-06-25 11:00:00,81.09,27.460000000000036,0.0
2015-06-25 12:00:00,78.8,28.650000000000034,0.0
2015-06-25 13:00:00,76.08,29.960000000000036,0.0
2015-06-25 14:00:00,76.36,30.610000000000014,0.0
2015-06-25 15:00:00,77.9,31.230000000000018,0.0
2015-06-25 16:00:00,78.45,31.650000000000034,0.0
2015-06-25 17:00:00,73.21,31.670000000000016,0.0
2015-06-25 18:00:00,73.15,31.629999999999995,0.0
2015-06-25 19:00:00,76.63,30.52000000000004,0.0
2015-06-25 20:00:00,77.52,28.439999999999998,0.0
2015-06-25 21:00:00,71.7,27.25,0.0
2015-06-25 22:00:00,70.78,24.390000000000043,0.0
2015-06-25 23:00:00,68.45,22.350000000000023,0.0
2015-06-26 00:00:00,66.32,22.150000000000034,0.0
2015-06-26 01:00:00,66.55,20.920000000000016,0.0
2015-06-26 02:00:00,66.51,18.810000000000002,0.0
2015-06-26 03:00:00,67.44,19.08000000000004,0.0
2015-06-26 04:00:00,69.5,17.910000000000025,0.0
2015-06-26 05:00:00,70.58,17.390000000000043,0.0
2015-06-26 06:00:00,76.98,20.129999999999995,0.0
2015-06-26 07:00:00,78.13,23.110000000000014,0.0
2015-06-26 08:00:00,78.53,25.340000000000032,0.0
2015-06-26 09:00:00,84.04,28.700000000000045,0.0
2015-06-26 10:00:00,83.65,29.879999999999995,0.0
2015-06-26 11:00:00,83.05,30.379999999999995,0.0
2015-06-26 12:00:00,80.45,31.860000000000014,0.0
2015-06-26 13:00:00,77.52,32.85000000000002,0.0
2015-06-26 14:00:00,76.47,33.379999999999995,0.0
2015-06-26 15:00:00,77.39,33.670000000000016,0.0
2015-06-26 16:00:00,77.91,33.870000000000005,0.0
2015-06-26 17:00:00,74.66,34.06,0.0
2015-06-26 18:00:00,73.61,33.84000000000003,0.0
2015-06-26 19:00:00,73.55,32.900000000000034,0.0
2015-06-26 20:00:00,73.55,31.010000000000048,0.0
2015-06-26 21:00:00,68.79,28.24000000000001,0.0
2015-06-26 22:00:00,62.15,27.25,0.0
2015-06-26 23:00:00,56.17,25.600000000000023,0.0
2015-06-27 00:00:00,54.8,24.33000000000004,0.0
2015-06-27 01:00:00,54.94,22.80000000000001,0.0
2015-06-27 02:00:00,54.75,21.360000000000014,0.0
2015-06-27 03:00:00,54.48,20.920000000000016,0.0
2015-06-27 04:00:00,55.16,19.629999999999995,0.0
2015-06-27 05:00:00,56.99,18.930000000000007,0.0
2015-06-27 06:00:00,68.17,21.03000000000003,0.0
2015-06-27 07:00:00,72.26,24.810000000000002,0.0
2015-06-27 08:00:00,72.1,27.629999999999995,0.0
2015-06-27 09:00:00,74.39,31.010000000000048,0.0
2015-06-27 10:00:00,74.5,32.47000000000003,0.0
2015-06-27 11:00:00,74.87,32.53000000000003,0.0
2015-06-27 12:00:00,72.93,34.03000000000003,0.0
2015-06-27 13:00:00,69.53,34.84000000000003,0.0
2015-06-27 14:00:00,68.32,35.200000000000045,0.0
2015-06-27 15:00:00,67.89,35.660000000000025,0.0
2015-06-27 16:00:00,69.28,35.98000000000002,0.0
2015-06-27 17:00:00,66.42,35.950000000000045,0.0
2015-06-27 18:00:00,68.91,35.43000000000001,0.0
2015-06-27 19:00:00,69.45,35.02000000000004,0.0
2015-06-27 20:00:00,71.39,33.49000000000001,0.0
2015-06-27 21:00:00,62.92,32.05000000000001,0.0
2015-06-27 22:00:00,64.51,29.379999999999995,0.0
2015-06-27 23:00:00,57.8,27.610000000000014,0.0
2015-06-28 00:00:00,55.8,25.350000000000023,0.0
2015-06-28 01:00:00,55.39,24.160000000000025,0.0
2015-06-28 02:00:00,55.63,23.08000000000004,0.0
2015-06-28 03:00:00,55.17,21.900000000000034,0.0
2015-06-28 04:00:00,56.07,21.32000000000005,0.0
2015-06-28 05:00:00,55.26,20.57000000000005,0.0
2015-06-28 06:00:00,59.49,22.930000000000007,0.0
2015-06-28 07:00:00,58.14,25.700000000000045,0.0
2015-06-28 08:00:00,57.94,28.610000000000014,0.0
2015-06-28 09:00:00,62.71,31.900000000000034,0.0
2015-06-28 10:00:00,64.31,34.34000000000003,0.0
2015-06-28 11:00:00,67.94,34.170000000000016,0.0
2015-06-28 12:00:00,64.84,35.650000000000034,0.0
2015-06-28 13:00:00,59.36,36.56,0.0
2015-06-28 14:00:00,57.44,36.93000000000001,0.0
2015-06-28 15:00:00,56.68,37.18000000000001,0.0
2015-06-28 16:00:00,57.61,37.39000000000004,0.0
2015-06-28 17:00:00,58.59,37.74000000000001,0.0
2015-06-28 18:00:00,60.09,37.170000000000016,0.0
2015-06-28 19:00:00,68.87,36.09000000000003,0.0
2015-06-28 20:00:00,72.53,33.35000000000002,0.0
2015-06-28 21:00:00,68.22,31.55000000000001,0.0
2015-06-28 22:00:00,59.6,30.870000000000005,0.0
2015-06-28 23:00:00,56.88,29.52000000000004,0.0
2015-06-29 00:00:00,55.61,27.02000000000004,0.0
2015-06-29 01:00:00,55.61,25.970000000000027,0.0
2015-06-29 02:00:00,55.76,25.340000000000032,0.0
2015-06-29 03:00:00,57.61,24.05000000000001,0.0
2015-06-29 04:00:00,67.31,22.57000000000005,0.0
2015-06-29 05:00:00,69.26,22.27000000000004,0.0
2015-06-29 06:00:00,75.41,24.24000000000001,0.0
2015-06-29 07:00:00,75.23,26.28000000000003,0.0
2015-06-29 08:00:00,78.33,30.04000000000002,0.0
2015-06-29 09:00:00,84.2,31.75,0.0
2015-06-29 10:00:00,84.39,34.150000000000034,0.0
2015-06-29 11:00:00,83.07,34.08000000000004,0.0
2015-06-29 12:00:00,79.5,35.49000000000001,0.0
2015-06-29 13:00:00,77.25,37.08000000000004,0.0
2015-06-29 14:00:00,76.75,37.420000000000016,0.0
2015-06-29 15:00:00,77.9,38.27000000000004,0.0
2015-06-29 16:00:00,78.1,38.150000000000034,0.0
2015-06-29 17:00:00,75.02,38.420000000000016,0.0
2015-06-29 18:00:00,74.84,37.960000000000036,0.0
2015-06-29 19:00:00,76.16,37.120000000000005,0.0
2015-06-29 20:00:00,76.96,34.400000000000034,0.0
2015-06-29 21:00:00,73.23,31.450000000000045,0.0
2015-06-29 22:00:00,69.21,30.28000000000003,0.0
2015-06-29 23:00:00,62.38,30.210000000000036,0.0
2015-06-30 00:00:00,57.98,30.54000000000002,0.0
2015-06-30 01:00:00,57.47,29.25,0.0
2015-06-30 02:00:00,57.55,27.010000000000048,0.0
2015-06-30 03:00:00,59.96,24.700000000000045,0.0
2015-06-30 04:00:00,64.66,23.27000000000004,0.0
2015-06-30 05:00:00,66.85,22.840000000000032,0.0
2015-06-30 06:00:00,75.09,23.910000000000025,0.0
2015-06-30 07:00:00,75.98,25.710000000000036,0.0
2015-06-30 08:00:00,77.22,29.870000000000005,0.0
2015-06-30 09:00:00,85.02,31.77000000000004,0.0
2015-06-30 10:00:00,84.23,33.08000000000004,0.0
2015-06-30 11:00:00,80.91,33.379999999999995,0.0
2015-06-30 12:00:00,78.56,34.73000000000002,0.0
2015-06-30 13:00:00,75.89,35.700000000000045,0.0
2015-06-30 14:00:00,74.73,36.710000000000036,0.0
2015-06-30 15:00:00,76.43,37.34000000000003,0.0
2015-06-30 16:00:00,75.65,37.51000000000005,0.0
2015-06-30 17:00:00,72.4,37.56,0.0
2015-06-30 18:00:00,73.35,37.460000000000036,0.0
2015-06-30 19:00:00,74.85,36.26000000000005,0.0
2015-06-30 20:00:00,74.98,33.89000000000004,0.0
2015-06-30 21:00:00,69.08,32.51000000000005,0.0
2015-06-30 22:00:00,68.31,30.390000000000043,0.0
2015-06-30 23:00:00,60.52,28.200000000000045,0.0
2015-07-01 00:00:00,55.91,28.52000000000004,0.0
2015-07-01 01:00:00,55.9,27.090000000000032,0.0
2015-07-01 02:00:00,55.89,24.77000000000004,0.0
2015-07-01 03:00:00,57.6,23.370000000000005,0.0
2015-07-01 04:00:00,65.88,22.340000000000032,0.0
2015-07-01 05:00:00,67.38,21.629999999999995,0.0
2015-07-01 06:00:00,73.42,23.03000000000003,0.0
2015-07-01 07:00:00,75.59,25.160000000000025,0.0
2015-07-01 08:00:00,79.25,28.620000000000005,0.0
2015-07-01 09:00:00,84.24,30.110000000000014,0.0
2015-07-01 10:00:00,82.99,30.720000000000027,0.0
2015-07-01 11:00:00,82.12,31.870000000000005,0.0
2015-07-01 12:00:00,76.93,32.58000000000004,0.0
2015-07-01 13:00:00,75.65,34.60000000000002,0.0
2015-07-01 14:00:00,74.89,34.97000000000003,0.0
2015-07-01 15:00:00,76.1,35.74000000000001,0.0
2015-07-01 16:00:00,76.41,35.28000000000003,0.0
2015-07-01 17:00:00,73.22,35.27000000000004,0.0
2015-07-01 18:00:00,73.99,35.14000000000004,0.0
2015-07-01 19:00:00,76.36,33.74000000000001,0.0
2015-07-01 20:00:00,76.86,32.55000000000001,0.0
2015-07-01 21:00:00,72.44,30.30000000000001,0.0
2015-07-01 22:00:00,68.18,29.420000000000016,0.0
2015-07-01 23:00:00,63.07,27.57000000000005,0.0
2015-07-02 00:00:00,59.58,26.930000000000007,0.0
2015-07-02 01:00:00,59.42,25.53000000000003,0.0
2015-07-02 02:00:00,63.38,25.260000000000048,0.0
2015-07-02 03:00:00,65.68,23.930000000000007,0.0
2015-07-02 04:00:00,68.12,23.55000000000001,0.0
2015-07-02 05:00:00,68.83,23.140000000000043,0.0
2015-07-02 06:00:00,76.93,23.810000000000002,0.0
2015-07-02 07:00:00,80.26,24.150000000000034,0.0
2015-07-02 08:00:00,82.01,25.900000000000034,0.0
2015-07-02 09:00:00,86.42,27.620000000000005,0.0
2015-07-02 10:00:00,87.01,29.370000000000005,0.0
2015-07-02 11:00:00,86.66,28.950000000000045,0.0
2015-07-02 12:00:00,86.0,30.02000000000004,0.0
2015-07-02 13:00:00,83.25,31.410000000000025,0.0
2015-07-02 14:00:00,82.27,31.970000000000027,0.0
2015-07-02 15:00:00,82.89,32.58000000000004,0.0
2015-07-02 16:00:00,82.93,32.77000000000004,0.0
2015-07-02 17:00:00,78.03,33.14000000000004,0.0
2015-07-02 18:00:00,76.44,32.83000000000004,0.0
2015-07-02 19:00:00,77.01,32.650000000000034,0.0
2015-07-02 20:00:00,77.23,31.80000000000001,0.0
2015-07-02 21:00:00,73.87,28.54000000000002,0.0
2015-07-02 22:00:00,68.28,27.010000000000048,0.0
2015-07-02 23:00:00,65.02,27.220000000000027,0.0
2015-07-03 00:00:00,65.01,27.25,0.0
2015-07-03 01:00:00,65.75,26.55000000000001,0.0
2015-07-03 02:00:00,65.97,25.340000000000032,0.0
2015-07-03 03:00:00,65.76,24.29000000000002,0.0
2015-07-03 04:00:00,66.58,23.410000000000025,0.0
2015-07-03 05:00:00,68.05,22.560000000000002,0.0
2015-07-03 06:00:00,74.53,23.720000000000027,0.0
2015-07-03 07:00:00,76.09,25.680000000000007,0.0
2015-07-03 08:00:00,78.23,27.170000000000016,0.0
2015-07-03 09:00:00,82.8,28.900000000000034,0.0
2015-07-03 10:00:00,81.65,30.370000000000005,0.0
2015-07-03 11:00:00,78.44,30.370000000000005,0.0
2015-07-03 12:00:00,72.57,32.79000000000002,0.0
2015-07-03 13:00:00,71.28,33.73000000000002,0.0
2015-07-03 14:00:00,67.31,35.04000000000002,0.0
2015-07-03 15:00:00,76.05,35.35000000000002,0.0
2015-07-03 16:00:00,74.78,36.03000000000003,0.0
2015-07-03 17:00:00,70.09,36.26000000000005,0.0
2015-07-03 18:00:00,71.48,35.920000000000016,0.0
2015-07-03 19:00:00,75.44,35.69,0.0
2015-07-03 20:00:00,76.74,34.74000000000001,0.0
2015-07-03 21:00:00,72.16,32.58000000000004,0.0
2015-07-03 22:00:00,68.5,31.140000000000043,0.0
2015-07-03 23:00:00,59.94,29.620000000000005,0.0
2015-07-04 00:00:00,59.8,28.53000000000003,0.0
2015-07-04 01:00:00,56.89,26.30000000000001,0.0
2015-07-04 02:00:00,56.75,25.28000000000003,0.0
2015-07-04 03:00:00,57.04,24.670000000000016,0.0
2015-07-04 04:00:00,57.4,24.220000000000027,0.0
2015-07-04 05:00:00,57.13,22.33000000000004,0.0
2015-07-04 06:00:00,68.31,23.600000000000023,0.0
2015-07-04 07:00:00,70.16,25.710000000000036,0.0
2015-07-04 08:00:00,73.01,27.460000000000036,0.0
2015-07-04 09:00:00,75.09,29.680000000000007,0.0
2015-07-04 10:00:00,74.63,31.04000000000002,0.0
2015-07-04 11:00:00,74.52,30.760000000000048,0.0
2015-07-04 12:00:00,72.22,32.60000000000002,0.0
2015-07-04 13:00:00,63.84,33.860000000000014,0.0
2015-07-04 14:00:00,60.28,34.85000000000002,0.0
2015-07-04 15:00:00,59.3,35.51000000000005,0.0
2015-07-04 16:00:00,60.53,36.03000000000003,0.0
2015-07-04 17:00:00,61.18,36.32000000000005,0.0
2015-07-04 18:00:00,70.12,36.25,0.0
2015-07-04 19:00:00,74.63,35.670000000000016,0.0
2015-07-04 20:00:00,75.03,34.860000000000014,0.0
2015-07-04 21:00:00,70.3,32.129999999999995,0.0
2015-07-04 22:00:00,70.26,30.140000000000043,0.0
2015-07-04 23:00:00,60.93,28.060000000000002,0.0
2015-07-05 00:00:00,56.37,27.060000000000002,0.0
2015-07-05 01:00:00,54.24,26.5,0.0
2015-07-05 02:00:00,54.0,26.57000000000005,0.0
2015-07-05 03:00:00,53.65,25.629999999999995,0.0
2015-07-05 04:00:00,53.79,24.640000000000043,0.0
2015-07-05 05:00:00,52.76,23.870000000000005,0.0
2015-07-05 06:00:00,55.61,23.150000000000034,0.0
2015-07-05 07:00:00,57.43,26.29000000000002,0.0
2015-07-05 08:00:00,60.7,28.660000000000025,0.0
2015-07-05 09:00:00,65.86,31.410000000000025,0.0
2015-07-05 10:00:00,62.22,32.360000000000014,0.0
2015-07-05 11:00:00,64.38,33.129999999999995,0.0
2015-07-05 12:00:00,62.15,34.54000000000002,0.0
2015-07-05 13:00:00,58.31,35.19,0.0
2015-07-05 14:00:00,57.01,36.05000000000001,0.0
2015-07-05 15:00:00,56.04,36.960000000000036,0.0
2015-07-05 16:00:00,57.12,36.82000000000005,0.0
2015-07-05 17:00:00,58.06,36.69,0.0
2015-07-05 18:00:00,63.21,36.360000000000014,0.0
2015-07-05 19:00:00,75.42,35.64000000000004,0.0
2015-07-05 20:00:00,76.76,34.48000000000002,0.0
2015-07-05 21:00:00,71.59,33.44,0.0
2015-07-05 22:00:00,60.17,30.25,0.0
2015-07-05 23:00:00,56.72,28.74000000000001,0.0
2015-07-06 00:00:00,54.75,28.04000000000002,0.0
2015-07-06 01:00:00,54.32,25.710000000000036,0.0
2015-07-06 02:00:00,53.98,24.370000000000005,0.0
2015-07-06 03:00:00,56.25,23.100000000000023,0.0
2015-07-06 04:00:00,64.72,22.33000000000004,0.0
2015-07-06 05:00:00,65.92,21.78000000000003,0.0
2015-07-06 06:00:00,73.54,23.060000000000002,0.0
2015-07-06 07:00:00,78.87,26.350000000000023,0.0
2015-07-06 08:00:00,81.29,28.930000000000007,0.0
2015-07-06 09:00:00,86.02,32.110000000000014,0.0
2015-07-06 10:00:00,85.79,33.83000000000004,0.0
2015-07-06 11:00:00,84.47,34.460000000000036,0.0
2015-07-06 12:00:00,80.27,36.0,0.0
2015-07-06 13:00:00,75.72,37.51000000000005,0.0
2015-07-06 14:00:00,75.16,38.02000000000004,0.0
2015-07-06 15:00:00,75.74,39.03000000000003,0.0
2015-07-06 16:00:00,75.63,39.39000000000004,0.0
2015-07-06 17:00:00,77.41,39.650000000000034,0.0
2015-07-06 18:00:00,77.2,39.150000000000034,0.0
2015-07-06 19:00:00,76.77,38.08000000000004,0.0
2015-07-06 20:00:00,77.8,36.870000000000005,0.0
2015-07-06 21:00:00,72.65,33.23000000000002,0.0
2015-07-06 22:00:00,70.94,31.53000000000003,0.0
2015-07-06 23:00:00,68.21,29.58000000000004,0.0
2015-07-07 00:00:00,59.13,28.129999999999995,0.0
2015-07-07 01:00:00,58.18,28.010000000000048,0.0
2015-07-07 02:00:00,58.15,25.840000000000032,0.0
2015-07-07 03:00:00,62.95,23.80000000000001,0.0
2015-07-07 04:00:00,68.03,22.840000000000032,0.0
2015-07-07 05:00:00,68.32,22.04000000000002,0.0
2015-07-07 06:00:00,76.2,22.850000000000023,0.0
2015-07-07 07:00:00,79.22,26.420000000000016,0.0
2015-07-07 08:00:00,80.73,29.600000000000023,0.0
2015-07-07 09:00:00,85.71,33.33000000000004,0.0
2015-07-07 10:00:00,85.87,35.26000000000005,0.0
2015-07-07 11:00:00,85.24,34.5,0.0
2015-07-07 12:00:00,82.27,36.14000000000004,0.0
2015-07-07 13:00:00,79.97,37.10000000000002,0.0
2015-07-07 14:00:00,78.38,38.120000000000005,0.0
2015-07-07 15:00:00,78.18,38.39000000000004,0.0
2015-07-07 16:00:00,76.88,38.44,0.0
2015-07-07 17:00:00,72.4,38.39000000000004,0.0
2015-07-07 18:00:00,67.45,37.900000000000034,0.0
2015-07-07 19:00:00,69.74,36.79000000000002,0.0
2015-07-07 20:00:00,73.05,35.23000000000002,0.0
2015-07-07 21:00:00,68.74,33.55000000000001,0.0
2015-07-07 22:00:00,67.77,31.25,0.0
2015-07-07 23:00:00,58.46,29.660000000000025,0.0
2015-07-08 00:00:00,55.52,26.32000000000005,0.0
2015-07-08 01:00:00,54.51,24.950000000000045,0.0
2015-07-08 02:00:00,54.22,24.150000000000034,0.0
2015-07-08 03:00:00,54.25,23.100000000000023,0.0
2015-07-08 04:00:00,58.4,22.02000000000004,0.0
2015-07-08 05:00:00,58.58,21.49000000000001,0.0
2015-07-08 06:00:00,71.36,22.78000000000003,0.0
2015-07-08 07:00:00,75.26,24.360000000000014,0.0
2015-07-08 08:00:00,77.7,28.78000000000003,0.0
2015-07-08 09:00:00,84.7,32.160000000000025,0.0
2015-07-08 10:00:00,85.49,34.97000000000003,0.0
2015-07-08 11:00:00,85.33,34.460000000000036,0.0
2015-07-08 12:00:00,83.81,35.450000000000045,0.0
2015-07-08 13:00:00,80.37,36.34000000000003,0.0
2015-07-08 14:00:00,79.81,37.77000000000004,0.0
2015-07-08 15:00:00,80.07,38.18000000000001,0.0
2015-07-08 16:00:00,79.73,38.05000000000001,0.0
2015-07-08 17:00:00,75.14,37.950000000000045,0.0
2015-07-08 18:00:00,74.63,37.30000000000001,0.0
2015-07-08 19:00:00,75.58,35.94,0.0
2015-07-08 20:00:00,76.05,34.80000000000001,0.0
2015-07-08 21:00:00,69.38,32.22000000000003,0.0
2015-07-08 22:00:00,60.07,29.74000000000001,0.0
2015-07-08 23:00:00,58.17,28.100000000000023,0.0
2015-07-09 00:00:00,53.55,25.870000000000005,0.0
2015-07-09 01:00:00,52.16,24.660000000000025,0.0
2015-07-09 02:00:00,51.85,23.400000000000034,0.0
2015-07-09 03:00:00,51.63,22.730000000000018,0.0
2015-07-09 04:00:00,54.39,21.54000000000002,0.0
2015-07-09 05:00:00,54.81,20.870000000000005,0.0
2015-07-09 06:00:00,62.3,22.350000000000023,0.0
2015-07-09 07:00:00,71.37,25.110000000000014,0.0
2015-07-09 08:00:00,75.4,27.78000000000003,0.0
2015-07-09 09:00:00,82.56,28.960000000000036,0.0
2015-07-09 10:00:00,84.13,31.890000000000043,0.0
2015-07-09 11:00:00,84.84,30.939999999999998,0.0
2015-07-09 12:00:00,82.5,34.26000000000005,0.0
2015-07-09 13:00:00,82.18,35.879999999999995,0.0
2015-07-09 14:00:00,84.21,36.47000000000003,0.0
2015-07-09 15:00:00,84.6,37.97000000000003,0.0
2015-07-09 16:00:00,84.41,38.26000000000005,0.0
2015-07-09 17:00:00,81.88,38.22000000000003,0.0
2015-07-09 18:00:00,81.42,37.620000000000005,0.0
2015-07-09 19:00:00,82.43,36.82000000000005,0.0
2015-07-09 20:00:00,82.0,35.76000000000005,0.0
2015-07-09 21:00:00,78.64,33.0,0.0
2015-07-09 22:00:00,70.63,32.170000000000016,0.0
2015-07-09 23:00:00,69.25,29.439999999999998,0.0
2015-07-10 00:00:00,67.42,28.629999999999995,0.0
2015-07-10 01:00:00,66.85,23.950000000000045,0.0
2015-07-10 02:00:00,66.1,23.170000000000016,0.0
2015-07-10 03:00:00,65.69,21.860000000000014,0.0
2015-07-10 04:00:00,67.96,20.33000000000004,0.0
2015-07-10 05:00:00,67.44,19.360000000000014,0.0
2015-07-10 06:00:00,75.85,21.720000000000027,0.0
2015-07-10 07:00:00,77.44,23.350000000000023,0.0
2015-07-10 08:00:00,78.76,28.58000000000004,0.0
2015-07-10 09:00:00,84.74,30.910000000000025,0.0
2015-07-10 10:00:00,84.78,32.83000000000004,0.0
2015-07-10 11:00:00,83.14,32.19,0.0
2015-07-10 12:00:00,80.97,34.78000000000003,0.0
2015-07-10 13:00:00,78.09,35.56,0.0
2015-07-10 14:00:00,78.02,36.14000000000004,0.0
2015-07-10 15:00:00,78.29,35.920000000000016,0.0
2015-07-10 16:00:00,78.66,36.54000000000002,0.0
2015-07-10 17:00:00,75.26,36.31,0.0
2015-07-10 18:00:00,75.44,35.860000000000014,0.0
2015-07-10 19:00:00,75.81,34.900000000000034,0.0
2015-07-10 20:00:00,75.81,32.85000000000002,0.0
2015-07-10 21:00:00,69.0,30.680000000000007,0.0
2015-07-10 22:00:00,67.92,29.32000000000005,0.0
2015-07-10 23:00:00,59.26,28.04000000000002,0.0
2015-07-11 00:00:00,56.06,25.04000000000002,0.0
2015-07-11 01:00:00,55.76,24.100000000000023,0.0
2015-07-11 02:00:00,54.43,22.900000000000034,0.0
2015-07-11 03:00:00,53.92,22.140000000000043,0.0
2015-07-11 04:00:00,53.7,21.900000000000034,0.0
2015-07-11 05:00:00,53.43,20.860000000000014,0.0
2015-07-11 06:00:00,57.25,22.210000000000036,0.0
2015-07-11 07:00:00,60.31,24.24000000000001,0.0
2015-07-11 08:00:00,70.33,28.32000000000005,0.0
2015-07-11 09:00:00,73.71,30.920000000000016,0.0
2015-07-11 10:00:00,74.7,32.710000000000036,0.0
2015-07-11 11:00:00,75.86,32.31,0.0
2015-07-11 12:00:00,73.58,33.69,0.0
2015-07-11 13:00:00,70.51,34.660000000000025,0.0
2015-07-11 14:00:00,67.64,34.97000000000003,0.0
2015-07-11 15:00:00,64.51,35.710000000000036,0.0
2015-07-11 16:00:00,65.83,35.97000000000003,0.0
2015-07-11 17:00:00,67.46,36.04000000000002,0.0
2015-07-11 18:00:00,71.57,36.120000000000005,0.0
2015-07-11 19:00:00,74.22,35.120000000000005,0.0
2015-07-11 20:00:00,74.2,34.05000000000001,0.0
2015-07-11 21:00:00,70.79,30.689999999999998,0.0
2015-07-11 22:00:00,70.11,28.04000000000002,0.0
2015-07-11 23:00:00,60.6,26.54000000000002,0.0
2015-07-12 00:00:00,58.11,25.420000000000016,0.0
2015-07-12 01:00:00,57.39,25.340000000000032,0.0
2015-07-12 02:00:00,56.53,24.720000000000027,0.0
2015-07-12 03:00:00,55.74,23.650000000000034,0.0
2015-07-12 04:00:00,55.15,23.120000000000005,0.0
2015-07-12 05:00:00,53.99,22.090000000000032,0.0
2015-07-12 06:00:00,57.32,22.79000000000002,0.0
2015-07-12 07:00:00,57.64,25.57000000000005,0.0
2015-07-12 08:00:00,59.69,28.02000000000004,0.0
2015-07-12 09:00:00,64.86,29.810000000000002,0.0
2015-07-12 10:00:00,68.39,31.04000000000002,0.0
2015-07-12 11:00:00,73.16,31.010000000000048,0.0
2015-07-12 12:00:00,72.74,32.54000000000002,0.0
2015-07-12 13:00:00,64.84,34.420000000000016,0.0
2015-07-12 14:00:00,61.53,35.28000000000003,0.0
2015-07-12 15:00:00,59.99,35.670000000000016,0.0
2015-07-12 16:00:00,60.45,36.49000000000001,0.0
2015-07-12 17:00:00,60.28,36.27000000000004,0.0
2015-07-12 18:00:00,62.35,36.19,0.0
2015-07-12 19:00:00,72.97,35.900000000000034,0.0
2015-07-12 20:00:00,75.5,33.55000000000001,0.0
2015-07-12 21:00:00,71.3,31.600000000000023,0.0
2015-07-12 22:00:00,70.11,29.80000000000001,0.0
2015-07-12 23:00:00,58.64,28.33000000000004,0.0
2015-07-13 00:00:00,57.27,26.850000000000023,0.0
2015-07-13 01:00:00,56.81,26.720000000000027,0.0
2015-07-13 02:00:00,56.24,24.980000000000018,0.0
2015-07-13 03:00:00,56.82,24.379999999999995,0.0
2015-07-13 04:00:00,68.76,23.55000000000001,0.0
2015-07-13 05:00:00,69.15,22.74000000000001,0.0
2015-07-13 06:00:00,77.72,23.49000000000001,0.0
2015-07-13 07:00:00,78.33,24.730000000000018,0.0
2015-07-13 08:00:00,81.08,29.0,0.0
2015-07-13 09:00:00,87.28,31.100000000000023,0.0
2015-07-13 10:00:00,87.98,32.51000000000005,0.0
2015-07-13 11:00:00,87.65,33.28000000000003,0.0
2015-07-13 12:00:00,86.67,34.82000000000005,0.0
2015-07-13 13:00:00,83.43,35.83000000000004,0.0
2015-07-13 14:00:00,84.82,36.76000000000005,0.0
2015-07-13 15:00:00,84.61,37.89000000000004,0.0
2015-07-13 16:00:00,84.19,38.19,0.0
2015-07-13 17:00:00,78.77,37.82000000000005,0.0
2015-07-13 18:00:00,76.95,37.22000000000003,0.0
2015-07-13 19:00:00,78.64,36.69,0.0
2015-07-13 20:00:00,79.16,35.18000000000001,0.0
2015-07-13 21:00:00,73.22,33.650000000000034,0.0
2015-07-13 22:00:00,68.01,30.08000000000004,0.0
2015-07-13 23:00:00,60.45,29.310000000000002,0.0
2015-07-14 00:00:00,55.15,28.920000000000016,0.0
2015-07-14 01:00:00,54.36,27.730000000000018,0.0
2015-07-14 02:00:00,55.08,26.02000000000004,0.0
2015-07-14 03:00:00,53.85,24.470000000000027,0.0
2015-07-14 04:00:00,60.11,23.450000000000045,0.0
2015-07-14 05:00:00,58.41,22.810000000000002,0.0
2015-07-14 06:00:00,74.81,24.03000000000003,0.0
2015-07-14 07:00:00,76.37,28.220000000000027,0.0
2015-07-14 08:00:00,79.11,30.74000000000001,0.0
2015-07-14 09:00:00,86.38,33.39000000000004,0.0
2015-07-14 10:00:00,86.59,34.34000000000003,0.0
2015-07-14 11:00:00,86.91,33.900000000000034,0.0
2015-07-14 12:00:00,84.84,35.35000000000002,0.0
2015-07-14 13:00:00,81.45,36.710000000000036,0.0
2015-07-14 14:00:00,81.88,37.74000000000001,0.0
2015-07-14 15:00:00,81.81,38.34000000000003,0.0
2015-07-14 16:00:00,80.7,38.59000000000003,0.0
2015-07-14 17:00:00,75.43,38.75,0.0
2015-07-14 18:00:00,74.79,38.110000000000014,0.0
2015-07-14 19:00:00,75.95,37.55000000000001,0.0
2015-07-14 20:00:00,76.07,36.60000000000002,0.0
2015-07-14 21:00:00,69.78,32.80000000000001,0.0
2015-07-14 22:00:00,66.97,30.220000000000027,0.0
2015-07-14 23:00:00,57.88,28.720000000000027,0.0
2015-07-15 00:00:00,55.29,27.810000000000002,0.0
2015-07-15 01:00:00,53.58,27.04000000000002,0.0
2015-07-15 02:00:00,53.46,25.660000000000025,0.0
2015-07-15 03:00:00,53.96,24.600000000000023,0.0
2015-07-15 04:00:00,62.39,24.060000000000002,0.0
2015-07-15 05:00:00,67.02,22.950000000000045,0.0
2015-07-15 06:00:00,76.48,24.82000000000005,0.0
2015-07-15 07:00:00,78.22,26.720000000000027,0.0
2015-07-15 08:00:00,80.55,30.0,0.0
2015-07-15 09:00:00,86.77,32.49000000000001,0.0
2015-07-15 10:00:00,86.91,33.76000000000005,0.0
2015-07-15 11:00:00,86.92,32.629999999999995,0.0
2015-07-15 12:00:00,84.26,34.47000000000003,0.0
2015-07-15 13:00:00,81.58,36.19,0.0
2015-07-15 14:00:00,80.96,37.34000000000003,0.0
2015-07-15 15:00:00,81.28,38.04000000000002,0.0
2015-07-15 16:00:00,81.66,38.360000000000014,0.0
2015-07-15 17:00:00,77.33,38.29000000000002,0.0
2015-07-15 18:00:00,76.58,38.05000000000001,0.0
2015-07-15 19:00:00,78.6,37.26000000000005,0.0
2015-07-15 20:00:00,78.53,34.34000000000003,0.0
2015-07-15 21:00:00,73.6,31.52000000000004,0.0
2015-07-15 22:00:00,70.08,29.49000000000001,0.0
2015-07-15 23:00:00,65.44,27.870000000000005,0.0
2015-07-16 00:00:00,57.93,26.80000000000001,0.0
2015-07-16 01:00:00,58.96,25.350000000000023,0.0
2015-07-16 02:00:00,55.82,24.680000000000007,0.0
2015-07-16 03:00:00,56.29,24.210000000000036,0.0
2015-07-16 04:00:00,66.56,22.660000000000025,0.0
2015-07-16 05:00:00,70.77,22.360000000000014,0.0
2015-07-16 06:00:00,77.59,23.230000000000018,0.0
2015-07-16 07:00:00,79.89,25.80000000000001,0.0
2015-07-16 08:00:00,80.2,28.57000000000005,0.0
2015-07-16 09:00:00,85.73,30.230000000000018,0.0
2015-07-16 10:00:00,86.05,31.950000000000045,0.0
2015-07-16 11:00:00,86.12,33.360000000000014,0.0
2015-07-16 12:00:00,83.3,33.700000000000045,0.0
2015-07-16 13:00:00,79.93,34.620000000000005,0.0
2015-07-16 14:00:00,79.6,36.85000000000002,0.0
2015-07-16 15:00:00,81.69,37.69,0.0
2015-07-16 16:00:00,83.27,38.32000000000005,0.0
2015-07-16 17:00:00,80.59,38.24000000000001,0.0
2015-07-16 18:00:00,81.32,38.08000000000004,0.0
2015-07-16 19:00:00,82.46,36.98000000000002,0.0
2015-07-16 20:00:00,82.25,34.710000000000036,0.0
2015-07-16 21:00:00,77.33,32.51000000000005,0.0
2015-07-16 22:00:00,68.97,31.27000000000004,0.0
2015-07-16 23:00:00,57.63,30.170000000000016,0.0
2015-07-17 00:00:00,56.52,28.49000000000001,0.0
2015-07-17 01:00:00,56.5,26.920000000000016,0.0
2015-07-17 02:00:00,56.37,26.32000000000005,0.0
2015-07-17 03:00:00,58.98,25.860000000000014,0.0
2015-07-17 04:00:00,67.17,24.660000000000025,0.0
2015-07-17 05:00:00,68.04,23.360000000000014,0.0
2015-07-17 06:00:00,75.69,24.100000000000023,0.0
2015-07-17 07:00:00,80.05,24.58000000000004,0.0
2015-07-17 08:00:00,81.59,27.82000000000005,0.0
2015-07-17 09:00:00,87.83,29.99000000000001,0.0
2015-07-17 10:00:00,85.99,32.82000000000005,0.0
2015-07-17 11:00:00,86.42,33.920000000000016,0.0
2015-07-17 12:00:00,83.96,34.410000000000025,0.0
2015-07-17 13:00:00,79.41,35.04000000000002,0.0
2015-07-17 14:00:00,78.69,36.170000000000016,0.0
2015-07-17 15:00:00,80.91,35.98000000000002,0.0
2015-07-17 16:00:00,83.0,36.19,0.0
2015-07-17 17:00:00,80.77,36.34000000000003,0.0
2015-07-17 18:00:00,80.94,35.60000000000002,0.0
2015-07-17 19:00:00,81.79,34.68000000000001,0.0
2015-07-17 20:00:00,81.73,31.49000000000001,0.0
2015-07-17 21:00:00,78.12,29.870000000000005,0.0
2015-07-17 22:00:00,76.21,29.07000000000005,0.0
2015-07-17 23:00:00,73.94,28.170000000000016,0.0
2015-07-18 00:00:00,69.04,28.55000000000001,0.0
2015-07-18 01:00:00,67.58,28.930000000000007,0.0
2015-07-18 02:00:00,63.42,26.379999999999995,0.0
2015-07-18 03:00:00,60.48,24.55000000000001,0.0
2015-07-18 04:00:00,59.71,22.879999999999995,0.0
2015-07-18 05:00:00,58.75,22.24000000000001,0.0
2015-07-18 06:00:00,72.6,22.710000000000036,0.0
2015-07-18 07:00:00,75.47,23.730000000000018,0.0
2015-07-18 08:00:00,76.36,26.689999999999998,0.0
2015-07-18 09:00:00,79.06,28.920000000000016,0.0
2015-07-18 10:00:00,78.7,29.30000000000001,0.0
2015-07-18 11:00:00,77.67,29.340000000000032,0.0
2015-07-18 12:00:00,72.49,30.060000000000002,0.0
2015-07-18 13:00:00,60.74,31.160000000000025,0.0
2015-07-18 14:00:00,59.73,31.140000000000043,0.0
2015-07-18 15:00:00,59.66,31.510000000000048,0.0
2015-07-18 16:00:00,62.07,32.18000000000001,0.0
2015-07-18 17:00:00,70.75,33.24000000000001,0.0
2015-07-18 18:00:00,76.26,33.39000000000004,0.0
2015-07-18 19:00:00,79.71,32.28000000000003,0.0
2015-07-18 20:00:00,81.12,31.28000000000003,0.0
2015-07-18 21:00:00,78.15,30.340000000000032,0.0
2015-07-18 22:00:00,76.37,29.670000000000016,0.0
2015-07-18 23:00:00,71.18,27.980000000000018,0.0
2015-07-19 00:00:00,63.03,26.82000000000005,0.0
2015-07-19 01:00:00,59.37,24.25,0.0
2015-07-19 02:00:00,58.35,22.960000000000036,0.0
2015-07-19 03:00:00,56.6,22.07000000000005,0.0
2015-07-19 04:00:00,56.62,21.720000000000027,0.0
2015-07-19 05:00:00,54.96,21.210000000000036,0.0
2015-07-19 06:00:00,57.39,21.900000000000034,0.0
2015-07-19 07:00:00,58.45,23.03000000000003,0.0
2015-07-19 08:00:00,61.14,28.57000000000005,0.0
2015-07-19 09:00:00,65.28,29.340000000000032,0.0
2015-07-19 10:00:00,67.9,29.980000000000018,0.0
2015-07-19 11:00:00,73.09,30.090000000000032,0.0
2015-07-19 12:00:00,70.46,30.99000000000001,0.0
2015-07-19 13:00:00,62.07,32.150000000000034,0.0
2015-07-19 14:00:00,60.38,33.01000000000005,0.0
2015-07-19 15:00:00,60.61,33.910000000000025,0.0
2015-07-19 16:00:00,62.89,34.150000000000034,0.0
2015-07-19 17:00:00,64.86,33.73000000000002,0.0
2015-07-19 18:00:00,75.09,33.660000000000025,0.0
2015-07-19 19:00:00,81.32,32.920000000000016,0.0
2015-07-19 20:00:00,82.0,32.160000000000025,0.0
2015-07-19 21:00:00,79.69,30.640000000000043,0.0
2015-07-19 22:00:00,72.66,28.850000000000023,0.0
2015-07-19 23:00:00,62.49,27.060000000000002,0.0
2015-07-20 00:00:00,58.66,25.5,0.0
2015-07-20 01:00:00,55.84,24.99000000000001,0.0
2015-07-20 02:00:00,54.86,24.58000000000004,0.0
2015-07-20 03:00:00,56.22,22.910000000000025,0.0
2015-07-20 04:00:00,59.38,22.689999999999998,0.0
2015-07-20 05:00:00,67.71,22.25,0.0
2015-07-20 06:00:00,75.39,23.980000000000018,0.0
2015-07-20 07:00:00,80.9,25.879999999999995,0.0
2015-07-20 08:00:00,83.05,28.57000000000005,0.0
2015-07-20 09:00:00,88.45,31.760000000000048,0.0
2015-07-20 10:00:00,89.18,32.52000000000004,0.0
2015-07-20 11:00:00,89.11,32.74000000000001,0.0
2015-07-20 12:00:00,87.96,33.89000000000004,0.0
2015-07-20 13:00:00,85.37,34.58000000000004,0.0
2015-07-20 14:00:00,84.74,34.629999999999995,0.0
2015-07-20 15:00:00,85.39,35.379999999999995,0.0
2015-07-20 16:00:00,85.14,35.910000000000025,0.0
2015-07-20 17:00:00,80.79,35.31,0.0
2015-07-20 18:00:00,80.5,35.620000000000005,0.0
2015-07-20 19:00:00,81.96,35.09000000000003,0.0
2015-07-20 20:00:00,81.84,34.120000000000005,0.0
2015-07-20 21:00:00,75.78,31.640000000000043,0.0
2015-07-20 22:00:00,72.49,30.689999999999998,0.0
2015-07-20 23:00:00,66.12,29.99000000000001,0.0
2015-07-21 00:00:00,59.09,28.5,0.0
2015-07-21 01:00:00,58.66,26.200000000000045,0.0
2015-07-21 02:00:00,58.11,25.29000000000002,0.0
2015-07-21 03:00:00,58.44,23.57000000000005,0.0
2015-07-21 04:00:00,67.64,23.32000000000005,0.0
2015-07-21 05:00:00,71.16,22.03000000000003,0.0
2015-07-21 06:00:00,79.65,23.870000000000005,0.0
2015-07-21 07:00:00,81.28,26.57000000000005,0.0
2015-07-21 08:00:00,83.23,29.670000000000016,0.0
2015-07-21 09:00:00,88.95,32.0,0.0
2015-07-21 10:00:00,89.12,33.98000000000002,0.0
2015-07-21 11:00:00,89.03,33.85000000000002,0.0
2015-07-21 12:00:00,87.51,34.700000000000045,0.0
2015-07-21 13:00:00,84.81,35.53000000000003,0.0
2015-07-21 14:00:00,83.52,35.76000000000005,0.0
2015-07-21 15:00:00,84.23,36.700000000000045,0.0
2015-07-21 16:00:00,81.84,36.610000000000014,0.0
2015-07-21 17:00:00,79.32,36.629999999999995,0.0
2015-07-21 18:00:00,78.49,36.210000000000036,0.0
2015-07-21 19:00:00,81.19,35.910000000000025,0.0
2015-07-21 20:00:00,81.98,34.200000000000045,0.0
2015-07-21 21:00:00,77.59,32.59000000000003,0.0
2015-07-21 22:00:00,71.4,32.04000000000002,0.0
2015-07-21 23:00:00,67.22,27.58000000000004,0.0
2015-07-22 00:00:00,58.94,26.670000000000016,0.0
2015-07-22 01:00:00,57.59,25.430000000000007,0.0
2015-07-22 02:00:00,56.85,25.140000000000043,0.0
2015-07-22 03:00:00,57.34,24.260000000000048,0.0
2015-07-22 04:00:00,61.86,24.02000000000004,0.0
2015-07-22 05:00:00,70.32,23.230000000000018,0.0
2015-07-22 06:00:00,79.29,23.439999999999998,0.0
2015-07-22 07:00:00,80.74,26.189999999999998,0.0
2015-07-22 08:00:00,83.55,27.210000000000036,0.0
2015-07-22 09:00:00,88.69,29.470000000000027,0.0
2015-07-22 10:00:00,89.16,30.810000000000002,0.0
2015-07-22 11:00:00,89.04,31.680000000000007,0.0
2015-07-22 12:00:00,88.48,32.18000000000001,0.0
2015-07-22 13:00:00,85.2,33.34000000000003,0.0
2015-07-22 14:00:00,85.02,32.85000000000002,0.0
2015-07-22 15:00:00,84.01,33.48000000000002,0.0
2015-07-22 16:00:00,82.39,33.52000000000004,0.0
2015-07-22 17:00:00,78.32,33.27000000000004,0.0
2015-07-22 18:00:00,77.14,33.420000000000016,0.0
2015-07-22 19:00:00,79.12,33.01000000000005,0.0
2015-07-22 20:00:00,78.18,31.640000000000043,0.0
2015-07-22 21:00:00,72.91,30.210000000000036,0.0
2015-07-22 22:00:00,67.5,28.390000000000043,0.0
2015-07-22 23:00:00,58.36,26.010000000000048,0.0
2015-07-23 00:00:00,56.53,24.5,0.0
2015-07-23 01:00:00,56.63,23.99000000000001,0.0
2015-07-23 02:00:00,56.92,23.58000000000004,0.0
2015-07-23 03:00:00,57.31,22.75,0.0
2015-07-23 04:00:00,67.81,21.590000000000032,0.0
2015-07-23 05:00:00,71.93,20.980000000000018,0.0
2015-07-23 06:00:00,80.57,22.24000000000001,0.0
2015-07-23 07:00:00,81.47,24.82000000000005,0.0
2015-07-23 08:00:00,83.0,27.180000000000007,0.0
2015-07-23 09:00:00,88.12,29.32000000000005,0.0
2015-07-23 10:00:00,88.44,31.49000000000001,0.0
2015-07-23 11:00:00,88.51,30.510000000000048,0.0
2015-07-23 12:00:00,87.31,32.84000000000003,0.0
2015-07-23 13:00:00,84.63,33.75,0.0
2015-07-23 14:00:00,84.18,34.870000000000005,0.0
2015-07-23 15:00:00,84.81,35.69,0.0
2015-07-23 16:00:00,84.89,36.05000000000001,0.0
2015-07-23 17:00:00,80.45,35.54000000000002,0.0
2015-07-23 18:00:00,80.08,33.89000000000004,0.0
2015-07-23 19:00:00,81.08,32.920000000000016,0.0
2015-07-23 20:00:00,81.54,32.379999999999995,0.0
2015-07-23 21:00:00,75.83,30.33000000000004,0.0
2015-07-23 22:00:00,71.84,28.410000000000025,0.0
2015-07-23 23:00:00,59.04,26.83000000000004,0.0
2015-07-24 00:00:00,56.59,26.110000000000014,0.0
2015-07-24 01:00:00,55.3,24.58000000000004,0.0
2015-07-24 02:00:00,54.26,23.05000000000001,0.0
2015-07-24 03:00:00,54.99,22.07000000000005,0.0
2015-07-24 04:00:00,57.62,21.55000000000001,0.0
2015-07-24 05:00:00,68.12,20.890000000000043,0.0
2015-07-24 06:00:00,78.54,21.920000000000016,0.0
2015-07-24 07:00:00,80.89,25.120000000000005,0.0
2015-07-24 08:00:00,81.97,27.390000000000043,0.0
2015-07-24 09:00:00,86.77,30.060000000000002,0.0
2015-07-24 10:00:00,87.69,32.03000000000003,0.0
2015-07-24 11:00:00,86.86,31.710000000000036,0.0
2015-07-24 12:00:00,84.18,32.85000000000002,0.0
2015-07-24 13:00:00,80.04,32.98000000000002,0.0
2015-07-24 14:00:00,78.59,33.49000000000001,0.0
2015-07-24 15:00:00,77.99,33.920000000000016,0.0
2015-07-24 16:00:00,75.76,33.99000000000001,0.0
2015-07-24 17:00:00,68.65,33.460000000000036,0.0
2015-07-24 18:00:00,68.83,32.460000000000036,0.0
2015-07-24 19:00:00,74.07,31.439999999999998,0.0
2015-07-24 20:00:00,74.43,29.720000000000027,0.0
2015-07-24 21:00:00,65.15,28.470000000000027,0.0
2015-07-24 22:00:00,56.03,27.25,0.0
2015-07-24 23:00:00,53.53,26.670000000000016,0.0
2015-07-25 00:00:00,52.4,25.75,0.0
2015-07-25 01:00:00,48.84,25.03000000000003,0.0
2015-07-25 02:00:00,47.95,23.340000000000032,0.0
2015-07-25 03:00:00,47.77,22.140000000000043,0.0
2015-07-25 04:00:00,48.89,21.010000000000048,0.0
2015-07-25 05:00:00,48.21,20.410000000000025,0.0
2015-07-25 06:00:00,55.76,20.660000000000025,0.0
2015-07-25 07:00:00,57.6,21.08000000000004,0.0
2015-07-25 08:00:00,59.92,22.060000000000002,0.0
2015-07-25 09:00:00,70.59,25.25,0.0
2015-07-25 10:00:00,73.78,27.730000000000018,0.0
2015-07-25 11:00:00,74.49,27.28000000000003,0.0
2015-07-25 12:00:00,70.17,29.200000000000045,0.0
2015-07-25 13:00:00,63.65,30.360000000000014,0.0
2015-07-25 14:00:00,62.43,31.120000000000005,0.0
2015-07-25 15:00:00,62.5,32.200000000000045,0.0
2015-07-25 16:00:00,63.18,32.43000000000001,0.0
2015-07-25 17:00:00,65.05,33.59000000000003,0.0
2015-07-25 18:00:00,72.15,33.48000000000002,0.0
2015-07-25 19:00:00,75.73,32.81,0.0
2015-07-25 20:00:00,78.03,31.110000000000014,0.0
2015-07-25 21:00:00,73.14,29.640000000000043,0.0
2015-07-25 22:00:00,69.55,27.110000000000014,0.0
2015-07-25 23:00:00,59.71,26.04000000000002,0.0
2015-07-26 00:00:00,55.87,25.33000000000004,0.0
2015-07-26 01:00:00,55.58,24.03000000000003,0.0
2015-07-26 02:00:00,55.74,22.200000000000045,0.0
2015-07-26 03:00:00,54.82,21.30000000000001,0.0
2015-07-26 04:00:00,54.63,20.870000000000005,0.0
2015-07-26 05:00:00,52.87,19.910000000000025,0.0
2015-07-26 06:00:00,56.06,20.560000000000002,0.0
2015-07-26 07:00:00,56.84,23.620000000000005,0.0
2015-07-26 08:00:00,57.62,25.28000000000003,0.0
2015-07-26 09:00:00,59.76,28.110000000000014,0.0
2015-07-26 10:00:00,60.26,20.730000000000018,0.0
2015-07-26 11:00:00,60.12,29.870000000000005,0.0
2015-07-26 12:00:00,58.88,31.390000000000043,0.0
2015-07-26 13:00:00,55.7,33.76000000000005,0.0
2015-07-26 14:00:00,54.06,34.650000000000034,0.0
2015-07-26 15:00:00,53.62,34.73000000000002,0.0
2015-07-26 16:00:00,56.46,35.85000000000002,0.0
2015-07-26 17:00:00,57.28,36.58000000000004,0.0
2015-07-26 18:00:00,59.55,36.160000000000025,0.0
2015-07-26 19:00:00,74.29,34.900000000000034,0.0
2015-07-26 20:00:00,78.42,32.879999999999995,0.0
2015-07-26 21:00:00,73.7,30.840000000000032,0.0
2015-07-26 22:00:00,57.19,29.510000000000048,0.0
2015-07-26 23:00:00,54.63,27.75,0.0
2015-07-27 00:00:00,53.18,27.120000000000005,0.0
2015-07-27 01:00:00,52.19,25.629999999999995,0.0
2015-07-27 02:00:00,50.59,25.58000000000004,0.0
2015-07-27 03:00:00,52.65,24.430000000000007,0.0
2015-07-27 04:00:00,55.23,24.010000000000048,0.0
2015-07-27 05:00:00,59.41,23.170000000000016,0.0
2015-07-27 06:00:00,76.75,25.230000000000018,0.0
2015-07-27 07:00:00,80.18,27.180000000000007,0.0
2015-07-27 08:00:00,81.89,29.939999999999998,0.0
2015-07-27 09:00:00,88.43,31.640000000000043,0.0
2015-07-27 10:00:00,88.99,32.5,0.0
2015-07-27 11:00:00,88.62,32.07000000000005,0.0
2015-07-27 12:00:00,86.07,33.25,0.0
2015-07-27 13:00:00,84.32,34.51000000000005,0.0
2015-07-27 14:00:00,83.8,35.60000000000002,0.0
2015-07-27 15:00:00,84.35,36.30000000000001,0.0
2015-07-27 16:00:00,84.23,37.170000000000016,0.0
2015-07-27 17:00:00,80.78,37.14000000000004,0.0
2015-07-27 18:00:00,80.45,36.650000000000034,0.0
2015-07-27 19:00:00,81.68,35.09000000000003,0.0
2015-07-27 20:00:00,81.48,33.670000000000016,0.0
2015-07-27 21:00:00,75.57,30.83000000000004,0.0
2015-07-27 22:00:00,68.58,29.29000000000002,0.0
2015-07-27 23:00:00,60.09,26.83000000000004,0.0
2015-07-28 00:00:00,56.63,26.170000000000016,0.0
2015-07-28 01:00:00,55.79,24.950000000000045,0.0
2015-07-28 02:00:00,55.33,23.480000000000018,0.0
2015-07-28 03:00:00,56.26,22.510000000000048,0.0
2015-07-28 04:00:00,65.43,21.360000000000014,0.0
2015-07-28 05:00:00,68.8,21.180000000000007,0.0
2015-07-28 06:00:00,78.33,22.010000000000048,0.0
2015-07-28 07:00:00,80.9,24.07000000000005,0.0
2015-07-28 08:00:00,83.0,27.99000000000001,0.0
2015-07-28 09:00:00,88.79,29.970000000000027,0.0
2015-07-28 10:00:00,89.14,32.5,0.0
2015-07-28 11:00:00,88.67,31.920000000000016,0.0
2015-07-28 12:00:00,86.06,33.54000000000002,0.0
2015-07-28 13:00:00,82.88,34.129999999999995,0.0
2015-07-28 14:00:00,82.24,35.56,0.0
2015-07-28 15:00:00,82.04,36.43000000000001,0.0
2015-07-28 16:00:00,81.08,37.19,0.0
2015-07-28 17:00:00,76.82,37.28000000000003,0.0
2015-07-28 18:00:00,76.94,36.860000000000014,0.0
2015-07-28 19:00:00,79.7,35.74000000000001,0.0
2015-07-28 20:00:00,79.49,34.79000000000002,0.0
2015-07-28 21:00:00,73.3,32.450000000000045,0.0
2015-07-28 22:00:00,70.57,30.32000000000005,0.0
2015-07-28 23:00:00,61.54,28.730000000000018,0.0
2015-07-29 00:00:00,59.12,26.230000000000018,0.0
2015-07-29 01:00:00,58.83,25.27000000000004,0.0
2015-07-29 02:00:00,58.29,24.460000000000036,0.0
2015-07-29 03:00:00,58.54,22.79000000000002,0.0
2015-07-29 04:00:00,65.91,22.04000000000002,0.0
2015-07-29 05:00:00,69.44,21.55000000000001,0.0
2015-07-29 06:00:00,78.25,22.610000000000014,0.0
2015-07-29 07:00:00,80.15,25.900000000000034,0.0
2015-07-29 08:00:00,81.36,27.80000000000001,0.0
2015-07-29 09:00:00,87.61,31.460000000000036,0.0
2015-07-29 10:00:00,88.13,32.650000000000034,0.0
2015-07-29 11:00:00,87.75,32.610000000000014,0.0
2015-07-29 12:00:00,84.88,33.26000000000005,0.0
2015-07-29 13:00:00,81.59,34.76000000000005,0.0
2015-07-29 14:00:00,79.4,35.110000000000014,0.0
2015-07-29 15:00:00,78.54,36.05000000000001,0.0
2015-07-29 16:00:00,76.49,36.35000000000002,0.0
2015-07-29 17:00:00,71.43,36.160000000000025,0.0
2015-07-29 18:00:00,69.72,35.64000000000004,0.0
2015-07-29 19:00:00,76.65,33.22000000000003,0.0
2015-07-29 20:00:00,77.0,31.54000000000002,0.0
2015-07-29 21:00:00,69.0,29.04000000000002,0.0
2015-07-29 22:00:00,58.55,28.010000000000048,0.0
2015-07-29 23:00:00,57.55,25.879999999999995,0.0
2015-07-30 00:00:00,56.73,25.450000000000045,0.0
2015-07-30 01:00:00,56.95,24.54000000000002,0.0
2015-07-30 02:00:00,55.03,23.850000000000023,0.0
2015-07-30 03:00:00,57.0,23.470000000000027,0.0
2015-07-30 04:00:00,57.06,22.470000000000027,0.0
2015-07-30 05:00:00,55.27,21.77000000000004,0.0
2015-07-30 06:00:00,67.4,22.390000000000043,0.0
2015-07-30 07:00:00,75.34,24.189999999999998,0.0
2015-07-30 08:00:00,76.61,26.100000000000023,0.0
2015-07-30 09:00:00,80.91,27.930000000000007,0.0
2015-07-30 10:00:00,81.37,29.32000000000005,0.0
2015-07-30 11:00:00,81.91,29.53000000000003,0.0
2015-07-30 12:00:00,80.48,30.80000000000001,0.0
2015-07-30 13:00:00,78.53,31.629999999999995,0.0
2015-07-30 14:00:00,77.48,30.100000000000023,0.0
2015-07-30 15:00:00,78.28,31.27000000000004,0.0
2015-07-30 16:00:00,77.65,31.74000000000001,0.0
2015-07-30 17:00:00,73.02,30.360000000000014,0.0
2015-07-30 18:00:00,75.29,29.730000000000018,0.0
2015-07-30 19:00:00,76.98,27.910000000000025,0.0
2015-07-30 20:00:00,76.89,26.629999999999995,0.0
2015-07-30 21:00:00,69.8,25.210000000000036,0.0
2015-07-30 22:00:00,62.2,24.08000000000004,0.0
2015-07-30 23:00:00,55.6,22.79000000000002,0.0
2015-07-31 00:00:00,53.9,22.980000000000018,0.0
2015-07-31 01:00:00,53.46,21.99000000000001,0.0
2015-07-31 02:00:00,53.14,21.74000000000001,0.0
2015-07-31 03:00:00,53.27,21.870000000000005,0.0
2015-07-31 04:00:00,55.25,21.78000000000003,0.0
2015-07-31 05:00:00,59.43,23.05000000000001,0.0
2015-07-31 06:00:00,72.38,23.07000000000005,0.0
2015-07-31 07:00:00,77.06,23.890000000000043,0.0
2015-07-31 08:00:00,77.58,26.720000000000027,0.0
2015-07-31 09:00:00,81.32,27.920000000000016,0.0
2015-07-31 10:00:00,81.18,28.890000000000043,0.0
2015-07-31 11:00:00,80.78,28.170000000000016,0.0
2015-07-31 12:00:00,79.32,29.02000000000004,0.0
2015-07-31 13:00:00,75.77,30.620000000000005,0.0
2015-07-31 14:00:00,74.26,31.850000000000023,0.0
2015-07-31 15:00:00,74.72,29.400000000000034,0.0
2015-07-31 16:00:00,71.29,29.340000000000032,0.0
2015-07-31 17:00:00,67.71,28.960000000000036,0.0
2015-07-31 18:00:00,71.55,28.49000000000001,0.0
2015-07-31 19:00:00,74.84,27.110000000000014,0.0
2015-07-31 20:00:00,75.23,23.400000000000034,0.0
2015-07-31 21:00:00,68.38,20.860000000000014,0.0
2015-07-31 22:00:00,55.71,19.660000000000025,0.0
2015-07-31 23:00:00,54.08,19.090000000000032,0.0
2015-08-01 00:00:00,52.5,19.28000000000003,0.0
2015-08-01 01:00:00,52.02,18.350000000000023,0.0
2015-08-01 02:00:00,51.33,17.970000000000027,0.0
2015-08-01 03:00:00,51.03,17.80000000000001,0.0
2015-08-01 04:00:00,52.12,17.150000000000034,0.0
2015-08-01 05:00:00,51.98,16.870000000000005,0.0
2015-08-01 06:00:00,55.69,18.390000000000043,0.0
2015-08-01 07:00:00,58.15,19.460000000000036,0.0
2015-08-01 08:00:00,63.33,21.79000000000002,0.0
2015-08-01 09:00:00,71.31,23.30000000000001,0.0
2015-08-01 10:00:00,71.61,25.53000000000003,0.0
2015-08-01 11:00:00,72.06,25.129999999999995,0.0
2015-08-01 12:00:00,71.34,27.140000000000043,0.0
2015-08-01 13:00:00,66.23,28.58000000000004,0.0
2015-08-01 14:00:00,63.31,29.379999999999995,0.0
2015-08-01 15:00:00,63.4,30.25,0.0
2015-08-01 16:00:00,61.41,30.460000000000036,0.0
2015-08-01 17:00:00,63.55,30.82000000000005,0.0
2015-08-01 18:00:00,69.85,30.640000000000043,0.0
2015-08-01 19:00:00,75.68,29.650000000000034,0.0
2015-08-01 20:00:00,72.98,28.090000000000032,0.0
2015-08-01 21:00:00,64.89,25.879999999999995,0.0
2015-08-01 22:00:00,60.5,24.439999999999998,0.0
2015-08-01 23:00:00,54.74,22.970000000000027,0.0
2015-08-02 00:00:00,52.69,22.110000000000014,0.0
2015-08-02 01:00:00,52.77,23.180000000000007,0.0
2015-08-02 02:00:00,51.43,23.090000000000032,0.0
2015-08-02 03:00:00,50.43,21.670000000000016,0.0
2015-08-02 04:00:00,49.04,21.170000000000016,0.0
2015-08-02 05:00:00,48.69,20.74000000000001,0.0
2015-08-02 06:00:00,50.84,20.629999999999995,0.0
2015-08-02 07:00:00,52.03,21.74000000000001,0.0
2015-08-02 08:00:00,52.77,23.28000000000003,0.0
2015-08-02 09:00:00,54.38,26.340000000000032,0.0
2015-08-02 10:00:00,53.9,27.480000000000018,0.0
2015-08-02 11:00:00,53.46,27.350000000000023,0.0
2015-08-02 12:00:00,51.24,30.090000000000032,0.0
2015-08-02 13:00:00,49.78,31.120000000000005,0.0
2015-08-02 14:00:00,50.1,32.60000000000002,0.0
2015-08-02 15:00:00,50.56,33.30000000000001,0.0
2015-08-02 16:00:00,53.65,33.93000000000001,0.0
2015-08-02 17:00:00,55.31,33.960000000000036,0.0
2015-08-02 18:00:00,58.71,33.900000000000034,0.0
2015-08-02 19:00:00,73.21,32.920000000000016,0.0
2015-08-02 20:00:00,75.98,30.510000000000048,0.0
2015-08-02 21:00:00,71.19,28.590000000000032,0.0
2015-08-02 22:00:00,69.9,26.439999999999998,0.0
2015-08-02 23:00:00,57.55,25.410000000000025,0.0
2015-08-03 00:00:00,54.52,24.370000000000005,0.0
2015-08-03 01:00:00,54.48,24.02000000000004,0.0
2015-08-03 02:00:00,53.78,23.710000000000036,0.0
2015-08-03 03:00:00,53.88,22.810000000000002,0.0
2015-08-03 04:00:00,66.72,21.760000000000048,0.0
2015-08-03 05:00:00,69.1,21.129999999999995,0.0
2015-08-03 06:00:00,73.4,21.840000000000032,0.0
2015-08-03 07:00:00,76.08,23.590000000000032,0.0
2015-08-03 08:00:00,77.98,27.360000000000014,0.0
2015-08-03 09:00:00,78.72,29.58000000000004,0.0
2015-08-03 10:00:00,78.55,30.79000000000002,0.0
2015-08-03 11:00:00,78.08,31.49000000000001,0.0
2015-08-03 12:00:00,72.95,33.22000000000003,0.0
2015-08-03 13:00:00,71.21,34.03000000000003,0.0
2015-08-03 14:00:00,70.27,35.06,0.0
2015-08-03 15:00:00,71.3,35.35000000000002,0.0
2015-08-03 16:00:00,72.56,35.49000000000001,0.0
2015-08-03 17:00:00,71.96,35.400000000000034,0.0
2015-08-03 18:00:00,71.98,35.01000000000005,0.0
2015-08-03 19:00:00,77.51,33.24000000000001,0.0
2015-08-03 20:00:00,76.53,32.08000000000004,0.0
2015-08-03 21:00:00,70.02,30.510000000000048,0.0
2015-08-03 22:00:00,68.14,29.58000000000004,0.0
2015-08-03 23:00:00,58.56,28.129999999999995,0.0
2015-08-04 00:00:00,54.9,28.210000000000036,0.0
2015-08-04 01:00:00,54.33,27.710000000000036,0.0
2015-08-04 02:00:00,53.72,26.710000000000036,0.0
2015-08-04 03:00:00,54.2,26.100000000000023,0.0
2015-08-04 04:00:00,58.39,24.590000000000032,0.0
2015-08-04 05:00:00,60.07,23.660000000000025,0.0
2015-08-04 06:00:00,68.03,24.260000000000048,0.0
2015-08-04 07:00:00,72.29,26.24000000000001,0.0
2015-08-04 08:00:00,74.55,27.060000000000002,0.0
2015-08-04 09:00:00,76.73,30.370000000000005,0.0
2015-08-04 10:00:00,77.45,31.04000000000002,0.0
2015-08-04 11:00:00,78.17,30.939999999999998,0.0
2015-08-04 12:00:00,76.89,31.590000000000032,0.0
2015-08-04 13:00:00,74.58,31.980000000000018,0.0
2015-08-04 14:00:00,74.25,33.30000000000001,0.0
2015-08-04 15:00:00,74.11,33.76000000000005,0.0
2015-08-04 16:00:00,74.6,33.950000000000045,0.0
2015-08-04 17:00:00,73.43,34.05000000000001,0.0
2015-08-04 18:00:00,73.65,33.55000000000001,0.0
2015-08-04 19:00:00,76.86,32.47000000000003,0.0
2015-08-04 20:00:00,75.65,30.890000000000043,0.0
2015-08-04 21:00:00,70.43,27.79000000000002,0.0
2015-08-04 22:00:00,69.34,26.340000000000032,0.0
2015-08-04 23:00:00,64.54,25.060000000000002,0.0
2015-08-05 00:00:00,57.29,23.850000000000023,0.0
2015-08-05 01:00:00,56.19,23.620000000000005,0.0
2015-08-05 02:00:00,55.63,21.960000000000036,0.0
2015-08-05 03:00:00,55.63,20.760000000000048,0.0
2015-08-05 04:00:00,62.01,19.920000000000016,0.0
2015-08-05 05:00:00,67.19,19.340000000000032,0.0
2015-08-05 06:00:00,71.6,20.54000000000002,0.0
2015-08-05 07:00:00,74.19,22.840000000000032,0.0
2015-08-05 08:00:00,75.08,25.670000000000016,0.0
2015-08-05 09:00:00,77.11,28.950000000000045,0.0
2015-08-05 10:00:00,76.88,29.58000000000004,0.0
2015-08-05 11:00:00,75.7,31.189999999999998,0.0
2015-08-05 12:00:00,72.64,32.82000000000005,0.0
2015-08-05 13:00:00,68.41,33.670000000000016,0.0
2015-08-05 14:00:00,66.71,34.01000000000005,0.0
2015-08-05 15:00:00,68.52,35.24000000000001,0.0
2015-08-05 16:00:00,70.48,35.39000000000004,0.0
2015-08-05 17:00:00,71.6,35.379999999999995,0.0
2015-08-05 18:00:00,73.35,34.860000000000014,0.0
2015-08-05 19:00:00,77.87,33.379999999999995,0.0
2015-08-05 20:00:00,77.55,31.30000000000001,0.0
2015-08-05 21:00:00,71.61,29.100000000000023,0.0
2015-08-05 22:00:00,68.49,28.340000000000032,0.0
2015-08-05 23:00:00,67.53,27.340000000000032,0.0
2015-08-06 00:00:00,61.45,24.090000000000032,0.0
2015-08-06 01:00:00,59.28,22.700000000000045,0.0
2015-08-06 02:00:00,58.23,21.710000000000036,0.0
2015-08-06 03:00:00,61.44,20.010000000000048,0.0
2015-08-06 04:00:00,66.97,19.129999999999995,0.0
2015-08-06 05:00:00,67.62,18.04000000000002,0.0
2015-08-06 06:00:00,70.89,19.910000000000025,0.0
2015-08-06 07:00:00,75.25,22.0,0.0
2015-08-06 08:00:00,76.37,25.82000000000005,0.0
2015-08-06 09:00:00,78.69,30.80000000000001,0.0
2015-08-06 10:00:00,78.87,32.08000000000004,0.0
2015-08-06 11:00:00,78.15,32.75,0.0
2015-08-06 12:00:00,73.99,34.660000000000025,0.0
2015-08-06 13:00:00,70.46,35.60000000000002,0.0
2015-08-06 14:00:00,69.98,36.29000000000002,0.0
2015-08-06 15:00:00,70.11,36.450000000000045,0.0
2015-08-06 16:00:00,71.14,36.79000000000002,0.0
2015-08-06 17:00:00,70.58,36.60000000000002,0.0
2015-08-06 18:00:00,73.81,35.48000000000002,0.0
2015-08-06 19:00:00,79.49,34.18000000000001,0.0
2015-08-06 20:00:00,78.59,32.97000000000003,0.0
2015-08-06 21:00:00,70.68,30.390000000000043,0.0
2015-08-06 22:00:00,70.17,29.439999999999998,0.0
2015-08-06 23:00:00,68.12,26.060000000000002,0.0
2015-08-07 00:00:00,57.81,25.07000000000005,0.0
2015-08-07 01:00:00,56.49,23.160000000000025,0.0
2015-08-07 02:00:00,55.4,22.120000000000005,0.0
2015-08-07 03:00:00,55.71,20.960000000000036,0.0
2015-08-07 04:00:00,65.71,19.80000000000001,0.0
2015-08-07 05:00:00,67.11,19.110000000000014,0.0
2015-08-07 06:00:00,72.01,20.310000000000002,0.0
2015-08-07 07:00:00,76.19,22.700000000000045,0.0
2015-08-07 08:00:00,78.16,25.700000000000045,0.0
2015-08-07 09:00:00,80.15,29.560000000000002,0.0
2015-08-07 10:00:00,80.37,31.230000000000018,0.0
2015-08-07 11:00:00,80.33,32.57000000000005,0.0
2015-08-07 12:00:00,78.92,33.85000000000002,0.0
2015-08-07 13:00:00,77.19,35.27000000000004,0.0
2015-08-07 14:00:00,75.11,35.5,0.0
2015-08-07 15:00:00,74.64,35.710000000000036,0.0
2015-08-07 16:00:00,74.08,35.80000000000001,0.0
2015-08-07 17:00:00,72.51,35.57000000000005,0.0
2015-08-07 18:00:00,71.1,34.75,0.0
2015-08-07 19:00:00,73.09,33.53000000000003,0.0
2015-08-07 20:00:00,71.6,32.60000000000002,0.0
2015-08-07 21:00:00,59.98,31.590000000000032,0.0
2015-08-07 22:00:00,60.29,30.55000000000001,0.0
2015-08-07 23:00:00,58.22,29.640000000000043,0.0
2015-08-08 00:00:00,54.42,28.370000000000005,0.0
2015-08-08 01:00:00,51.98,27.74000000000001,0.0
2015-08-08 02:00:00,51.8,27.27000000000004,0.0
2015-08-08 03:00:00,51.18,26.600000000000023,0.0
2015-08-08 04:00:00,51.27,26.230000000000018,0.0
2015-08-08 05:00:00,51.06,25.07000000000005,0.0
2015-08-08 06:00:00,54.1,24.430000000000007,0.0
2015-08-08 07:00:00,57.77,24.5,0.0
2015-08-08 08:00:00,65.98,24.689999999999998,0.0
2015-08-08 09:00:00,72.15,25.05000000000001,0.0
2015-08-08 10:00:00,73.26,25.950000000000045,0.0
2015-08-08 11:00:00,75.17,26.910000000000025,0.0
2015-08-08 12:00:00,74.04,29.52000000000004,0.0
2015-08-08 13:00:00,71.58,30.870000000000005,0.0
2015-08-08 14:00:00,69.55,31.5,0.0
2015-08-08 15:00:00,67.17,32.07000000000005,0.0
2015-08-08 16:00:00,66.18,31.920000000000016,0.0
2015-08-08 17:00:00,66.98,31.890000000000043,0.0
2015-08-08 18:00:00,70.9,31.390000000000043,0.0
2015-08-08 19:00:00,75.36,29.980000000000018,0.0
2015-08-08 20:00:00,76.5,23.05000000000001,0.0
2015-08-08 21:00:00,63.97,20.430000000000007,0.0
2015-08-08 22:00:00,52.65,18.090000000000032,0.0
2015-08-08 23:00:00,51.91,17.260000000000048,0.0
2015-08-09 00:00:00,55.01,16.150000000000034,0.0
2015-08-09 01:00:00,50.29,14.430000000000007,0.0
2015-08-09 02:00:00,49.28,14.29000000000002,0.0
2015-08-09 03:00:00,47.88,13.330000000000041,0.0
2015-08-09 04:00:00,52.32,12.550000000000011,0.0
2015-08-09 05:00:00,46.17,11.939999999999998,0.0
2015-08-09 06:00:00,49.95,12.04000000000002,0.0
2015-08-09 07:00:00,51.65,14.010000000000048,0.0
2015-08-09 08:00:00,54.76,15.330000000000041,0.0
2015-08-09 09:00:00,55.66,14.79000000000002,0.0
2015-08-09 10:00:00,55.73,16.33000000000004,0.0
2015-08-09 11:00:00,57.32,25.55000000000001,0.0
2015-08-09 12:00:00,57.52,27.930000000000007,0.0
2015-08-09 13:00:00,55.32,29.27000000000004,0.0
2015-08-09 14:00:00,55.27,31.220000000000027,0.0
2015-08-09 15:00:00,54.83,31.430000000000007,0.0
2015-08-09 16:00:00,57.2,32.360000000000014,0.0
2015-08-09 17:00:00,57.81,32.410000000000025,0.0
2015-08-09 18:00:00,63.47,32.610000000000014,0.0
2015-08-09 19:00:00,75.7,31.689999999999998,0.0
2015-08-09 20:00:00,76.68,29.689999999999998,0.0
2015-08-09 21:00:00,68.58,27.870000000000005,0.0
2015-08-09 22:00:00,60.77,26.670000000000016,0.0
2015-08-09 23:00:00,56.68,24.53000000000003,0.0
2015-08-10 00:00:00,56.21,23.27000000000004,0.0
2015-08-10 01:00:00,55.5,21.400000000000034,0.0
2015-08-10 02:00:00,55.48,20.720000000000027,0.0
2015-08-10 03:00:00,55.53,19.620000000000005,0.0
2015-08-10 04:00:00,60.26,18.920000000000016,0.0
2015-08-10 05:00:00,61.78,17.150000000000034,0.0
2015-08-10 06:00:00,67.55,18.370000000000005,0.0
2015-08-10 07:00:00,73.05,20.200000000000045,0.0
2015-08-10 08:00:00,75.02,22.850000000000023,0.0
2015-08-10 09:00:00,76.2,25.430000000000007,0.0
2015-08-10 10:00:00,76.11,28.53000000000003,0.0
2015-08-10 11:00:00,75.88,29.02000000000004,0.0
2015-08-10 12:00:00,73.98,31.29000000000002,0.0
2015-08-10 13:00:00,72.93,32.950000000000045,0.0
2015-08-10 14:00:00,72.57,33.629999999999995,0.0
2015-08-10 15:00:00,72.49,35.31,0.0
2015-08-10 16:00:00,73.99,35.870000000000005,0.0
2015-08-10 17:00:00,74.02,35.81,0.0
2015-08-10 18:00:00,74.15,34.81,0.0
2015-08-10 19:00:00,77.52,33.82000000000005,0.0
2015-08-10 20:00:00,76.8,32.76000000000005,0.0
2015-08-10 21:00:00,69.78,31.260000000000048,0.0
2015-08-10 22:00:00,70.87,29.920000000000016,0.0
2015-08-10 23:00:00,61.23,26.879999999999995,0.0
2015-08-11 00:00:00,55.69,26.879999999999995,0.0
2015-08-11 01:00:00,54.46,25.910000000000025,0.0
2015-08-11 02:00:00,54.65,25.129999999999995,0.0
2015-08-11 03:00:00,54.77,23.400000000000034,0.0
2015-08-11 04:00:00,63.2,22.860000000000014,0.0
2015-08-11 05:00:00,69.07,22.230000000000018,0.0
2015-08-11 06:00:00,70.78,22.760000000000048,0.0
2015-08-11 07:00:00,73.93,24.930000000000007,0.0
2015-08-11 08:00:00,75.61,28.02000000000004,0.0
2015-08-11 09:00:00,77.19,29.82000000000005,0.0
2015-08-11 10:00:00,77.27,31.480000000000018,0.0
2015-08-11 11:00:00,77.33,30.960000000000036,0.0
2015-08-11 12:00:00,75.71,32.10000000000002,0.0
2015-08-11 13:00:00,73.47,32.620000000000005,0.0
2015-08-11 14:00:00,72.93,33.49000000000001,0.0
2015-08-11 15:00:00,73.18,33.460000000000036,0.0
2015-08-11 16:00:00,72.92,33.51000000000005,0.0
2015-08-11 17:00:00,73.11,33.400000000000034,0.0
2015-08-11 18:00:00,73.36,32.950000000000045,0.0
2015-08-11 19:00:00,77.03,31.910000000000025,0.0
2015-08-11 20:00:00,75.62,31.210000000000036,0.0
2015-08-11 21:00:00,70.6,29.470000000000027,0.0
2015-08-11 22:00:00,68.36,28.24000000000001,0.0
2015-08-11 23:00:00,60.72,27.53000000000003,0.0
2015-08-12 00:00:00,55.94,26.560000000000002,0.0
2015-08-12 01:00:00,55.75,22.590000000000032,0.0
2015-08-12 02:00:00,55.7,21.760000000000048,0.0
2015-08-12 03:00:00,56.19,21.560000000000002,0.0
2015-08-12 04:00:00,64.8,20.560000000000002,0.0
2015-08-12 05:00:00,67.49,19.160000000000025,0.0
2015-08-12 06:00:00,70.77,19.33000000000004,0.0
2015-08-12 07:00:00,74.41,20.970000000000027,0.0
2015-08-12 08:00:00,76.12,26.08000000000004,0.0
2015-08-12 09:00:00,77.02,28.210000000000036,0.0
2015-08-12 10:00:00,77.21,30.0,0.0
2015-08-12 11:00:00,77.29,29.730000000000018,0.0
2015-08-12 12:00:00,74.65,31.430000000000007,0.0
2015-08-12 13:00:00,71.13,32.650000000000034,0.0
2015-08-12 14:00:00,68.03,33.170000000000016,0.0
2015-08-12 15:00:00,67.75,32.85000000000002,0.0
2015-08-12 16:00:00,65.94,32.23000000000002,0.0
2015-08-12 17:00:00,64.3,31.5,0.0
2015-08-12 18:00:00,64.88,30.430000000000007,0.0
2015-08-12 19:00:00,74.38,29.689999999999998,0.0
2015-08-12 20:00:00,74.31,28.430000000000007,0.0
2015-08-12 21:00:00,66.1,27.420000000000016,0.0
2015-08-12 22:00:00,64.66,26.860000000000014,0.0
2015-08-12 23:00:00,56.76,26.74000000000001,0.0
2015-08-13 00:00:00,54.78,25.58000000000004,0.0
2015-08-13 01:00:00,52.78,24.77000000000004,0.0
2015-08-13 02:00:00,51.89,23.760000000000048,0.0
2015-08-13 03:00:00,52.53,21.400000000000034,0.0
2015-08-13 04:00:00,53.26,20.58000000000004,0.0
2015-08-13 05:00:00,53.42,19.660000000000025,0.0
2015-08-13 06:00:00,56.95,19.840000000000032,0.0
2015-08-13 07:00:00,67.17,20.930000000000007,0.0
2015-08-13 08:00:00,70.54,22.350000000000023,0.0
2015-08-13 09:00:00,72.44,23.340000000000032,0.0
2015-08-13 10:00:00,71.45,23.920000000000016,0.0
2015-08-13 11:00:00,69.32,23.680000000000007,0.0
2015-08-13 12:00:00,59.66,24.33000000000004,0.0
2015-08-13 13:00:00,57.2,25.960000000000036,0.0
2015-08-13 14:00:00,56.98,27.160000000000025,0.0
2015-08-13 15:00:00,57.61,27.0,0.0
2015-08-13 16:00:00,58.36,26.890000000000043,0.0
2015-08-13 17:00:00,58.75,26.57000000000005,0.0
2015-08-13 18:00:00,60.49,25.680000000000007,0.0
2015-08-13 19:00:00,72.41,24.879999999999995,0.0
2015-08-13 20:00:00,72.3,23.75,0.0
2015-08-13 21:00:00,59.16,22.670000000000016,0.0
2015-08-13 22:00:00,53.32,21.5,0.0
2015-08-13 23:00:00,52.28,20.430000000000007,0.0
2015-08-14 00:00:00,49.37,19.83000000000004,0.0
2015-08-14 01:00:00,48.38,19.170000000000016,0.0
2015-08-14 02:00:00,47.87,18.49000000000001,0.0
2015-08-14 03:00:00,48.45,17.610000000000014,0.0
2015-08-14 04:00:00,52.2,16.600000000000023,0.0
2015-08-14 05:00:00,53.65,15.610000000000014,0.0
2015-08-14 06:00:00,58.65,16.25,0.0
2015-08-14 07:00:00,68.42,18.5,0.0
2015-08-14 08:00:00,72.92,22.390000000000043,0.0
2015-08-14 09:00:00,75.91,24.02000000000004,0.0
2015-08-14 10:00:00,77.72,24.189999999999998,0.0
2015-08-14 11:00:00,77.77,23.730000000000018,0.0
2015-08-14 12:00:00,75.44,25.04000000000002,0.0
2015-08-14 13:00:00,71.25,25.99000000000001,0.0
2015-08-14 14:00:00,68.61,26.32000000000005,0.0
2015-08-14 15:00:00,68.39,26.75,0.0
2015-08-14 16:00:00,68.72,26.970000000000027,0.0
2015-08-14 17:00:00,68.26,26.55000000000001,0.0
2015-08-14 18:00:00,70.03,25.890000000000043,0.0
2015-08-14 19:00:00,75.22,24.920000000000016,0.0
2015-08-14 20:00:00,74.23,23.53000000000003,0.0
2015-08-14 21:00:00,64.13,22.55000000000001,0.0
2015-08-14 22:00:00,58.55,22.210000000000036,0.0
2015-08-14 23:00:00,58.38,21.620000000000005,0.0
2015-08-15 00:00:00,56.98,21.30000000000001,0.0
2015-08-15 01:00:00,55.81,20.720000000000027,0.0
2015-08-15 02:00:00,54.7,20.260000000000048,0.0
2015-08-15 03:00:00,53.78,20.210000000000036,0.0
2015-08-15 04:00:00,55.46,19.400000000000034,0.0
2015-08-15 05:00:00,53.92,19.29000000000002,0.0
2015-08-15 06:00:00,56.1,18.80000000000001,0.0
2015-08-15 07:00:00,56.23,18.939999999999998,0.0
2015-08-15 08:00:00,57.64,21.05000000000001,0.0
2015-08-15 09:00:00,57.75,22.390000000000043,0.0
2015-08-15 10:00:00,58.03,24.140000000000043,0.0
2015-08-15 11:00:00,58.3,23.480000000000018,0.0
2015-08-15 12:00:00,57.34,25.260000000000048,0.0
2015-08-15 13:00:00,53.62,25.560000000000002,0.0
2015-08-15 14:00:00,53.54,26.420000000000016,0.0
2015-08-15 15:00:00,53.26,26.100000000000023,0.0
2015-08-15 16:00:00,54.51,26.08000000000004,0.0
2015-08-15 17:00:00,56.08,26.310000000000002,0.0
2015-08-15 18:00:00,59.8,26.100000000000023,0.0
2015-08-15 19:00:00,73.36,25.189999999999998,0.0
2015-08-15 20:00:00,73.37,24.420000000000016,0.0
2015-08-15 21:00:00,65.66,22.99000000000001,0.0
2015-08-15 22:00:00,62.39,21.870000000000005,0.0
2015-08-15 23:00:00,58.75,21.110000000000014,0.0
2015-08-16 00:00:00,57.73,20.060000000000002,0.0
2015-08-16 01:00:00,58.03,19.140000000000043,0.0
2015-08-16 02:00:00,58.19,17.860000000000014,0.0
2015-08-16 03:00:00,57.96,17.25,0.0
2015-08-16 04:00:00,59.15,16.060000000000002,0.0
2015-08-16 05:00:00,57.73,16.03000000000003,0.0
2015-08-16 06:00:00,59.85,16.110000000000014,0.0
2015-08-16 07:00:00,60.65,17.890000000000043,0.0
2015-08-16 08:00:00,59.88,18.939999999999998,0.0
2015-08-16 09:00:00,60.11,23.07000000000005,0.0
2015-08-16 10:00:00,59.89,24.57000000000005,0.0
2015-08-16 11:00:00,59.76,24.470000000000027,0.0
2015-08-16 12:00:00,59.43,26.620000000000005,0.0
2015-08-16 13:00:00,56.86,27.879999999999995,0.0
2015-08-16 14:00:00,56.57,28.010000000000048,0.0
2015-08-16 15:00:00,57.54,28.75,0.0
2015-08-16 16:00:00,58.63,29.170000000000016,0.0
2015-08-16 17:00:00,60.07,28.670000000000016,0.0
2015-08-16 18:00:00,67.82,28.28000000000003,0.0
2015-08-16 19:00:00,79.82,27.49000000000001,0.0
2015-08-16 20:00:00,79.1,26.200000000000045,0.0
2015-08-16 21:00:00,72.44,25.810000000000002,0.0
2015-08-16 22:00:00,62.96,25.129999999999995,0.0
2015-08-16 23:00:00,58.9,24.25,0.0
2015-08-17 00:00:00,56.51,24.210000000000036,0.0
2015-08-17 01:00:00,56.03,23.160000000000025,0.0
2015-08-17 02:00:00,56.11,22.75,0.0
2015-08-17 03:00:00,56.03,21.78000000000003,0.0
2015-08-17 04:00:00,57.73,21.370000000000005,0.0
2015-08-17 05:00:00,67.1,21.08000000000004,0.0
2015-08-17 06:00:00,69.83,21.010000000000048,0.0
2015-08-17 07:00:00,72.38,22.52000000000004,0.0
2015-08-17 08:00:00,74.32,24.08000000000004,0.0
2015-08-17 09:00:00,78.25,26.74000000000001,0.0
2015-08-17 10:00:00,79.23,27.600000000000023,0.0
2015-08-17 11:00:00,78.7,27.720000000000027,0.0
2015-08-17 12:00:00,76.98,28.480000000000018,0.0
2015-08-17 13:00:00,72.86,29.05000000000001,0.0
2015-08-17 14:00:00,72.94,30.189999999999998,0.0
2015-08-17 15:00:00,73.43,30.07000000000005,0.0
2015-08-17 16:00:00,74.42,30.350000000000023,0.0
2015-08-17 17:00:00,73.09,30.420000000000016,0.0
2015-08-17 18:00:00,72.57,29.379999999999995,0.0
2015-08-17 19:00:00,74.57,30.05000000000001,0.0
2015-08-17 20:00:00,71.97,27.060000000000002,0.0
2015-08-17 21:00:00,63.59,26.30000000000001,0.0
2015-08-17 22:00:00,56.43,23.670000000000016,0.0
2015-08-17 23:00:00,54.95,22.24000000000001,0.0
2015-08-18 00:00:00,53.49,21.30000000000001,0.0
2015-08-18 01:00:00,53.0,20.689999999999998,0.0
2015-08-18 02:00:00,53.03,20.24000000000001,0.0
2015-08-18 03:00:00,52.92,20.140000000000043,0.0
2015-08-18 04:00:00,55.02,19.78000000000003,0.0
2015-08-18 05:00:00,56.17,19.189999999999998,0.0
2015-08-18 06:00:00,61.66,19.74000000000001,0.0
2015-08-18 07:00:00,68.79,20.860000000000014,0.0
2015-08-18 08:00:00,71.26,23.08000000000004,0.0
2015-08-18 09:00:00,72.7,24.80000000000001,0.0
2015-08-18 10:00:00,73.38,26.24000000000001,0.0
2015-08-18 11:00:00,73.45,26.510000000000048,0.0
2015-08-18 12:00:00,72.2,28.310000000000002,0.0
2015-08-18 13:00:00,70.56,29.720000000000027,0.0
2015-08-18 14:00:00,70.6,30.370000000000005,0.0
2015-08-18 15:00:00,69.8,31.25,0.0
2015-08-18 16:00:00,70.65,31.08000000000004,0.0
2015-08-18 17:00:00,65.4,31.090000000000032,0.0
2015-08-18 18:00:00,66.72,30.32000000000005,0.0
2015-08-18 19:00:00,71.08,28.890000000000043,0.0
2015-08-18 20:00:00,69.03,27.230000000000018,0.0
2015-08-18 21:00:00,57.7,25.910000000000025,0.0
2015-08-18 22:00:00,55.1,23.930000000000007,0.0
2015-08-18 23:00:00,52.66,22.390000000000043,0.0
2015-08-19 00:00:00,50.91,21.480000000000018,0.0
2015-08-19 01:00:00,52.24,20.510000000000048,0.0
2015-08-19 02:00:00,51.51,19.650000000000034,0.0
2015-08-19 03:00:00,51.9,19.189999999999998,0.0
2015-08-19 04:00:00,54.84,18.840000000000032,0.0
2015-08-19 05:00:00,55.55,18.810000000000002,0.0
2015-08-19 06:00:00,60.27,19.720000000000027,0.0
2015-08-19 07:00:00,70.72,20.58000000000004,0.0
2015-08-19 08:00:00,72.21,22.470000000000027,0.0
2015-08-19 09:00:00,73.6,24.950000000000045,0.0
2015-08-19 10:00:00,74.36,26.840000000000032,0.0
2015-08-19 11:00:00,75.0,26.620000000000005,0.0
2015-08-19 12:00:00,73.62,27.970000000000027,0.0
2015-08-19 13:00:00,72.47,29.420000000000016,0.0
2015-08-19 14:00:00,72.22,30.439999999999998,0.0
2015-08-19 15:00:00,72.14,31.05000000000001,0.0
2015-08-19 16:00:00,72.45,31.760000000000048,0.0
2015-08-19 17:00:00,71.56,31.620000000000005,0.0
2015-08-19 18:00:00,71.94,30.5,0.0
2015-08-19 19:00:00,73.56,29.650000000000034,0.0
2015-08-19 20:00:00,72.62,27.720000000000027,0.0
2015-08-19 21:00:00,62.28,26.55000000000001,0.0
2015-08-19 22:00:00,56.59,24.900000000000034,0.0
2015-08-19 23:00:00,54.78,23.99000000000001,0.0
2015-08-20 00:00:00,52.34,23.680000000000007,0.0
2015-08-20 01:00:00,51.6,22.99000000000001,0.0
2015-08-20 02:00:00,52.81,22.49000000000001,0.0
2015-08-20 03:00:00,54.08,21.670000000000016,0.0
2015-08-20 04:00:00,55.96,20.189999999999998,0.0
2015-08-20 05:00:00,57.81,20.439999999999998,0.0
2015-08-20 06:00:00,68.82,19.939999999999998,0.0
2015-08-20 07:00:00,70.92,22.33000000000004,0.0
2015-08-20 08:00:00,71.69,25.0,0.0
2015-08-20 09:00:00,72.66,27.340000000000032,0.0
2015-08-20 10:00:00,72.4,28.810000000000002,0.0
2015-08-20 11:00:00,72.56,28.24000000000001,0.0
2015-08-20 12:00:00,71.04,30.07000000000005,0.0
2015-08-20 13:00:00,69.3,31.680000000000007,0.0
2015-08-20 14:00:00,69.17,32.84000000000003,0.0
2015-08-20 15:00:00,69.43,33.210000000000036,0.0
2015-08-20 16:00:00,70.75,33.56,0.0
2015-08-20 17:00:00,70.44,33.160000000000025,0.0
2015-08-20 18:00:00,71.99,32.58000000000004,0.0
2015-08-20 19:00:00,73.97,31.170000000000016,0.0
2015-08-20 20:00:00,73.11,29.07000000000005,0.0
2015-08-20 21:00:00,68.42,28.120000000000005,0.0
2015-08-20 22:00:00,67.0,26.660000000000025,0.0
2015-08-20 23:00:00,58.61,24.74000000000001,0.0
2015-08-21 00:00:00,56.43,24.160000000000025,0.0
2015-08-21 01:00:00,56.14,23.600000000000023,0.0
2015-08-21 02:00:00,56.51,23.870000000000005,0.0
2015-08-21 03:00:00,55.83,23.610000000000014,0.0
2015-08-21 04:00:00,61.53,22.439999999999998,0.0
2015-08-21 05:00:00,69.08,21.970000000000027,0.0
2015-08-21 06:00:00,72.26,22.010000000000048,0.0
2015-08-21 07:00:00,74.53,23.939999999999998,0.0
2015-08-21 08:00:00,75.39,26.260000000000048,0.0
2015-08-21 09:00:00,76.86,28.33000000000004,0.0
2015-08-21 10:00:00,76.93,29.53000000000003,0.0
2015-08-21 11:00:00,76.67,30.04000000000002,0.0
2015-08-21 12:00:00,73.89,31.57000000000005,0.0
2015-08-21 13:00:00,71.67,32.35000000000002,0.0
2015-08-21 14:00:00,70.49,33.54000000000002,0.0
2015-08-21 15:00:00,71.11,33.110000000000014,0.0
2015-08-21 16:00:00,72.21,32.82000000000005,0.0
2015-08-21 17:00:00,72.65,30.379999999999995,0.0
2015-08-21 18:00:00,73.21,28.07000000000005,0.0
2015-08-21 19:00:00,76.65,26.24000000000001,0.0
2015-08-21 20:00:00,74.62,24.450000000000045,0.0
2015-08-21 21:00:00,71.25,22.960000000000036,0.0
2015-08-21 22:00:00,68.46,22.28000000000003,0.0
2015-08-21 23:00:00,64.09,22.07000000000005,0.0
2015-08-22 00:00:00,56.85,21.900000000000034,0.0
2015-08-22 01:00:00,56.48,21.370000000000005,0.0
2015-08-22 02:00:00,56.19,20.54000000000002,0.0
2015-08-22 03:00:00,55.53,19.420000000000016,0.0
2015-08-22 04:00:00,56.65,18.83000000000004,0.0
2015-08-22 05:00:00,56.86,18.49000000000001,0.0
2015-08-22 06:00:00,68.74,18.74000000000001,0.0
2015-08-22 07:00:00,70.78,20.5,0.0
2015-08-22 08:00:00,71.5,23.32000000000005,0.0
2015-08-22 09:00:00,72.26,25.170000000000016,0.0
2015-08-22 10:00:00,72.28,26.54000000000002,0.0
2015-08-22 11:00:00,72.23,26.610000000000014,0.0
2015-08-22 12:00:00,62.55,28.28000000000003,0.0
2015-08-22 13:00:00,56.1,29.390000000000043,0.0
2015-08-22 14:00:00,49.89,30.04000000000002,0.0
2015-08-22 15:00:00,51.95,29.879999999999995,0.0
2015-08-22 16:00:00,52.21,30.120000000000005,0.0
2015-08-22 17:00:00,54.92,30.49000000000001,0.0
2015-08-22 18:00:00,58.33,29.650000000000034,0.0
2015-08-22 19:00:00,71.62,29.140000000000043,0.0
2015-08-22 20:00:00,66.9,27.82000000000005,0.0
2015-08-22 21:00:00,57.4,27.08000000000004,0.0
2015-08-22 22:00:00,51.16,25.55000000000001,0.0
2015-08-22 23:00:00,49.02,24.310000000000002,0.0
2015-08-23 00:00:00,50.96,22.650000000000034,0.0
2015-08-23 01:00:00,51.78,21.420000000000016,0.0
2015-08-23 02:00:00,53.11,20.860000000000014,0.0
2015-08-23 03:00:00,51.17,20.450000000000045,0.0
2015-08-23 04:00:00,52.08,20.170000000000016,0.0
2015-08-23 05:00:00,48.78,19.560000000000002,0.0
2015-08-23 06:00:00,50.48,18.910000000000025,0.0
2015-08-23 07:00:00,52.21,20.620000000000005,0.0
2015-08-23 08:00:00,47.38,21.689999999999998,0.0
2015-08-23 09:00:00,42.62,20.75,0.0
2015-08-23 10:00:00,39.31,22.120000000000005,0.0
2015-08-23 11:00:00,37.29,22.430000000000007,0.0
2015-08-23 12:00:00,26.55,23.660000000000025,0.0
2015-08-23 13:00:00,22.69,23.950000000000045,0.0
2015-08-23 14:00:00,24.83,24.77000000000004,0.0
2015-08-23 15:00:00,27.27,25.260000000000048,0.0
2015-08-23 16:00:00,34.28,25.189999999999998,0.0
2015-08-23 17:00:00,37.05,25.07000000000005,0.0
2015-08-23 18:00:00,47.13,24.210000000000036,0.0
2015-08-23 19:00:00,56.2,22.680000000000007,0.0
2015-08-23 20:00:00,56.63,21.379999999999995,0.0
2015-08-23 21:00:00,49.04,20.390000000000043,0.0
2015-08-23 22:00:00,44.01,20.010000000000048,0.0
2015-08-23 23:00:00,39.27,19.950000000000045,0.0
2015-08-24 00:00:00,37.73,19.879999999999995,0.0
2015-08-24 01:00:00,40.99,19.720000000000027,0.0
2015-08-24 02:00:00,39.82,19.879999999999995,0.0
2015-08-24 03:00:00,43.62,19.25,0.0
2015-08-24 04:00:00,52.09,17.850000000000023,0.0
2015-08-24 05:00:00,52.0,16.189999999999998,0.0
2015-08-24 06:00:00,59.26,15.57000000000005,0.0
2015-08-24 07:00:00,67.59,16.600000000000023,0.0
2015-08-24 08:00:00,70.38,17.5,0.0
2015-08-24 09:00:00,72.67,19.370000000000005,0.0
2015-08-24 10:00:00,73.02,20.04000000000002,0.0
2015-08-24 11:00:00,73.91,20.510000000000048,0.0
2015-08-24 12:00:00,72.33,21.610000000000014,0.0
2015-08-24 13:00:00,65.81,21.980000000000018,0.0
2015-08-24 14:00:00,66.26,22.77000000000004,0.0
2015-08-24 15:00:00,67.73,23.220000000000027,0.0
2015-08-24 16:00:00,72.16,23.720000000000027,0.0
2015-08-24 17:00:00,73.69,23.57000000000005,0.0
2015-08-24 18:00:00,75.6,23.05000000000001,0.0
2015-08-24 19:00:00,78.53,22.100000000000023,0.0
2015-08-24 20:00:00,77.59,20.310000000000002,0.0
2015-08-24 21:00:00,72.45,18.82000000000005,0.0
2015-08-24 22:00:00,69.46,17.760000000000048,0.0
2015-08-24 23:00:00,60.19,16.760000000000048,0.0
2015-08-25 00:00:00,56.15,16.189999999999998,0.0
2015-08-25 01:00:00,54.64,15.840000000000032,0.0
2015-08-25 02:00:00,54.56,14.420000000000016,0.0
2015-08-25 03:00:00,55.69,13.550000000000011,0.0
2015-08-25 04:00:00,62.27,12.900000000000034,0.0
2015-08-25 05:00:00,67.58,12.230000000000018,0.0
2015-08-25 06:00:00,70.63,13.0,0.0
2015-08-25 07:00:00,72.5,14.640000000000043,0.0
2015-08-25 08:00:00,73.33,19.450000000000045,0.0
2015-08-25 09:00:00,75.01,21.840000000000032,0.0
2015-08-25 10:00:00,74.9,23.379999999999995,0.0
2015-08-25 11:00:00,75.08,24.390000000000043,0.0
2015-08-25 12:00:00,73.26,25.54000000000002,0.0
2015-08-25 13:00:00,71.81,26.5,0.0
2015-08-25 14:00:00,71.7,27.77000000000004,0.0
2015-08-25 15:00:00,71.73,28.25,0.0
2015-08-25 16:00:00,72.67,28.30000000000001,0.0
2015-08-25 17:00:00,72.32,28.510000000000048,0.0
2015-08-25 18:00:00,72.96,28.04000000000002,0.0
2015-08-25 19:00:00,74.83,26.730000000000018,0.0
2015-08-25 20:00:00,72.69,25.180000000000007,0.0
2015-08-25 21:00:00,62.64,21.230000000000018,0.0
2015-08-25 22:00:00,58.6,20.850000000000023,0.0
2015-08-25 23:00:00,55.2,18.99000000000001,0.0
2015-08-26 00:00:00,51.07,19.07000000000005,0.0
2015-08-26 01:00:00,49.3,19.29000000000002,0.0
2015-08-26 02:00:00,48.2,18.860000000000014,0.0
2015-08-26 03:00:00,48.27,19.79000000000002,0.0
2015-08-26 04:00:00,53.82,19.400000000000034,0.0
2015-08-26 05:00:00,53.35,17.400000000000034,0.0
2015-08-26 06:00:00,57.69,17.53000000000003,0.0
2015-08-26 07:00:00,61.58,18.5,0.0
2015-08-26 08:00:00,69.84,24.090000000000032,0.0
2015-08-26 09:00:00,71.7,24.760000000000048,0.0
2015-08-26 10:00:00,71.92,25.930000000000007,0.0
2015-08-26 11:00:00,71.76,26.58000000000004,0.0
2015-08-26 12:00:00,66.02,28.970000000000027,0.0
2015-08-26 13:00:00,58.08,29.670000000000016,0.0
2015-08-26 14:00:00,61.52,30.439999999999998,0.0
2015-08-26 15:00:00,68.69,31.25,0.0
2015-08-26 16:00:00,70.31,31.370000000000005,0.0
2015-08-26 17:00:00,70.71,30.640000000000043,0.0
2015-08-26 18:00:00,72.1,29.930000000000007,0.0
2015-08-26 19:00:00,76.48,28.340000000000032,0.0
2015-08-26 20:00:00,73.53,26.80000000000001,0.0
2015-08-26 21:00:00,71.22,24.670000000000016,0.0
2015-08-26 22:00:00,63.11,24.28000000000003,0.0
2015-08-26 23:00:00,57.84,22.620000000000005,0.0
2015-08-27 00:00:00,56.34,21.700000000000045,0.0
2015-08-27 01:00:00,54.21,20.03000000000003,0.0
2015-08-27 02:00:00,52.25,18.840000000000032,0.0
2015-08-27 03:00:00,51.9,17.700000000000045,0.0
2015-08-27 04:00:00,56.04,16.720000000000027,0.0
2015-08-27 05:00:00,56.32,16.360000000000014,0.0
2015-08-27 06:00:00,58.18,16.04000000000002,0.0
2015-08-27 07:00:00,62.93,17.710000000000036,0.0
2015-08-27 08:00:00,63.13,20.879999999999995,0.0
2015-08-27 09:00:00,63.83,24.430000000000007,0.0
2015-08-27 10:00:00,61.44,26.150000000000034,0.0
2015-08-27 11:00:00,60.79,26.910000000000025,0.0
2015-08-27 12:00:00,58.35,28.75,0.0
2015-08-27 13:00:00,53.69,29.82000000000005,0.0
2015-08-27 14:00:00,54.31,30.370000000000005,0.0
2015-08-27 15:00:00,57.84,31.140000000000043,0.0
2015-08-27 16:00:00,58.87,31.200000000000045,0.0
2015-08-27 17:00:00,59.11,31.08000000000004,0.0
2015-08-27 18:00:00,64.13,30.060000000000002,0.0
2015-08-27 19:00:00,72.93,28.53000000000003,0.0
2015-08-27 20:00:00,70.82,27.07000000000005,0.0
2015-08-27 21:00:00,63.05,24.560000000000002,0.0
2015-08-27 22:00:00,66.29,22.75,0.0
2015-08-27 23:00:00,58.72,21.100000000000023,0.0
2015-08-28 00:00:00,56.73,20.670000000000016,0.0
2015-08-28 01:00:00,56.08,19.150000000000034,0.0
2015-08-28 02:00:00,55.38,18.860000000000014,0.0
2015-08-28 03:00:00,56.48,17.310000000000002,0.0
2015-08-28 04:00:00,66.27,16.650000000000034,0.0
2015-08-28 05:00:00,67.28,16.410000000000025,0.0
2015-08-28 06:00:00,71.24,16.55000000000001,0.0
2015-08-28 07:00:00,72.8,18.610000000000014,0.0
2015-08-28 08:00:00,73.87,23.600000000000023,0.0
2015-08-28 09:00:00,75.01,26.30000000000001,0.0
2015-08-28 10:00:00,75.89,27.870000000000005,0.0
2015-08-28 11:00:00,74.97,28.360000000000014,0.0
2015-08-28 12:00:00,73.53,30.25,0.0
2015-08-28 13:00:00,69.93,31.410000000000025,0.0
2015-08-28 14:00:00,69.84,32.22000000000003,0.0
2015-08-28 15:00:00,69.48,33.0,0.0
2015-08-28 16:00:00,70.21,33.370000000000005,0.0
2015-08-28 17:00:00,70.18,33.02000000000004,0.0
2015-08-28 18:00:00,70.65,32.54000000000002,0.0
2015-08-28 19:00:00,74.64,31.160000000000025,0.0
2015-08-28 20:00:00,71.63,27.930000000000007,0.0
2015-08-28 21:00:00,63.48,26.0,0.0
2015-08-28 22:00:00,62.48,24.32000000000005,0.0
2015-08-28 23:00:00,57.24,24.350000000000023,0.0
2015-08-29 00:00:00,55.78,26.54000000000002,0.0
2015-08-29 01:00:00,55.16,26.060000000000002,0.0
2015-08-29 02:00:00,55.49,25.140000000000043,0.0
2015-08-29 03:00:00,55.37,24.74000000000001,0.0
2015-08-29 04:00:00,55.54,24.02000000000004,0.0
2015-08-29 05:00:00,55.62,22.760000000000048,0.0
2015-08-29 06:00:00,57.42,21.110000000000014,0.0
2015-08-29 07:00:00,60.74,22.05000000000001,0.0
2015-08-29 08:00:00,61.89,25.629999999999995,0.0
2015-08-29 09:00:00,64.03,28.170000000000016,0.0
2015-08-29 10:00:00,62.35,28.78000000000003,0.0
2015-08-29 11:00:00,62.52,29.200000000000045,0.0
2015-08-29 12:00:00,58.25,31.25,0.0
2015-08-29 13:00:00,57.46,31.980000000000018,0.0
2015-08-29 14:00:00,57.23,33.44,0.0
2015-08-29 15:00:00,57.13,34.43000000000001,0.0
2015-08-29 16:00:00,59.64,34.660000000000025,0.0
2015-08-29 17:00:00,62.41,34.28000000000003,0.0
2015-08-29 18:00:00,67.78,33.22000000000003,0.0
2015-08-29 19:00:00,73.5,32.14000000000004,0.0
2015-08-29 20:00:00,68.82,30.700000000000045,0.0
2015-08-29 21:00:00,64.36,29.920000000000016,0.0
2015-08-29 22:00:00,57.85,28.410000000000025,0.0
2015-08-29 23:00:00,53.92,27.03000000000003,0.0
2015-08-30 00:00:00,52.0,26.360000000000014,0.0
2015-08-30 01:00:00,51.44,25.910000000000025,0.0
2015-08-30 02:00:00,50.7,24.660000000000025,0.0
2015-08-30 03:00:00,50.18,23.78000000000003,0.0
2015-08-30 04:00:00,51.49,23.010000000000048,0.0
2015-08-30 05:00:00,48.41,21.78000000000003,0.0
2015-08-30 06:00:00,49.03,20.950000000000045,0.0
2015-08-30 07:00:00,51.29,20.960000000000036,0.0
2015-08-30 08:00:00,53.12,22.950000000000045,0.0
2015-08-30 09:00:00,53.7,25.58000000000004,0.0
2015-08-30 10:00:00,53.05,27.02000000000004,0.0
2015-08-30 11:00:00,52.99,28.200000000000045,0.0
2015-08-30 12:00:00,52.33,30.400000000000034,0.0
2015-08-30 13:00:00,48.94,31.590000000000032,0.0
2015-08-30 14:00:00,49.69,33.44,0.0
2015-08-30 15:00:00,51.07,34.33000000000004,0.0
2015-08-30 16:00:00,54.76,34.34000000000003,0.0
2015-08-30 17:00:00,58.98,32.53000000000003,0.0
2015-08-30 18:00:00,70.43,21.32000000000005,0.0
2015-08-30 19:00:00,77.39,21.450000000000045,0.0
2015-08-30 20:00:00,76.84,20.930000000000007,0.0
2015-08-30 21:00:00,73.08,21.29000000000002,0.0
2015-08-30 22:00:00,65.9,21.49000000000001,0.0
2015-08-30 23:00:00,57.8,21.180000000000007,0.0
2015-08-31 00:00:00,55.23,20.30000000000001,0.0
2015-08-31 01:00:00,56.06,20.120000000000005,0.0
2015-08-31 02:00:00,55.52,19.52000000000004,0.0
2015-08-31 03:00:00,56.4,19.33000000000004,0.0
2015-08-31 04:00:00,66.86,19.07000000000005,0.0
2015-08-31 05:00:00,69.57,18.189999999999998,0.0
2015-08-31 06:00:00,72.68,18.310000000000002,0.0
2015-08-31 07:00:00,77.73,19.960000000000036,0.0
2015-08-31 08:00:00,78.91,21.30000000000001,0.0
2015-08-31 09:00:00,79.81,23.950000000000045,0.0
2015-08-31 10:00:00,79.84,25.24000000000001,0.0
2015-08-31 11:00:00,80.02,25.700000000000045,0.0
2015-08-31 12:00:00,77.25,26.29000000000002,0.0
2015-08-31 13:00:00,75.44,27.27000000000004,0.0
2015-08-31 14:00:00,74.31,26.57000000000005,0.0
2015-08-31 15:00:00,74.84,27.260000000000048,0.0
2015-08-31 16:00:00,75.29,25.650000000000034,0.0
2015-08-31 17:00:00,75.14,25.55000000000001,0.0
2015-08-31 18:00:00,76.33,23.58000000000004,0.0
2015-08-31 19:00:00,79.38,23.03000000000003,0.0
2015-08-31 20:00:00,75.45,22.379999999999995,0.0
2015-08-31 21:00:00,70.69,21.140000000000043,0.0
2015-08-31 22:00:00,68.29,20.430000000000007,0.0
2015-08-31 23:00:00,59.48,19.78000000000003,0.0
2015-09-01 00:00:00,55.42,18.600000000000023,0.0
2015-09-01 01:00:00,54.51,18.110000000000014,0.0
2015-09-01 02:00:00,52.29,17.57000000000005,0.0
2015-09-01 03:00:00,52.47,16.879999999999995,0.0
2015-09-01 04:00:00,56.28,16.57000000000005,0.0
2015-09-01 05:00:00,61.87,16.310000000000002,0.0
2015-09-01 06:00:00,69.01,12.010000000000048,0.0
2015-09-01 07:00:00,66.47,13.129999999999995,0.0
2015-09-01 08:00:00,68.43,14.25,0.0
2015-09-01 09:00:00,72.08,16.870000000000005,0.0
2015-09-01 10:00:00,75.17,19.28000000000003,0.0
2015-09-01 11:00:00,75.15,20.99000000000001,0.0
2015-09-01 12:00:00,70.38,21.810000000000002,0.0
2015-09-01 13:00:00,68.71,22.879999999999995,0.0
2015-09-01 14:00:00,70.46,22.960000000000036,0.0
2015-09-01 15:00:00,70.61,23.33000000000004,0.0
2015-09-01 16:00:00,70.66,23.610000000000014,0.0
2015-09-01 17:00:00,70.13,23.340000000000032,0.0
2015-09-01 18:00:00,74.64,22.920000000000016,0.0
2015-09-01 19:00:00,76.18,21.620000000000005,0.0
2015-09-01 20:00:00,70.16,20.78000000000003,0.0
2015-09-01 21:00:00,63.31,18.939999999999998,0.0
2015-09-01 22:00:00,57.5,18.220000000000027,0.0
2015-09-01 23:00:00,55.6,17.470000000000027,0.0
2015-09-02 00:00:00,53.13,17.120000000000005,0.0
2015-09-02 01:00:00,53.21,16.340000000000032,0.0
2015-09-02 02:00:00,52.71,15.82000000000005,0.0
2015-09-02 03:00:00,52.84,16.170000000000016,0.0
2015-09-02 04:00:00,57.2,12.700000000000045,0.0
2015-09-02 05:00:00,67.59,13.850000000000023,0.0
2015-09-02 06:00:00,71.33,13.32000000000005,0.0
2015-09-02 07:00:00,71.8,13.650000000000034,0.0
2015-09-02 08:00:00,73.93,16.650000000000034,0.0
2015-09-02 09:00:00,74.27,18.260000000000048,0.0
2015-09-02 10:00:00,74.58,19.610000000000014,0.0
2015-09-02 11:00:00,74.57,20.24000000000001,0.0
2015-09-02 12:00:00,72.82,21.74000000000001,0.0
2015-09-02 13:00:00,71.24,22.55000000000001,0.0
2015-09-02 14:00:00,70.23,23.120000000000005,0.0
2015-09-02 15:00:00,70.2,23.620000000000005,0.0
2015-09-02 16:00:00,69.61,23.54000000000002,0.0
2015-09-02 17:00:00,66.67,23.640000000000043,0.0
2015-09-02 18:00:00,70.88,22.950000000000045,0.0
2015-09-02 19:00:00,72.28,21.660000000000025,0.0
2015-09-02 20:00:00,66.88,20.470000000000027,0.0
2015-09-02 21:00:00,58.11,20.230000000000018,0.0
2015-09-02 22:00:00,56.27,20.010000000000048,0.0
2015-09-02 23:00:00,53.6,19.83000000000004,0.0
2015-09-03 00:00:00,50.35,17.890000000000043,0.0
2015-09-03 01:00:00,50.22,16.980000000000018,0.0
2015-09-03 02:00:00,49.53,15.660000000000025,0.0
2015-09-03 03:00:00,50.69,15.120000000000005,0.0
2015-09-03 04:00:00,55.48,14.110000000000014,0.0
2015-09-03 05:00:00,59.77,13.54000000000002,0.0
2015-09-03 06:00:00,64.57,12.53000000000003,0.0
2015-09-03 07:00:00,68.03,12.650000000000034,0.0
2015-09-03 08:00:00,66.61,15.870000000000005,0.0
2015-09-03 09:00:00,67.94,16.460000000000036,0.0
2015-09-03 10:00:00,69.17,17.150000000000034,0.0
2015-09-03 11:00:00,69.42,17.49000000000001,0.0
2015-09-03 12:00:00,69.46,18.450000000000045,0.0
2015-09-03 13:00:00,67.66,18.960000000000036,0.0
2015-09-03 14:00:00,68.4,19.07000000000005,0.0
2015-09-03 15:00:00,68.16,19.890000000000043,0.0
2015-09-03 16:00:00,67.46,20.27000000000004,0.0
2015-09-03 17:00:00,67.56,20.33000000000004,0.0
2015-09-03 18:00:00,69.07,20.170000000000016,0.0
2015-09-03 19:00:00,71.68,19.470000000000027,0.0
2015-09-03 20:00:00,64.67,18.370000000000005,0.0
2015-09-03 21:00:00,58.97,16.610000000000014,0.0
2015-09-03 22:00:00,56.06,15.710000000000036,0.0
2015-09-03 23:00:00,53.67,14.860000000000014,0.0
2015-09-04 00:00:00,50.3,14.350000000000023,0.0
2015-09-04 01:00:00,49.74,13.580000000000041,0.0
2015-09-04 02:00:00,48.44,13.32000000000005,0.0
2015-09-04 03:00:00,49.17,12.830000000000041,0.0
2015-09-04 04:00:00,53.96,12.29000000000002,0.0
2015-09-04 05:00:00,59.57,12.180000000000007,0.0
2015-09-04 06:00:00,67.98,12.04000000000002,0.0
2015-09-04 07:00:00,71.04,12.5,0.0
2015-09-04 08:00:00,71.26,13.0,0.0
2015-09-04 09:00:00,72.62,15.03000000000003,0.0
2015-09-04 10:00:00,73.62,16.620000000000005,0.0
2015-09-04 11:00:00,73.05,17.5,0.0
2015-09-04 12:00:00,70.46,18.840000000000032,0.0
2015-09-04 13:00:00,67.11,18.730000000000018,0.0
2015-09-04 14:00:00,66.86,18.52000000000004,0.0
2015-09-04 15:00:00,68.27,20.160000000000025,0.0
2015-09-04 16:00:00,66.73,20.439999999999998,0.0
2015-09-04 17:00:00,64.5,20.30000000000001,0.0
2015-09-04 18:00:00,68.83,19.460000000000036,0.0
2015-09-04 19:00:00,71.48,17.939999999999998,0.0
2015-09-04 20:00:00,64.75,16.54000000000002,0.0
2015-09-04 21:00:00,59.03,14.650000000000034,0.0
2015-09-04 22:00:00,58.7,13.510000000000048,0.0
2015-09-04 23:00:00,56.83,12.510000000000048,0.0
2015-09-05 00:00:00,52.94,11.910000000000025,0.0
2015-09-05 01:00:00,50.82,11.53000000000003,0.0
2015-09-05 02:00:00,49.3,11.080000000000041,0.0
2015-09-05 03:00:00,48.28,10.800000000000011,0.0
2015-09-05 04:00:00,49.35,10.32000000000005,0.0
2015-09-05 05:00:00,50.58,9.760000000000048,0.0
2015-09-05 06:00:00,52.51,9.520000000000039,0.0
2015-09-05 07:00:00,58.43,9.830000000000041,0.0
2015-09-05 08:00:00,61.15,10.75,0.0
2015-09-05 09:00:00,66.52,12.82000000000005,0.0
2015-09-05 10:00:00,66.28,13.730000000000018,0.0
2015-09-05 11:00:00,66.95,16.060000000000002,0.0
2015-09-05 12:00:00,67.84,16.78000000000003,0.0
2015-09-05 13:00:00,65.78,18.930000000000007,0.0
2015-09-05 14:00:00,63.8,19.07000000000005,0.0
2015-09-05 15:00:00,64.02,20.129999999999995,0.0
2015-09-05 16:00:00,66.78,20.660000000000025,0.0
2015-09-05 17:00:00,63.25,20.79000000000002,0.0
2015-09-05 18:00:00,67.3,19.910000000000025,0.0
2015-09-05 19:00:00,69.43,18.920000000000016,0.0
2015-09-05 20:00:00,61.66,17.870000000000005,0.0
2015-09-05 21:00:00,58.38,16.629999999999995,0.0
2015-09-05 22:00:00,63.15,16.610000000000014,0.0
2015-09-05 23:00:00,57.75,15.730000000000018,0.0
2015-09-06 00:00:00,55.22,14.640000000000043,0.0
2015-09-06 01:00:00,51.93,13.5,0.0
2015-09-06 02:00:00,51.21,12.5,0.0
2015-09-06 03:00:00,51.37,12.220000000000027,0.0
2015-09-06 04:00:00,51.75,11.879999999999995,0.0
2015-09-06 05:00:00,52.87,11.53000000000003,0.0
2015-09-06 06:00:00,49.56,11.629999999999995,0.0
2015-09-06 07:00:00,54.86,11.560000000000002,0.0
2015-09-06 08:00:00,58.2,12.29000000000002,0.0
2015-09-06 09:00:00,59.71,12.939999999999998,0.0
2015-09-06 10:00:00,64.38,14.120000000000005,0.0
2015-09-06 11:00:00,66.37,14.900000000000034,0.0
2015-09-06 12:00:00,66.29,16.07000000000005,0.0
2015-09-06 13:00:00,62.93,16.879999999999995,0.0
2015-09-06 14:00:00,60.5,17.870000000000005,0.0
2015-09-06 15:00:00,58.02,18.430000000000007,0.0
2015-09-06 16:00:00,63.53,18.79000000000002,0.0
2015-09-06 17:00:00,62.73,18.710000000000036,0.0
2015-09-06 18:00:00,69.0,18.400000000000034,0.0
2015-09-06 19:00:00,72.43,17.350000000000023,0.0
2015-09-06 20:00:00,68.65,16.210000000000036,0.0
2015-09-06 21:00:00,64.04,15.720000000000027,0.0
2015-09-06 22:00:00,59.22,14.770000000000039,0.0
2015-09-06 23:00:00,57.06,14.680000000000007,0.0
2015-09-07 00:00:00,54.85,13.890000000000043,0.0
2015-09-07 01:00:00,53.95,12.720000000000027,0.0
2015-09-07 02:00:00,53.55,11.390000000000043,0.0
2015-09-07 03:00:00,53.98,11.270000000000039,0.0
2015-09-07 04:00:00,58.56,11.29000000000002,0.0
2015-09-07 05:00:00,65.15,11.03000000000003,0.0
2015-09-07 06:00:00,68.58,11.640000000000043,0.0
2015-09-07 07:00:00,71.91,11.050000000000011,0.0
2015-09-07 08:00:00,74.01,11.520000000000039,0.0
2015-09-07 09:00:00,76.65,12.78000000000003,0.0
2015-09-07 10:00:00,77.64,14.340000000000032,0.0
2015-09-07 11:00:00,77.79,15.060000000000002,0.0
2015-09-07 12:00:00,73.46,12.450000000000045,0.0
2015-09-07 13:00:00,71.31,17.75,0.0
2015-09-07 14:00:00,71.13,18.100000000000023,0.0
2015-09-07 15:00:00,71.8,18.04000000000002,0.0
2015-09-07 16:00:00,72.58,18.0,0.0
2015-09-07 17:00:00,73.44,17.450000000000045,0.0
2015-09-07 18:00:00,76.5,17.439999999999998,0.0
2015-09-07 19:00:00,77.46,16.670000000000016,0.0
2015-09-07 20:00:00,71.67,15.200000000000045,0.0
2015-09-07 21:00:00,66.77,15.07000000000005,0.0
2015-09-07 22:00:00,65.84,14.100000000000023,0.0
2015-09-07 23:00:00,63.06,13.610000000000014,0.0
2015-09-08 00:00:00,60.14,13.03000000000003,0.0
2015-09-08 01:00:00,59.73,12.060000000000002,0.0
2015-09-08 02:00:00,59.98,11.860000000000014,0.0
2015-09-08 03:00:00,61.24,11.330000000000041,0.0
2015-09-08 04:00:00,65.75,8.460000000000036,0.0
2015-09-08 05:00:00,68.85,9.370000000000005,0.0
2015-09-08 06:00:00,71.67,9.57000000000005,0.0
2015-09-08 07:00:00,72.79,8.78000000000003,0.0
2015-09-08 08:00:00,73.59,9.390000000000043,0.0
2015-09-08 09:00:00,74.12,12.230000000000018,0.0
2015-09-08 10:00:00,75.04,13.050000000000011,0.0
2015-09-08 11:00:00,74.81,14.560000000000002,0.0
2015-09-08 12:00:00,72.41,16.04000000000002,0.0
2015-09-08 13:00:00,69.95,17.07000000000005,0.0
2015-09-08 14:00:00,69.78,17.950000000000045,0.0
2015-09-08 15:00:00,70.75,20.33000000000004,0.0
2015-09-08 16:00:00,71.61,21.460000000000036,0.0
2015-09-08 17:00:00,72.06,21.77000000000004,0.0
2015-09-08 18:00:00,77.88,21.80000000000001,0.0
2015-09-08 19:00:00,79.27,20.180000000000007,0.0
2015-09-08 20:00:00,72.05,18.890000000000043,0.0
2015-09-08 21:00:00,67.52,16.110000000000014,0.0
2015-09-08 22:00:00,67.87,15.480000000000018,0.0
2015-09-08 23:00:00,65.81,14.350000000000023,0.0
2015-09-09 00:00:00,63.47,13.050000000000011,0.0
2015-09-09 01:00:00,61.72,12.78000000000003,0.0
2015-09-09 02:00:00,60.23,11.330000000000041,0.0
2015-09-09 03:00:00,59.59,10.550000000000011,0.0
2015-09-09 04:00:00,66.45,10.050000000000011,0.0
2015-09-09 05:00:00,69.67,9.520000000000039,0.0
2015-09-09 06:00:00,72.66,9.0,0.0
2015-09-09 07:00:00,71.59,9.590000000000032,0.0
2015-09-09 08:00:00,72.96,10.990000000000009,0.0
2015-09-09 09:00:00,71.93,13.830000000000041,0.0
2015-09-09 10:00:00,72.22,15.300000000000011,0.0
2015-09-09 11:00:00,72.68,16.82000000000005,0.0
2015-09-09 12:00:00,70.63,18.58000000000004,0.0
2015-09-09 13:00:00,68.06,20.700000000000045,0.0
2015-09-09 14:00:00,68.28,21.640000000000043,0.0
2015-09-09 15:00:00,69.31,21.670000000000016,0.0
2015-09-09 16:00:00,70.09,21.650000000000034,0.0
2015-09-09 17:00:00,70.52,21.810000000000002,0.0
2015-09-09 18:00:00,73.57,20.920000000000016,0.0
2015-09-09 19:00:00,76.82,20.400000000000034,0.0
2015-09-09 20:00:00,70.68,19.700000000000045,0.0
2015-09-09 21:00:00,66.5,19.210000000000036,0.0
2015-09-09 22:00:00,65.26,17.939999999999998,0.0
2015-09-09 23:00:00,64.43,17.730000000000018,0.0
2015-09-10 00:00:00,61.06,17.110000000000014,0.0
2015-09-10 01:00:00,59.68,15.240000000000009,0.0
2015-09-10 02:00:00,58.52,15.140000000000043,0.0
2015-09-10 03:00:00,59.64,14.930000000000007,0.0
2015-09-10 04:00:00,65.44,14.760000000000048,0.0
2015-09-10 05:00:00,64.47,13.5,0.0
2015-09-10 06:00:00,67.58,12.54000000000002,0.0
2015-09-10 07:00:00,69.24,12.28000000000003,0.0
2015-09-10 08:00:00,72.37,12.910000000000025,0.0
2015-09-10 09:00:00,72.82,16.850000000000023,0.0
2015-09-10 10:00:00,73.41,17.910000000000025,0.0
2015-09-10 11:00:00,73.11,18.29000000000002,0.0
2015-09-10 12:00:00,69.13,19.890000000000043,0.0
2015-09-10 13:00:00,66.91,20.52000000000004,0.0
2015-09-10 14:00:00,66.82,20.860000000000014,0.0
2015-09-10 15:00:00,67.28,21.120000000000005,0.0
2015-09-10 16:00:00,67.51,21.129999999999995,0.0
2015-09-10 17:00:00,68.05,21.110000000000014,0.0
2015-09-10 18:00:00,72.1,21.450000000000045,0.0
2015-09-10 19:00:00,74.26,21.140000000000043,0.0
2015-09-10 20:00:00,69.03,19.360000000000014,0.0
2015-09-10 21:00:00,65.66,18.689999999999998,0.0
2015-09-10 22:00:00,65.4,16.710000000000036,0.0
2015-09-10 23:00:00,65.27,15.900000000000034,0.0
2015-09-11 00:00:00,63.56,15.129999999999995,0.0
2015-09-11 01:00:00,62.56,14.120000000000005,0.0
2015-09-11 02:00:00,62.17,13.740000000000009,0.0
2015-09-11 03:00:00,61.89,12.270000000000039,0.0
2015-09-11 04:00:00,65.07,11.620000000000005,0.0
2015-09-11 05:00:00,64.84,10.75,0.0
2015-09-11 06:00:00,66.58,10.32000000000005,0.0
2015-09-11 07:00:00,68.28,10.210000000000036,0.0
2015-09-11 08:00:00,68.9,12.79000000000002,0.0
2015-09-11 09:00:00,68.85,14.590000000000032,0.0
2015-09-11 10:00:00,69.54,17.430000000000007,0.0
2015-09-11 11:00:00,68.61,19.05000000000001,0.0
2015-09-11 12:00:00,66.41,20.689999999999998,0.0
2015-09-11 13:00:00,58.21,21.439999999999998,0.0
2015-09-11 14:00:00,57.34,19.25,0.0
2015-09-11 15:00:00,57.39,22.870000000000005,0.0
2015-09-11 16:00:00,56.76,23.07000000000005,0.0
2015-09-11 17:00:00,57.27,22.680000000000007,0.0
2015-09-11 18:00:00,62.81,22.52000000000004,0.0
2015-09-11 19:00:00,68.74,21.83000000000004,0.0
2015-09-11 20:00:00,63.29,19.920000000000016,0.0
2015-09-11 21:00:00,57.95,19.390000000000043,0.0
2015-09-11 22:00:00,57.58,17.860000000000014,0.0
2015-09-11 23:00:00,56.18,16.189999999999998,0.0
2015-09-12 00:00:00,53.32,15.400000000000034,0.0
2015-09-12 01:00:00,55.02,14.770000000000039,0.0
2015-09-12 02:00:00,52.52,14.830000000000041,0.0
2015-09-12 03:00:00,54.4,14.370000000000005,0.0
2015-09-12 04:00:00,56.18,14.640000000000043,0.0
2015-09-12 05:00:00,56.78,14.830000000000041,0.0
2015-09-12 06:00:00,60.67,14.129999999999995,0.0
2015-09-12 07:00:00,64.97,14.310000000000002,0.0
2015-09-12 08:00:00,64.63,15.25,0.0
2015-09-12 09:00:00,65.89,16.590000000000032,0.0
2015-09-12 10:00:00,64.47,17.140000000000043,0.0
2015-09-12 11:00:00,63.46,17.55000000000001,0.0
2015-09-12 12:00:00,62.97,18.450000000000045,0.0
2015-09-12 13:00:00,56.71,19.07000000000005,0.0
2015-09-12 14:00:00,54.18,20.05000000000001,0.0
2015-09-12 15:00:00,53.8,21.189999999999998,0.0
2015-09-12 16:00:00,56.33,21.58000000000004,0.0
2015-09-12 17:00:00,57.74,21.110000000000014,0.0
2015-09-12 18:00:00,62.9,18.430000000000007,0.0
2015-09-12 19:00:00,68.23,20.060000000000002,0.0
2015-09-12 20:00:00,62.1,18.890000000000043,0.0
2015-09-12 21:00:00,58.78,17.80000000000001,0.0
2015-09-12 22:00:00,64.46,16.840000000000032,0.0
2015-09-12 23:00:00,61.93,16.200000000000045,0.0
2015-09-13 00:00:00,50.85,16.08000000000004,0.0
2015-09-13 01:00:00,52.26,16.160000000000025,0.0
2015-09-13 02:00:00,46.92,15.670000000000016,0.0
2015-09-13 03:00:00,47.53,16.010000000000048,0.0
2015-09-13 04:00:00,47.13,15.129999999999995,0.0
2015-09-13 05:00:00,47.36,14.550000000000011,0.0
2015-09-13 06:00:00,45.83,13.860000000000014,0.0
2015-09-13 07:00:00,48.42,13.740000000000009,0.0
2015-09-13 08:00:00,46.27,14.370000000000005,0.0
2015-09-13 09:00:00,44.71,14.670000000000016,0.0
2015-09-13 10:00:00,40.71,15.050000000000011,0.0
2015-09-13 11:00:00,39.14,15.260000000000048,0.0
2015-09-13 12:00:00,35.69,16.100000000000023,0.0
2015-09-13 13:00:00,31.25,16.700000000000045,0.0
2015-09-13 14:00:00,24.29,17.850000000000023,0.0
2015-09-13 15:00:00,23.64,18.700000000000045,0.0
2015-09-13 16:00:00,36.13,18.910000000000025,0.0
2015-09-13 17:00:00,47.88,18.82000000000005,0.0
2015-09-13 18:00:00,52.69,17.670000000000016,0.0
2015-09-13 19:00:00,67.42,17.07000000000005,0.0
2015-09-13 20:00:00,64.87,16.54000000000002,0.0
2015-09-13 21:00:00,49.49,15.670000000000016,0.0
2015-09-13 22:00:00,43.94,15.090000000000032,0.0
2015-09-13 23:00:00,43.24,14.090000000000032,0.0
2015-09-14 00:00:00,43.07,13.57000000000005,0.0
2015-09-14 01:00:00,36.34,13.350000000000023,0.0
2015-09-14 02:00:00,36.36,12.960000000000036,0.0
2015-09-14 03:00:00,37.81,12.140000000000043,0.0
2015-09-14 04:00:00,47.03,11.54000000000002,0.0
2015-09-14 05:00:00,54.29,11.54000000000002,0.0
2015-09-14 06:00:00,60.41,10.870000000000005,0.0
2015-09-14 07:00:00,68.54,10.75,0.0
2015-09-14 08:00:00,68.79,11.28000000000003,0.0
2015-09-14 09:00:00,68.1,12.840000000000032,0.0
2015-09-14 10:00:00,69.73,13.5,0.0
2015-09-14 11:00:00,69.19,14.590000000000032,0.0
2015-09-14 12:00:00,66.15,15.830000000000041,0.0
2015-09-14 13:00:00,65.4,16.49000000000001,0.0
2015-09-14 14:00:00,65.14,17.310000000000002,0.0
2015-09-14 15:00:00,67.09,17.879999999999995,0.0
2015-09-14 16:00:00,68.64,18.28000000000003,0.0
2015-09-14 17:00:00,66.92,17.840000000000032,0.0
2015-09-14 18:00:00,71.96,17.660000000000025,0.0
2015-09-14 19:00:00,77.51,16.900000000000034,0.0
2015-09-14 20:00:00,68.87,15.930000000000007,0.0
2015-09-14 21:00:00,65.64,15.150000000000034,0.0
2015-09-14 22:00:00,59.32,15.080000000000041,0.0
2015-09-14 23:00:00,62.04,12.650000000000034,0.0
2015-09-15 00:00:00,56.86,12.28000000000003,0.0
2015-09-15 01:00:00,55.73,10.550000000000011,0.0
2015-09-15 02:00:00,54.87,9.439999999999998,0.0
2015-09-15 03:00:00,54.02,8.520000000000039,0.0
2015-09-15 04:00:00,56.24,8.170000000000016,0.0
2015-09-15 05:00:00,55.6,7.860000000000014,0.0
2015-09-15 06:00:00,58.15,7.660000000000025,0.0
2015-09-15 07:00:00,63.06,7.890000000000043,0.0
2015-09-15 08:00:00,63.52,8.120000000000005,0.0
2015-09-15 09:00:00,62.71,12.400000000000034,0.0
2015-09-15 10:00:00,61.88,14.060000000000002,0.0
2015-09-15 11:00:00,56.32,14.080000000000041,0.0
2015-09-15 12:00:00,51.53,14.580000000000041,0.0
2015-09-15 13:00:00,49.63,13.650000000000034,0.0
2015-09-15 14:00:00,48.69,15.689999999999998,0.0
2015-09-15 15:00:00,49.14,14.32000000000005,0.0
2015-09-15 16:00:00,49.32,12.5,0.0
2015-09-15 17:00:00,50.22,12.180000000000007,0.0
2015-09-15 18:00:00,57.81,12.29000000000002,0.0
2015-09-15 19:00:00,61.46,12.230000000000018,0.0
2015-09-15 20:00:00,50.45,12.230000000000018,0.0
2015-09-15 21:00:00,42.61,12.29000000000002,0.0
2015-09-15 22:00:00,35.52,12.460000000000036,0.0
2015-09-15 23:00:00,30.98,12.270000000000039,0.0
2015-09-16 00:00:00,25.22,12.510000000000048,0.0
2015-09-16 01:00:00,22.73,13.350000000000023,0.0
2015-09-16 02:00:00,22.08,13.510000000000048,0.0
2015-09-16 03:00:00,22.21,13.610000000000014,0.0
2015-09-16 04:00:00,35.64,13.340000000000032,0.0
2015-09-16 05:00:00,40.18,12.960000000000036,0.0
2015-09-16 06:00:00,45.03,13.629999999999995,0.0
2015-09-16 07:00:00,49.06,13.490000000000009,0.0
2015-09-16 08:00:00,56.73,13.560000000000002,0.0
2015-09-16 09:00:00,59.67,14.140000000000043,0.0
2015-09-16 10:00:00,57.03,14.54000000000002,0.0
2015-09-16 11:00:00,54.38,16.04000000000002,0.0
2015-09-16 12:00:00,49.29,16.870000000000005,0.0
2015-09-16 13:00:00,45.88,16.210000000000036,0.0
2015-09-16 14:00:00,45.71,15.150000000000034,0.0
2015-09-16 15:00:00,48.59,13.800000000000011,0.0
2015-09-16 16:00:00,48.41,14.03000000000003,0.0
2015-09-16 17:00:00,51.67,15.140000000000043,0.0
2015-09-16 18:00:00,58.24,12.920000000000016,0.0
2015-09-16 19:00:00,67.02,12.53000000000003,0.0
2015-09-16 20:00:00,55.01,12.220000000000027,0.0
2015-09-16 21:00:00,46.43,12.300000000000011,0.0
2015-09-16 22:00:00,45.18,12.189999999999998,0.0
2015-09-16 23:00:00,45.02,12.020000000000039,0.0
2015-09-17 00:00:00,42.06,11.980000000000018,0.0
2015-09-17 01:00:00,38.02,11.340000000000032,0.0
2015-09-17 02:00:00,37.22,10.550000000000011,0.0
2015-09-17 03:00:00,44.25,9.78000000000003,0.0
2015-09-17 04:00:00,46.92,9.200000000000045,0.0
2015-09-17 05:00:00,52.9,8.300000000000011,0.0
2015-09-17 06:00:00,60.86,8.090000000000032,0.0
2015-09-17 07:00:00,61.31,8.020000000000039,0.0
2015-09-17 08:00:00,64.59,9.270000000000039,0.0
2015-09-17 09:00:00,64.16,10.850000000000023,0.0
2015-09-17 10:00:00,65.55,11.29000000000002,0.0
2015-09-17 11:00:00,65.45,12.260000000000048,0.0
2015-09-17 12:00:00,62.0,13.050000000000011,0.0
2015-09-17 13:00:00,60.21,13.600000000000023,0.0
2015-09-17 14:00:00,60.81,14.520000000000039,0.0
2015-09-17 15:00:00,64.84,15.170000000000016,0.0
2015-09-17 16:00:00,63.76,15.300000000000011,0.0
2015-09-17 17:00:00,64.85,15.350000000000023,0.0
2015-09-17 18:00:00,68.96,14.850000000000023,0.0
2015-09-17 19:00:00,73.88,13.510000000000048,0.0
2015-09-17 20:00:00,63.74,12.340000000000032,0.0
2015-09-17 21:00:00,60.14,11.350000000000023,0.0
2015-09-17 22:00:00,61.29,10.29000000000002,0.0
2015-09-17 23:00:00,59.97,9.75,0.0
2015-09-18 00:00:00,55.97,8.850000000000023,0.0
2015-09-18 01:00:00,55.58,7.860000000000014,0.0
2015-09-18 02:00:00,54.41,7.550000000000011,0.0
2015-09-18 03:00:00,55.14,5.960000000000036,0.0
2015-09-18 04:00:00,62.36,6.240000000000009,0.0
2015-09-18 05:00:00,63.59,6.220000000000027,0.0
2015-09-18 06:00:00,66.94,6.03000000000003,0.0
2015-09-18 07:00:00,67.76,6.300000000000011,0.0
2015-09-18 08:00:00,68.33,6.980000000000018,0.0
2015-09-18 09:00:00,67.16,10.03000000000003,0.0
2015-09-18 10:00:00,67.36,11.79000000000002,0.0
2015-09-18 11:00:00,67.1,18.53000000000003,0.0
2015-09-18 12:00:00,65.3,20.80000000000001,0.0
2015-09-18 13:00:00,58.46,21.150000000000034,0.0
2015-09-18 14:00:00,59.63,23.230000000000018,0.0
2015-09-18 15:00:00,63.36,22.930000000000007,0.0
2015-09-18 16:00:00,64.25,24.27000000000004,0.0
2015-09-18 17:00:00,64.19,23.960000000000036,0.0
2015-09-18 18:00:00,67.99,23.29000000000002,0.0
2015-09-18 19:00:00,67.2,21.390000000000043,0.0
2015-09-18 20:00:00,57.39,19.390000000000043,0.0
2015-09-18 21:00:00,54.9,16.340000000000032,0.0
2015-09-18 22:00:00,54.03,14.270000000000039,0.0
2015-09-18 23:00:00,52.27,13.230000000000018,0.0
2015-09-19 00:00:00,51.11,12.560000000000002,0.0
2015-09-19 01:00:00,50.97,12.620000000000005,0.0
2015-09-19 02:00:00,50.28,11.890000000000043,0.0
2015-09-19 03:00:00,50.56,11.580000000000041,0.0
2015-09-19 04:00:00,51.15,11.580000000000041,0.0
2015-09-19 05:00:00,53.08,10.550000000000011,0.0
2015-09-19 06:00:00,53.92,9.629999999999995,0.0
2015-09-19 07:00:00,62.01,9.270000000000039,0.0
2015-09-19 08:00:00,61.47,11.450000000000045,0.0
2015-09-19 09:00:00,61.14,15.860000000000014,0.0
2015-09-19 10:00:00,57.91,18.970000000000027,0.0
2015-09-19 11:00:00,55.92,20.30000000000001,0.0
2015-09-19 12:00:00,53.3,22.930000000000007,0.0
2015-09-19 13:00:00,50.6,24.33000000000004,0.0
2015-09-19 14:00:00,50.34,25.0,0.0
2015-09-19 15:00:00,50.29,25.860000000000014,0.0
2015-09-19 16:00:00,53.48,26.220000000000027,0.0
2015-09-19 17:00:00,56.34,26.150000000000034,0.0
2015-09-19 18:00:00,62.25,25.670000000000016,0.0
2015-09-19 19:00:00,65.34,23.900000000000034,0.0
2015-09-19 20:00:00,57.35,21.28000000000003,0.0
2015-09-19 21:00:00,53.28,18.230000000000018,0.0
2015-09-19 22:00:00,52.48,16.340000000000032,0.0
2015-09-19 23:00:00,51.21,15.240000000000009,0.0
2015-09-20 00:00:00,50.45,13.900000000000034,0.0
2015-09-20 01:00:00,48.64,13.230000000000018,0.0
2015-09-20 02:00:00,49.18,12.620000000000005,0.0
2015-09-20 03:00:00,49.56,11.939999999999998,0.0
2015-09-20 04:00:00,52.28,11.220000000000027,0.0
2015-09-20 05:00:00,53.35,10.670000000000016,0.0
2015-09-20 06:00:00,54.03,9.629999999999995,0.0
2015-09-20 07:00:00,55.69,9.260000000000048,0.0
2015-09-20 08:00:00,54.74,11.460000000000036,0.0
2015-09-20 09:00:00,54.33,15.310000000000002,0.0
2015-09-20 10:00:00,54.3,18.230000000000018,0.0
2015-09-20 11:00:00,57.63,21.150000000000034,0.0
2015-09-20 12:00:00,53.86,24.629999999999995,0.0
2015-09-20 13:00:00,50.89,25.30000000000001,0.0
2015-09-20 14:00:00,50.27,27.57000000000005,0.0
2015-09-20 15:00:00,51.27,27.930000000000007,0.0
2015-09-20 16:00:00,53.05,28.600000000000023,0.0
2015-09-20 17:00:00,56.05,28.660000000000025,0.0
2015-09-20 18:00:00,65.75,27.560000000000002,0.0
2015-09-20 19:00:00,70.07,25.670000000000016,0.0
2015-09-20 20:00:00,67.02,24.27000000000004,0.0
2015-09-20 21:00:00,61.84,21.58000000000004,0.0
2015-09-20 22:00:00,64.3,18.960000000000036,0.0
2015-09-20 23:00:00,58.67,17.510000000000048,0.0
2015-09-21 00:00:00,58.11,16.840000000000032,0.0
2015-09-21 01:00:00,56.67,15.850000000000023,0.0
2015-09-21 02:00:00,56.27,14.860000000000014,0.0
2015-09-21 03:00:00,56.5,12.920000000000016,0.0
2015-09-21 04:00:00,63.76,11.520000000000039,0.0
2015-09-21 05:00:00,65.46,11.150000000000034,0.0
2015-09-21 06:00:00,66.09,10.980000000000018,0.0
2015-09-21 07:00:00,68.41,10.300000000000011,0.0
2015-09-21 08:00:00,68.77,13.910000000000025,0.0
2015-09-21 09:00:00,68.68,16.900000000000034,0.0
2015-09-21 10:00:00,68.34,19.57000000000005,0.0
2015-09-21 11:00:00,66.72,23.230000000000018,0.0
2015-09-21 12:00:00,63.24,26.160000000000025,0.0
2015-09-21 13:00:00,59.07,27.560000000000002,0.0
2015-09-21 14:00:00,58.73,28.230000000000018,0.0
2015-09-21 15:00:00,61.04,28.960000000000036,0.0
2015-09-21 16:00:00,62.68,28.960000000000036,0.0
2015-09-21 17:00:00,61.3,29.27000000000004,0.0
2015-09-21 18:00:00,66.05,28.230000000000018,0.0
2015-09-21 19:00:00,67.51,27.189999999999998,0.0
2015-09-21 20:00:00,61.97,24.870000000000005,0.0
2015-09-21 21:00:00,56.49,22.260000000000048,0.0
2015-09-21 22:00:00,57.97,19.57000000000005,0.0
2015-09-21 23:00:00,56.85,17.189999999999998,0.0
2015-09-22 00:00:00,53.96,15.980000000000018,0.0
2015-09-22 01:00:00,52.74,14.57000000000005,0.0
2015-09-22 02:00:00,51.88,13.230000000000018,0.0
2015-09-22 03:00:00,52.13,12.5,0.0
2015-09-22 04:00:00,54.51,11.160000000000025,0.0
2015-09-22 05:00:00,57.26,10.980000000000018,0.0
2015-09-22 06:00:00,61.92,9.629999999999995,0.0
2015-09-22 07:00:00,67.1,9.57000000000005,0.0
2015-09-22 08:00:00,65.02,12.879999999999995,0.0
2015-09-22 09:00:00,63.95,14.879999999999995,0.0
2015-09-22 10:00:00,61.99,19.82000000000005,0.0
2015-09-22 11:00:00,60.7,21.760000000000048,0.0
2015-09-22 12:00:00,57.29,26.170000000000016,0.0
2015-09-22 13:00:00,53.3,27.930000000000007,0.0
2015-09-22 14:00:00,51.92,28.600000000000023,0.0
2015-09-22 15:00:00,52.77,29.32000000000005,0.0
2015-09-22 16:00:00,52.9,30.0,0.0
2015-09-22 17:00:00,54.78,29.33000000000004,0.0
2015-09-22 18:00:00,60.81,27.560000000000002,0.0
2015-09-22 19:00:00,62.39,25.850000000000023,0.0
2015-09-22 20:00:00,55.91,22.620000000000005,0.0
2015-09-22 21:00:00,51.59,19.939999999999998,0.0
2015-09-22 22:00:00,50.32,19.27000000000004,0.0
2015-09-22 23:00:00,51.15,17.32000000000005,0.0
2015-09-23 00:00:00,47.52,15.610000000000014,0.0
2015-09-23 01:00:00,46.91,14.629999999999995,0.0
2015-09-23 02:00:00,46.9,13.960000000000036,0.0
2015-09-23 03:00:00,49.65,13.600000000000023,0.0
2015-09-23 04:00:00,55.21,12.560000000000002,0.0
2015-09-23 05:00:00,61.29,12.180000000000007,0.0
2015-09-23 06:00:00,61.12,13.850000000000023,0.0
2015-09-23 07:00:00,64.29,15.850000000000023,0.0
2015-09-23 08:00:00,64.2,16.150000000000034,0.0
2015-09-23 09:00:00,63.87,17.930000000000007,0.0
2015-09-23 10:00:00,61.8,19.640000000000043,0.0
2015-09-23 11:00:00,59.51,20.30000000000001,0.0
2015-09-23 12:00:00,59.73,22.560000000000002,0.0
2015-09-23 13:00:00,58.08,22.930000000000007,0.0
2015-09-23 14:00:00,58.01,24.27000000000004,0.0
2015-09-23 15:00:00,58.68,24.260000000000048,0.0
2015-09-23 16:00:00,60.07,23.960000000000036,0.0
2015-09-23 17:00:00,62.37,23.29000000000002,0.0
2015-09-23 18:00:00,67.31,22.560000000000002,0.0
2015-09-23 19:00:00,67.92,21.52000000000004,0.0
2015-09-23 20:00:00,59.62,19.600000000000023,0.0
2015-09-23 21:00:00,60.12,18.54000000000002,0.0
2015-09-23 22:00:00,55.79,17.5,0.0
2015-09-23 23:00:00,54.74,16.450000000000045,0.0
2015-09-24 00:00:00,52.42,15.850000000000023,0.0
2015-09-24 01:00:00,51.5,15.360000000000014,0.0
2015-09-24 02:00:00,51.59,14.640000000000043,0.0
2015-09-24 03:00:00,52.37,13.960000000000036,0.0
2015-09-24 04:00:00,59.85,11.53000000000003,0.0
2015-09-24 05:00:00,58.52,11.160000000000025,0.0
2015-09-24 06:00:00,62.88,10.850000000000023,0.0
2015-09-24 07:00:00,62.78,11.220000000000027,0.0
2015-09-24 08:00:00,63.04,13.600000000000023,0.0
2015-09-24 09:00:00,62.25,15.300000000000011,0.0
2015-09-24 10:00:00,63.86,18.29000000000002,0.0
2015-09-24 11:00:00,64.25,19.27000000000004,0.0
2015-09-24 12:00:00,64.19,23.650000000000034,0.0
2015-09-24 13:00:00,62.63,23.629999999999995,0.0
2015-09-24 14:00:00,61.66,26.590000000000032,0.0
2015-09-24 15:00:00,61.4,28.30000000000001,0.0
2015-09-24 16:00:00,61.58,28.960000000000036,0.0
2015-09-24 17:00:00,63.4,28.960000000000036,0.0
2015-09-24 18:00:00,67.56,28.660000000000025,0.0
2015-09-24 19:00:00,69.18,25.30000000000001,0.0
2015-09-24 20:00:00,64.16,23.53000000000003,0.0
2015-09-24 21:00:00,56.84,21.78000000000003,0.0
2015-09-24 22:00:00,61.61,21.439999999999998,0.0
2015-09-24 23:00:00,59.7,17.810000000000002,0.0
2015-09-25 00:00:00,55.83,16.450000000000045,0.0
2015-09-25 01:00:00,54.86,16.220000000000027,0.0
2015-09-25 02:00:00,54.86,16.340000000000032,0.0
2015-09-25 03:00:00,56.0,15.0,0.0
2015-09-25 04:00:00,59.28,13.230000000000018,0.0
2015-09-25 05:00:00,59.82,12.25,0.0
2015-09-25 06:00:00,64.0,11.03000000000003,0.0
2015-09-25 07:00:00,64.8,10.0,0.0
2015-09-25 08:00:00,63.0,13.600000000000023,0.0
2015-09-25 09:00:00,63.07,15.890000000000043,0.0
2015-09-25 10:00:00,63.68,21.900000000000034,0.0
2015-09-25 11:00:00,62.67,24.27000000000004,0.0
2015-09-25 12:00:00,62.09,26.890000000000043,0.0
2015-09-25 13:00:00,59.32,28.230000000000018,0.0
2015-09-25 14:00:00,59.08,29.33000000000004,0.0
2015-09-25 15:00:00,58.14,29.700000000000045,0.0
2015-09-25 16:00:00,58.35,30.0,0.0
2015-09-25 17:00:00,60.86,29.33000000000004,0.0
2015-09-25 18:00:00,65.18,28.600000000000023,0.0
2015-09-25 19:00:00,65.59,26.58000000000004,0.0
2015-09-25 20:00:00,61.8,25.670000000000016,0.0
2015-09-25 21:00:00,56.71,24.33000000000004,0.0
2015-09-25 22:00:00,60.01,22.25,0.0
2015-09-25 23:00:00,56.99,19.629999999999995,0.0
2015-09-26 00:00:00,56.04,17.560000000000002,0.0
2015-09-26 01:00:00,56.21,16.340000000000032,0.0
2015-09-26 02:00:00,55.22,14.939999999999998,0.0
2015-09-26 03:00:00,55.14,13.960000000000036,0.0
2015-09-26 04:00:00,55.46,12.560000000000002,0.0
2015-09-26 05:00:00,59.08,11.460000000000036,0.0
2015-09-26 06:00:00,56.97,11.160000000000025,0.0
2015-09-26 07:00:00,58.67,11.53000000000003,0.0
2015-09-26 08:00:00,59.42,12.490000000000009,0.0
2015-09-26 09:00:00,59.39,17.939999999999998,0.0
2015-09-26 10:00:00,59.32,20.30000000000001,0.0
2015-09-26 11:00:00,61.21,24.80000000000001,0.0
2015-09-26 12:00:00,61.31,26.890000000000043,0.0
2015-09-26 13:00:00,58.17,27.260000000000048,0.0
2015-09-26 14:00:00,55.26,27.930000000000007,0.0
2015-09-26 15:00:00,55.34,28.960000000000036,0.0
2015-09-26 16:00:00,59.43,28.600000000000023,0.0
2015-09-26 17:00:00,58.14,27.560000000000002,0.0
2015-09-26 18:00:00,61.47,26.52000000000004,0.0
2015-09-26 19:00:00,62.27,24.99000000000001,0.0
2015-09-26 20:00:00,61.72,22.860000000000014,0.0
2015-09-26 21:00:00,59.33,21.150000000000034,0.0
2015-09-26 22:00:00,56.98,19.950000000000045,0.0
2015-09-26 23:00:00,53.42,20.49000000000001,0.0
2015-09-27 00:00:00,54.19,20.55000000000001,0.0
2015-09-27 01:00:00,53.48,20.670000000000016,0.0
2015-09-27 02:00:00,53.29,20.0,0.0
2015-09-27 03:00:00,52.94,19.33000000000004,0.0
2015-09-27 04:00:00,51.38,18.660000000000025,0.0
2015-09-27 05:00:00,49.6,15.29000000000002,0.0
2015-09-27 06:00:00,49.48,13.900000000000034,0.0
2015-09-27 07:00:00,53.03,13.600000000000023,0.0
2015-09-27 08:00:00,57.1,14.57000000000005,0.0
2015-09-27 09:00:00,57.92,18.30000000000001,0.0
2015-09-27 10:00:00,57.83,20.610000000000014,0.0
2015-09-27 11:00:00,58.24,24.460000000000036,0.0
2015-09-27 12:00:00,57.56,26.230000000000018,0.0
2015-09-27 13:00:00,53.78,27.260000000000048,0.0
2015-09-27 14:00:00,51.73,27.53000000000003,0.0
2015-09-27 15:00:00,50.32,26.590000000000032,0.0
2015-09-27 16:00:00,53.39,27.32000000000005,0.0
2015-09-27 17:00:00,58.44,25.49000000000001,0.0
2015-09-27 18:00:00,59.0,25.30000000000001,0.0
2015-09-27 19:00:00,60.78,22.620000000000005,0.0
2015-09-27 20:00:00,56.38,21.03000000000003,0.0
2015-09-27 21:00:00,55.83,18.960000000000036,0.0
2015-09-27 22:00:00,55.22,18.600000000000023,0.0
2015-09-27 23:00:00,52.78,18.29000000000002,0.0
2015-09-28 00:00:00,51.23,17.32000000000005,0.0
2015-09-28 01:00:00,50.43,14.939999999999998,0.0
2015-09-28 02:00:00,47.41,13.960000000000036,0.0
2015-09-28 03:00:00,49.25,12.870000000000005,0.0
2015-09-28 04:00:00,54.12,12.189999999999998,0.0
2015-09-28 05:00:00,59.91,11.520000000000039,0.0
2015-09-28 06:00:00,62.78,11.160000000000025,0.0
2015-09-28 07:00:00,62.4,11.590000000000032,0.0
2015-09-28 08:00:00,62.8,13.230000000000018,0.0
2015-09-28 09:00:00,62.76,16.160000000000025,0.0
2015-09-28 10:00:00,63.04,17.230000000000018,0.0
2015-09-28 11:00:00,64.31,20.180000000000007,0.0
2015-09-28 12:00:00,61.91,21.53000000000003,0.0
2015-09-28 13:00:00,60.31,22.5,0.0
2015-09-28 14:00:00,61.97,23.960000000000036,0.0
2015-09-28 15:00:00,63.98,24.33000000000004,0.0
2015-09-28 16:00:00,65.03,25.310000000000002,0.0
2015-09-28 17:00:00,65.42,24.700000000000045,0.0
2015-09-28 18:00:00,68.18,23.600000000000023,0.0
2015-09-28 19:00:00,69.72,21.58000000000004,0.0
2015-09-28 20:00:00,61.23,20.360000000000014,0.0
2015-09-28 21:00:00,59.74,19.390000000000043,0.0
2015-09-28 22:00:00,60.02,19.33000000000004,0.0
2015-09-28 23:00:00,54.86,18.660000000000025,0.0
2015-09-29 00:00:00,53.13,17.560000000000002,0.0
2015-09-29 01:00:00,52.5,16.58000000000004,0.0
2015-09-29 02:00:00,53.34,13.900000000000034,0.0
2015-09-29 03:00:00,55.91,13.220000000000027,0.0
2015-09-29 04:00:00,59.67,12.140000000000043,0.0
2015-09-29 05:00:00,61.89,11.140000000000043,0.0
2015-09-29 06:00:00,64.07,10.310000000000002,0.0
2015-09-29 07:00:00,65.92,10.300000000000011,0.0
2015-09-29 08:00:00,67.59,12.57000000000005,0.0
2015-09-29 09:00:00,66.68,14.270000000000039,0.0
2015-09-29 10:00:00,67.06,17.590000000000032,0.0
2015-09-29 11:00:00,67.22,20.189999999999998,0.0
2015-09-29 12:00:00,65.39,21.220000000000027,0.0
2015-09-29 13:00:00,63.78,21.890000000000043,0.0
2015-09-29 14:00:00,64.14,22.930000000000007,0.0
2015-09-29 15:00:00,64.1,23.960000000000036,0.0
2015-09-29 16:00:00,63.82,23.960000000000036,0.0
2015-09-29 17:00:00,62.06,23.600000000000023,0.0
2015-09-29 18:00:00,64.6,22.930000000000007,0.0
2015-09-29 19:00:00,65.95,21.340000000000032,0.0
2015-09-29 20:00:00,63.22,20.29000000000002,0.0
2015-09-29 21:00:00,57.33,18.600000000000023,0.0
2015-09-29 22:00:00,56.2,17.930000000000007,0.0
2015-09-29 23:00:00,53.82,17.260000000000048,0.0
2015-09-30 00:00:00,52.82,17.180000000000007,0.0
2015-09-30 01:00:00,52.09,16.890000000000043,0.0
2015-09-30 02:00:00,52.27,16.890000000000043,0.0
2015-09-30 03:00:00,52.37,15.670000000000016,0.0
2015-09-30 04:00:00,58.78,15.0,0.0
2015-09-30 05:00:00,65.48,15.0,0.0
2015-09-30 06:00:00,67.59,14.580000000000041,0.0
2015-09-30 07:00:00,68.35,14.57000000000005,0.0
2015-09-30 08:00:00,67.59,15.490000000000009,0.0
2015-09-30 09:00:00,68.05,15.850000000000023,0.0
2015-09-30 10:00:00,67.78,16.890000000000043,0.0
2015-09-30 11:00:00,69.03,18.230000000000018,0.0
2015-09-30 12:00:00,66.1,19.82000000000005,0.0
2015-09-30 13:00:00,64.68,21.220000000000027,0.0
2015-09-30 14:00:00,64.49,22.189999999999998,0.0
2015-09-30 15:00:00,66.23,23.230000000000018,0.0
2015-09-30 16:00:00,67.56,22.930000000000007,0.0
2015-09-30 17:00:00,66.94,22.560000000000002,0.0
2015-09-30 18:00:00,73.57,21.04000000000002,0.0
2015-09-30 19:00:00,78.31,19.939999999999998,0.0
2015-09-30 20:00:00,67.18,18.960000000000036,0.0
2015-09-30 21:00:00,66.5,17.25,0.0
2015-09-30 22:00:00,63.86,16.150000000000034,0.0
2015-09-30 23:00:00,60.61,14.270000000000039,0.0
2015-10-01 00:00:00,56.61,13.600000000000023,0.0
2015-10-01 01:00:00,56.1,12.870000000000005,0.0
2015-10-01 02:00:00,57.72,11.830000000000041,0.0
2015-10-01 03:00:00,60.27,11.150000000000034,0.0
2015-10-01 04:00:00,64.66,10.300000000000011,0.0
2015-10-01 05:00:00,68.82,9.57000000000005,0.0
2015-10-01 06:00:00,70.94,9.270000000000039,0.0
2015-10-01 07:00:00,72.09,8.960000000000036,0.0
2015-10-01 08:00:00,72.34,11.900000000000034,0.0
2015-10-01 09:00:00,71.24,14.270000000000039,0.0
2015-10-01 10:00:00,69.81,17.57000000000005,0.0
2015-10-01 11:00:00,68.88,19.57000000000005,0.0
2015-10-01 12:00:00,66.04,23.24000000000001,0.0
2015-10-01 13:00:00,61.93,24.27000000000004,0.0
2015-10-01 14:00:00,61.44,25.180000000000007,0.0
2015-10-01 15:00:00,62.7,25.52000000000004,0.0
2015-10-01 16:00:00,64.21,25.49000000000001,0.0
2015-10-01 17:00:00,70.15,25.689999999999998,0.0
2015-10-01 18:00:00,70.73,24.27000000000004,0.0
2015-10-01 19:00:00,69.78,22.930000000000007,0.0
2015-10-01 20:00:00,66.06,19.510000000000048,0.0
2015-10-01 21:00:00,61.47,18.060000000000002,0.0
2015-10-01 22:00:00,65.27,17.75,0.0
2015-10-01 23:00:00,62.91,17.260000000000048,0.0
2015-10-02 00:00:00,60.07,15.920000000000016,0.0
2015-10-02 01:00:00,58.6,13.900000000000034,0.0
2015-10-02 02:00:00,56.92,11.950000000000045,0.0
2015-10-02 03:00:00,60.21,11.82000000000005,0.0
2015-10-02 04:00:00,63.93,11.410000000000025,0.0
2015-10-02 05:00:00,67.12,9.450000000000045,0.0
2015-10-02 06:00:00,70.13,8.490000000000009,0.0
2015-10-02 07:00:00,72.18,7.800000000000011,0.0
2015-10-02 08:00:00,71.83,11.110000000000014,0.0
2015-10-02 09:00:00,70.49,13.410000000000025,0.0
2015-10-02 10:00:00,70.23,19.760000000000048,0.0
2015-10-02 11:00:00,68.95,21.150000000000034,0.0
2015-10-02 12:00:00,65.82,22.930000000000007,0.0
2015-10-02 13:00:00,60.1,24.340000000000032,0.0
2015-10-02 14:00:00,55.69,24.629999999999995,0.0
2015-10-02 15:00:00,59.63,24.640000000000043,0.0
2015-10-02 16:00:00,64.96,25.0,0.0
2015-10-02 17:00:00,68.98,24.629999999999995,0.0
2015-10-02 18:00:00,71.48,23.600000000000023,0.0
2015-10-02 19:00:00,71.55,22.870000000000005,0.0
2015-10-02 20:00:00,68.17,22.52000000000004,0.0
2015-10-02 21:00:00,63.7,21.83000000000004,0.0
2015-10-02 22:00:00,59.39,20.590000000000032,0.0
2015-10-02 23:00:00,57.07,18.840000000000032,0.0
2015-10-03 00:00:00,54.5,16.629999999999995,0.0
2015-10-03 01:00:00,53.66,15.920000000000016,0.0
2015-10-03 02:00:00,52.26,15.910000000000025,0.0
2015-10-03 03:00:00,52.3,16.470000000000027,0.0
2015-10-03 04:00:00,54.42,16.150000000000034,0.0
2015-10-03 05:00:00,54.37,15.550000000000011,0.0
2015-10-03 06:00:00,57.16,15.360000000000014,0.0
2015-10-03 07:00:00,64.84,15.310000000000002,0.0
2015-10-03 08:00:00,65.82,15.300000000000011,0.0
2015-10-03 09:00:00,64.06,16.160000000000025,0.0
2015-10-03 10:00:00,61.84,17.560000000000002,0.0
2015-10-03 11:00:00,60.53,18.53000000000003,0.0
2015-10-03 12:00:00,56.31,20.49000000000001,0.0
2015-10-03 13:00:00,51.34,21.53000000000003,0.0
2015-10-03 14:00:00,50.38,22.49000000000001,0.0
2015-10-03 15:00:00,51.86,24.27000000000004,0.0
2015-10-03 16:00:00,57.67,24.27000000000004,0.0
2015-10-03 17:00:00,63.61,24.27000000000004,0.0
2015-10-03 18:00:00,69.13,23.230000000000018,0.0
2015-10-03 19:00:00,68.18,22.189999999999998,0.0
2015-10-03 20:00:00,63.31,19.57000000000005,0.0
2015-10-03 21:00:00,57.47,18.840000000000032,0.0
2015-10-03 22:00:00,53.81,16.78000000000003,0.0
2015-10-03 23:00:00,52.58,16.760000000000048,0.0
2015-10-04 00:00:00,50.19,16.100000000000023,0.0
2015-10-04 01:00:00,50.37,16.460000000000036,0.0
2015-10-04 02:00:00,47.83,14.640000000000043,0.0
2015-10-04 03:00:00,46.59,14.270000000000039,0.0
2015-10-04 04:00:00,45.43,13.960000000000036,0.0
2015-10-04 05:00:00,45.49,14.560000000000002,0.0
2015-10-04 06:00:00,48.24,15.800000000000011,0.0
2015-10-04 07:00:00,51.33,16.460000000000036,0.0
2015-10-04 08:00:00,48.91,16.160000000000025,0.0
2015-10-04 09:00:00,48.44,16.189999999999998,0.0
2015-10-04 10:00:00,47.59,18.30000000000001,0.0
2015-10-04 11:00:00,45.23,20.30000000000001,0.0
2015-10-04 12:00:00,41.53,21.53000000000003,0.0
2015-10-04 13:00:00,37.86,21.52000000000004,0.0
2015-10-04 14:00:00,35.79,20.55000000000001,0.0
2015-10-04 15:00:00,36.99,20.49000000000001,0.0
2015-10-04 16:00:00,46.59,20.850000000000023,0.0
2015-10-04 17:00:00,50.46,20.850000000000023,0.0
2015-10-04 18:00:00,60.07,20.670000000000016,0.0
2015-10-04 19:00:00,62.93,20.0,0.0
2015-10-04 20:00:00,52.79,20.0,0.0
2015-10-04 21:00:00,49.69,20.0,0.0
2015-10-04 22:00:00,44.43,19.27000000000004,0.0
2015-10-04 23:00:00,40.86,18.960000000000036,0.0
2015-10-05 00:00:00,36.62,18.960000000000036,0.0
2015-10-05 01:00:00,35.66,19.57000000000005,0.0
2015-10-05 02:00:00,36.86,20.860000000000014,0.0
2015-10-05 03:00:00,36.29,21.160000000000025,0.0
2015-10-05 04:00:00,46.53,18.900000000000034,0.0
2015-10-05 05:00:00,52.01,17.930000000000007,0.0
2015-10-05 06:00:00,55.69,18.25,0.0
2015-10-05 07:00:00,61.0,18.230000000000018,0.0
2015-10-05 08:00:00,60.35,18.600000000000023,0.0
2015-10-05 09:00:00,59.57,19.640000000000043,0.0
2015-10-05 10:00:00,56.55,20.49000000000001,0.0
2015-10-05 11:00:00,55.97,20.850000000000023,0.0
2015-10-05 12:00:00,52.94,21.890000000000043,0.0
2015-10-05 13:00:00,51.76,21.890000000000043,0.0
2015-10-05 14:00:00,51.05,22.560000000000002,0.0
2015-10-05 15:00:00,53.04,23.54000000000002,0.0
2015-10-05 16:00:00,53.82,23.230000000000018,0.0
2015-10-05 17:00:00,58.42,22.930000000000007,0.0
2015-10-05 18:00:00,64.7,22.560000000000002,0.0
2015-10-05 19:00:00,62.16,21.890000000000043,0.0
2015-10-05 20:00:00,51.41,20.860000000000014,0.0
2015-10-05 21:00:00,47.31,20.25,0.0
2015-10-05 22:00:00,42.27,16.170000000000016,0.0
2015-10-05 23:00:00,37.88,16.53000000000003,0.0
2015-10-06 00:00:00,35.62,16.879999999999995,0.0
2015-10-06 01:00:00,34.32,16.890000000000043,0.0
2015-10-06 02:00:00,30.56,16.890000000000043,0.0
2015-10-06 03:00:00,35.67,15.980000000000018,0.0
2015-10-06 04:00:00,45.08,15.300000000000011,0.0
2015-10-06 05:00:00,51.52,15.800000000000011,0.0
2015-10-06 06:00:00,57.93,15.850000000000023,0.0
2015-10-06 07:00:00,58.43,15.670000000000016,0.0
2015-10-06 08:00:00,59.05,15.300000000000011,0.0
2015-10-06 09:00:00,58.02,16.53000000000003,0.0
2015-10-06 10:00:00,57.99,17.189999999999998,0.0
2015-10-06 11:00:00,55.99,18.29000000000002,0.0
2015-10-06 12:00:00,53.45,19.640000000000043,0.0
2015-10-06 13:00:00,50.84,20.30000000000001,0.0
2015-10-06 14:00:00,51.41,20.310000000000002,0.0
2015-10-06 15:00:00,52.67,20.610000000000014,0.0
2015-10-06 16:00:00,63.13,21.150000000000034,0.0
2015-10-06 17:00:00,72.7,20.850000000000023,0.0
2015-10-06 18:00:00,79.21,20.0,0.0
2015-10-06 19:00:00,78.6,18.600000000000023,0.0
2015-10-06 20:00:00,72.14,17.870000000000005,0.0
2015-10-06 21:00:00,64.56,17.189999999999998,0.0
2015-10-06 22:00:00,63.06,16.160000000000025,0.0
2015-10-06 23:00:00,62.81,15.550000000000011,0.0
2015-10-07 00:00:00,58.94,14.629999999999995,0.0
2015-10-07 01:00:00,55.27,13.960000000000036,0.0
2015-10-07 02:00:00,59.01,13.230000000000018,0.0
2015-10-07 03:00:00,62.99,12.930000000000007,0.0
2015-10-07 04:00:00,65.94,11.830000000000041,0.0
2015-10-07 05:00:00,69.47,11.470000000000027,0.0
2015-10-07 06:00:00,71.71,11.170000000000016,0.0
2015-10-07 07:00:00,72.42,10.850000000000023,0.0
2015-10-07 08:00:00,73.75,12.82000000000005,0.0
2015-10-07 09:00:00,72.38,14.510000000000048,0.0
2015-10-07 10:00:00,72.16,16.220000000000027,0.0
2015-10-07 11:00:00,71.79,17.189999999999998,0.0
2015-10-07 12:00:00,69.51,18.960000000000036,0.0
2015-10-07 13:00:00,66.39,19.640000000000043,0.0
2015-10-07 14:00:00,65.25,20.189999999999998,0.0
2015-10-07 15:00:00,65.93,20.850000000000023,0.0
2015-10-07 16:00:00,67.39,20.860000000000014,0.0
2015-10-07 17:00:00,69.47,20.670000000000016,0.0
2015-10-07 18:00:00,74.54,19.33000000000004,0.0
2015-10-07 19:00:00,73.67,18.660000000000025,0.0
2015-10-07 20:00:00,67.18,16.450000000000045,0.0
2015-10-07 21:00:00,59.51,13.600000000000023,0.0
2015-10-07 22:00:00,61.31,12.560000000000002,0.0
2015-10-07 23:00:00,55.35,11.890000000000043,0.0
2015-10-08 00:00:00,53.79,12.200000000000045,0.0
2015-10-08 01:00:00,53.25,12.189999999999998,0.0
2015-10-08 02:00:00,53.47,11.53000000000003,0.0
2015-10-08 03:00:00,53.23,11.150000000000034,0.0
2015-10-08 04:00:00,56.33,10.300000000000011,0.0
2015-10-08 05:00:00,62.97,10.300000000000011,0.0
2015-10-08 06:00:00,67.53,10.370000000000005,0.0
2015-10-08 07:00:00,68.45,10.0,0.0
2015-10-08 08:00:00,70.03,11.160000000000025,0.0
2015-10-08 09:00:00,71.0,12.189999999999998,0.0
2015-10-08 10:00:00,71.08,15.800000000000011,0.0
2015-10-08 11:00:00,70.67,17.350000000000023,0.0
2015-10-08 12:00:00,69.15,19.220000000000027,0.0
2015-10-08 13:00:00,68.24,20.100000000000023,0.0
2015-10-08 14:00:00,68.04,21.430000000000007,0.0
2015-10-08 15:00:00,68.16,21.420000000000016,0.0
2015-10-08 16:00:00,69.49,21.360000000000014,0.0
2015-10-08 17:00:00,74.32,21.890000000000043,0.0
2015-10-08 18:00:00,72.3,21.590000000000032,0.0
2015-10-08 19:00:00,70.56,18.28000000000003,0.0
2015-10-08 20:00:00,66.24,16.02000000000004,0.0
2015-10-08 21:00:00,60.85,14.270000000000039,0.0
2015-10-08 22:00:00,59.07,12.560000000000002,0.0
2015-10-08 23:00:00,54.24,11.890000000000043,0.0
2015-10-09 00:00:00,53.99,10.980000000000018,0.0
2015-10-09 01:00:00,53.85,10.300000000000011,0.0
2015-10-09 02:00:00,54.05,10.0,0.0
2015-10-09 03:00:00,54.89,9.260000000000048,0.0
2015-10-09 04:00:00,57.81,8.960000000000036,0.0
2015-10-09 05:00:00,66.14,8.29000000000002,0.0
2015-10-09 06:00:00,69.51,7.930000000000007,0.0
2015-10-09 07:00:00,69.69,7.930000000000007,0.0
2015-10-09 08:00:00,70.15,9.460000000000036,0.0
2015-10-09 09:00:00,70.05,11.150000000000034,0.0
2015-10-09 10:00:00,69.82,14.460000000000036,0.0
2015-10-09 11:00:00,69.39,16.460000000000036,0.0
2015-10-09 12:00:00,67.1,18.600000000000023,0.0
2015-10-09 13:00:00,63.76,20.129999999999995,0.0
2015-10-09 14:00:00,64.14,21.160000000000025,0.0
2015-10-09 15:00:00,65.1,22.27000000000004,0.0
2015-10-09 16:00:00,69.15,22.25,0.0
2015-10-09 17:00:00,69.55,21.879999999999995,0.0
2015-10-09 18:00:00,72.18,20.30000000000001,0.0
2015-10-09 19:00:00,70.93,18.180000000000007,0.0
2015-10-09 20:00:00,68.74,16.220000000000027,0.0
2015-10-09 21:00:00,61.88,15.550000000000011,0.0
2015-10-09 22:00:00,61.71,13.960000000000036,0.0
2015-10-09 23:00:00,59.56,12.270000000000039,0.0
2015-10-10 00:00:00,56.72,10.980000000000018,0.0
2015-10-10 01:00:00,55.39,10.300000000000011,0.0
2015-10-10 02:00:00,53.38,9.640000000000043,0.0
2015-10-10 03:00:00,52.79,9.270000000000039,0.0
2015-10-10 04:00:00,52.36,8.600000000000023,0.0
2015-10-10 05:00:00,53.44,8.230000000000018,0.0
2015-10-10 06:00:00,55.91,8.230000000000018,0.0
2015-10-10 07:00:00,62.9,7.930000000000007,0.0
2015-10-10 08:00:00,61.15,8.53000000000003,0.0
2015-10-10 09:00:00,57.55,12.57000000000005,0.0
2015-10-10 10:00:00,56.47,15.189999999999998,0.0
2015-10-10 11:00:00,56.58,16.58000000000004,0.0
2015-10-10 12:00:00,55.59,18.960000000000036,0.0
2015-10-10 13:00:00,52.8,20.28000000000003,0.0
2015-10-10 14:00:00,52.22,21.82000000000005,0.0
2015-10-10 15:00:00,53.69,22.180000000000007,0.0
2015-10-10 16:00:00,60.11,22.560000000000002,0.0
2015-10-10 17:00:00,61.66,22.200000000000045,0.0
2015-10-10 18:00:00,67.61,21.890000000000043,0.0
2015-10-10 19:00:00,65.21,19.99000000000001,0.0
2015-10-10 20:00:00,60.21,19.27000000000004,0.0
2015-10-10 21:00:00,59.51,19.27000000000004,0.0
2015-10-10 22:00:00,60.24,16.58000000000004,0.0
2015-10-10 23:00:00,55.17,15.850000000000023,0.0
2015-10-11 00:00:00,51.81,15.920000000000016,0.0
2015-10-11 01:00:00,51.15,15.450000000000045,0.0
2015-10-11 02:00:00,50.9,15.670000000000016,0.0
2015-10-11 03:00:00,51.3,15.0,0.0
2015-10-11 04:00:00,52.0,14.629999999999995,0.0
2015-10-11 05:00:00,52.67,13.960000000000036,0.0
2015-10-11 06:00:00,51.92,13.960000000000036,0.0
2015-10-11 07:00:00,57.25,13.960000000000036,0.0
2015-10-11 08:00:00,60.24,13.960000000000036,0.0
2015-10-11 09:00:00,61.19,14.640000000000043,0.0
2015-10-11 10:00:00,61.52,15.189999999999998,0.0
2015-10-11 11:00:00,61.18,15.840000000000032,0.0
2015-10-11 12:00:00,60.38,17.560000000000002,0.0
2015-10-11 13:00:00,56.37,18.560000000000002,0.0
2015-10-11 14:00:00,53.55,19.27000000000004,0.0
2015-10-11 15:00:00,54.38,20.0,0.0
2015-10-11 16:00:00,58.18,20.310000000000002,0.0
2015-10-11 17:00:00,62.78,20.310000000000002,0.0
2015-10-11 18:00:00,70.79,20.30000000000001,0.0
2015-10-11 19:00:00,70.99,18.900000000000034,0.0
2015-10-11 20:00:00,67.27,18.230000000000018,0.0
2015-10-11 21:00:00,60.28,17.560000000000002,0.0
2015-10-11 22:00:00,55.6,16.890000000000043,0.0
2015-10-11 23:00:00,50.9,16.58000000000004,0.0
2015-10-12 00:00:00,50.23,15.670000000000016,0.0
2015-10-12 01:00:00,49.42,15.300000000000011,0.0
2015-10-12 02:00:00,49.73,15.670000000000016,0.0
2015-10-12 03:00:00,49.23,15.300000000000011,0.0
2015-10-12 04:00:00,55.91,15.310000000000002,0.0
2015-10-12 05:00:00,60.83,15.310000000000002,0.0
2015-10-12 06:00:00,61.96,15.0,0.0
2015-10-12 07:00:00,63.55,15.0,0.0
2015-10-12 08:00:00,60.56,15.490000000000009,0.0
2015-10-12 09:00:00,59.59,16.53000000000003,0.0
2015-10-12 10:00:00,60.34,16.890000000000043,0.0
2015-10-12 11:00:00,61.25,18.24000000000001,0.0
2015-10-12 12:00:00,61.03,19.27000000000004,0.0
2015-10-12 13:00:00,58.37,20.860000000000014,0.0
2015-10-12 14:00:00,57.01,21.150000000000034,0.0
2015-10-12 15:00:00,58.07,22.200000000000045,0.0
2015-10-12 16:00:00,64.67,22.189999999999998,0.0
2015-10-12 17:00:00,68.06,20.980000000000018,0.0
2015-10-12 18:00:00,67.3,19.629999999999995,0.0
2015-10-12 19:00:00,64.6,18.230000000000018,0.0
2015-10-12 20:00:00,59.02,17.189999999999998,0.0
2015-10-12 21:00:00,56.72,16.340000000000032,0.0
2015-10-12 22:00:00,49.81,15.0,0.0
2015-10-12 23:00:00,48.11,13.900000000000034,0.0
2015-10-13 00:00:00,47.11,13.230000000000018,0.0
2015-10-13 01:00:00,46.56,13.230000000000018,0.0
2015-10-13 02:00:00,46.46,12.560000000000002,0.0
2015-10-13 03:00:00,46.64,12.189999999999998,0.0
2015-10-13 04:00:00,53.15,11.890000000000043,0.0
2015-10-13 05:00:00,61.96,13.960000000000036,0.0
2015-10-13 06:00:00,65.85,13.960000000000036,0.0
2015-10-13 07:00:00,64.08,13.660000000000025,0.0
2015-10-13 08:00:00,63.73,13.960000000000036,0.0
2015-10-13 09:00:00,64.16,14.620000000000005,0.0
2015-10-13 10:00:00,64.56,14.270000000000039,0.0
2015-10-13 11:00:00,64.85,13.600000000000023,0.0
2015-10-13 12:00:00,64.51,13.390000000000043,0.0
2015-10-13 13:00:00,63.44,12.560000000000002,0.0
2015-10-13 14:00:00,63.75,12.260000000000048,0.0
2015-10-13 15:00:00,63.91,12.930000000000007,0.0
2015-10-13 16:00:00,64.69,14.640000000000043,0.0
2015-10-13 17:00:00,70.22,15.0,0.0
2015-10-13 18:00:00,70.62,13.960000000000036,0.0
2015-10-13 19:00:00,66.33,12.560000000000002,0.0
2015-10-13 20:00:00,61.0,11.840000000000032,0.0
2015-10-13 21:00:00,56.39,10.850000000000023,0.0
2015-10-13 22:00:00,50.1,9.629999999999995,0.0
2015-10-13 23:00:00,48.87,9.580000000000041,0.0
2015-10-14 00:00:00,47.56,8.54000000000002,0.0
2015-10-14 01:00:00,45.06,8.230000000000018,0.0
2015-10-14 02:00:00,44.93,7.1299999999999955,0.0
2015-10-14 03:00:00,47.82,6.150000000000034,0.0
2015-10-14 04:00:00,54.56,6.160000000000025,0.0
2015-10-14 05:00:00,61.04,5.680000000000007,0.0
2015-10-14 06:00:00,64.16,5.0,0.0
2015-10-14 07:00:00,63.62,4.270000000000039,0.0
2015-10-14 08:00:00,63.45,4.8700000000000045,0.0
2015-10-14 09:00:00,63.52,8.600000000000023,0.0
2015-10-14 10:00:00,63.76,11.230000000000018,0.0
2015-10-14 11:00:00,64.58,13.300000000000011,0.0
2015-10-14 12:00:00,63.83,14.82000000000005,0.0
2015-10-14 13:00:00,61.58,16.220000000000027,0.0
2015-10-14 14:00:00,61.24,17.640000000000043,0.0
2015-10-14 15:00:00,62.39,18.660000000000025,0.0
2015-10-14 16:00:00,66.65,18.660000000000025,0.0
2015-10-14 17:00:00,69.02,18.660000000000025,0.0
2015-10-14 18:00:00,68.96,17.189999999999998,0.0
2015-10-14 19:00:00,66.44,14.32000000000005,0.0
2015-10-14 20:00:00,62.63,12.920000000000016,0.0
2015-10-14 21:00:00,57.49,11.28000000000003,0.0
2015-10-14 22:00:00,52.74,9.57000000000005,0.0
2015-10-14 23:00:00,49.3,8.54000000000002,0.0
2015-10-15 00:00:00,48.51,7.5,0.0
2015-10-15 01:00:00,48.59,6.890000000000043,0.0
2015-10-15 02:00:00,48.31,6.160000000000025,0.0
2015-10-15 03:00:00,48.93,5.850000000000023,0.0
2015-10-15 04:00:00,54.5,5.670000000000016,0.0
2015-10-15 05:00:00,64.75,4.6299999999999955,0.0
2015-10-15 06:00:00,69.94,3.6000000000000227,0.0
2015-10-15 07:00:00,71.33,3.230000000000018,0.0
2015-10-15 08:00:00,71.6,4.460000000000036,0.0
2015-10-15 09:00:00,69.09,7.28000000000003,0.0
2015-10-15 10:00:00,68.33,10.860000000000014,0.0
2015-10-15 11:00:00,67.71,14.150000000000034,0.0
2015-10-15 12:00:00,65.71,16.150000000000034,0.0
2015-10-15 13:00:00,64.37,17.930000000000007,0.0
2015-10-15 14:00:00,64.17,18.960000000000036,0.0
2015-10-15 15:00:00,64.63,20.0,0.0
2015-10-15 16:00:00,67.08,20.180000000000007,0.0
2015-10-15 17:00:00,75.23,20.55000000000001,0.0
2015-10-15 18:00:00,76.62,18.29000000000002,0.0
2015-10-15 19:00:00,74.65,17.930000000000007,0.0
2015-10-15 20:00:00,68.61,13.78000000000003,0.0
2015-10-15 21:00:00,64.02,11.160000000000025,0.0
2015-10-15 22:00:00,63.82,9.939999999999998,0.0
2015-10-15 23:00:00,62.4,8.960000000000036,0.0
2015-10-16 00:00:00,59.75,7.560000000000002,0.0
2015-10-16 01:00:00,59.77,7.189999999999998,0.0
2015-10-16 02:00:00,57.83,6.340000000000032,0.0
2015-10-16 03:00:00,59.92,5.300000000000011,0.0
2015-10-16 04:00:00,63.79,4.270000000000039,0.0
2015-10-16 05:00:00,69.31,3.9600000000000364,0.0
2015-10-16 06:00:00,71.75,3.9600000000000364,0.0
2015-10-16 07:00:00,73.25,3.6000000000000227,0.0
2015-10-16 08:00:00,73.34,5.1299999999999955,0.0
2015-10-16 09:00:00,71.79,8.300000000000011,0.0
2015-10-16 10:00:00,68.51,10.0,0.0
2015-10-16 11:00:00,66.52,14.520000000000039,0.0
2015-10-16 12:00:00,65.56,17.189999999999998,0.0
2015-10-16 13:00:00,63.83,18.960000000000036,0.0
2015-10-16 14:00:00,64.38,19.27000000000004,0.0
2015-10-16 15:00:00,64.71,21.170000000000016,0.0
2015-10-16 16:00:00,69.04,21.890000000000043,0.0
2015-10-16 17:00:00,72.61,21.52000000000004,0.0
2015-10-16 18:00:00,75.06,20.850000000000023,0.0
2015-10-16 19:00:00,70.45,17.07000000000005,0.0
2015-10-16 20:00:00,67.03,15.0,0.0
2015-10-16 21:00:00,59.81,13.600000000000023,0.0
2015-10-16 22:00:00,63.46,11.890000000000043,0.0
2015-10-16 23:00:00,55.48,11.53000000000003,0.0
2015-10-17 00:00:00,54.5,11.220000000000027,0.0
2015-10-17 01:00:00,52.15,10.850000000000023,0.0
2015-10-17 02:00:00,49.34,10.310000000000002,0.0
2015-10-17 03:00:00,47.35,9.330000000000041,0.0
2015-10-17 04:00:00,48.83,9.640000000000043,0.0
2015-10-17 05:00:00,52.3,10.189999999999998,0.0
2015-10-17 06:00:00,56.55,10.550000000000011,0.0
2015-10-17 07:00:00,57.76,11.53000000000003,0.0
2015-10-17 08:00:00,56.28,12.189999999999998,0.0
2015-10-17 09:00:00,55.4,14.82000000000005,0.0
2015-10-17 10:00:00,56.4,16.160000000000025,0.0
2015-10-17 11:00:00,53.72,18.970000000000027,0.0
2015-10-17 12:00:00,52.22,19.700000000000045,0.0
2015-10-17 13:00:00,49.55,21.53000000000003,0.0
2015-10-17 14:00:00,49.02,22.260000000000048,0.0
2015-10-17 15:00:00,53.28,22.629999999999995,0.0
2015-10-17 16:00:00,58.95,20.53000000000003,0.0
2015-10-17 17:00:00,60.59,18.0,0.0
2015-10-17 18:00:00,62.37,17.590000000000032,0.0
2015-10-17 19:00:00,59.88,17.0,0.0
2015-10-17 20:00:00,56.19,17.0,0.0
2015-10-17 21:00:00,54.04,16.58000000000004,0.0
2015-10-17 22:00:00,56.38,16.0,0.0
2015-10-17 23:00:00,54.22,16.0,0.0
2015-10-18 00:00:00,51.43,16.0,0.0
2015-10-18 01:00:00,52.19,16.0,0.0
2015-10-18 02:00:00,53.06,15.590000000000032,0.0
2015-10-18 03:00:00,54.03,15.0,0.0
2015-10-18 04:00:00,54.81,15.0,0.0
2015-10-18 05:00:00,56.25,13.590000000000032,0.0
2015-10-18 06:00:00,55.64,13.580000000000041,0.0
2015-10-18 07:00:00,58.1,13.0,0.0
2015-10-18 08:00:00,63.18,13.420000000000016,0.0
2015-10-18 09:00:00,65.45,14.410000000000025,0.0
2015-10-18 10:00:00,65.9,15.420000000000016,0.0
2015-10-18 11:00:00,66.08,17.0,0.0
2015-10-18 12:00:00,65.75,18.0,0.0
2015-10-18 13:00:00,58.81,18.410000000000025,0.0
2015-10-18 14:00:00,57.8,19.0,0.0
2015-10-18 15:00:00,55.09,17.53000000000003,0.0
2015-10-18 16:00:00,60.1,17.0,0.0
2015-10-18 17:00:00,67.43,17.0,0.0
2015-10-18 18:00:00,70.75,17.0,0.0
2015-10-18 19:00:00,70.41,17.58000000000004,0.0
2015-10-18 20:00:00,69.2,16.0,0.0
2015-10-18 21:00:00,64.43,16.0,0.0
2015-10-18 22:00:00,58.42,16.0,0.0
2015-10-18 23:00:00,57.5,16.0,0.0
2015-10-19 00:00:00,53.38,16.0,0.0
2015-10-19 01:00:00,52.24,15.590000000000032,0.0
2015-10-19 02:00:00,50.68,15.580000000000041,0.0
2015-10-19 03:00:00,52.74,15.0,0.0
2015-10-19 04:00:00,57.34,15.0,0.0
2015-10-19 05:00:00,66.39,15.0,0.0
2015-10-19 06:00:00,71.05,15.0,0.0
2015-10-19 07:00:00,72.87,15.0,0.0
2015-10-19 08:00:00,74.24,15.0,0.0
2015-10-19 09:00:00,74.18,16.0,0.0
2015-10-19 10:00:00,71.77,16.0,0.0
2015-10-19 11:00:00,71.46,17.0,0.0
2015-10-19 12:00:00,66.28,18.420000000000016,0.0
2015-10-19 13:00:00,65.89,19.0,0.0
2015-10-19 14:00:00,65.78,19.0,0.0
2015-10-19 15:00:00,65.45,19.420000000000016,0.0
2015-10-19 16:00:00,68.8,20.58000000000004,0.0
2015-10-19 17:00:00,74.0,20.0,0.0
2015-10-19 18:00:00,74.08,19.180000000000007,0.0
2015-10-19 19:00:00,67.36,17.590000000000032,0.0
2015-10-19 20:00:00,63.25,16.58000000000004,0.0
2015-10-19 21:00:00,57.32,16.0,0.0
2015-10-19 22:00:00,53.44,15.0,0.0
2015-10-19 23:00:00,51.33,14.410000000000025,0.0
2015-10-20 00:00:00,49.17,14.0,0.0
2015-10-20 01:00:00,48.36,13.590000000000032,0.0
2015-10-20 02:00:00,46.61,13.0,0.0
2015-10-20 03:00:00,48.83,13.0,0.0
2015-10-20 04:00:00,52.36,12.590000000000032,0.0
2015-10-20 05:00:00,56.8,13.590000000000032,0.0
2015-10-20 06:00:00,59.33,13.420000000000016,0.0
2015-10-20 07:00:00,62.07,13.410000000000025,0.0
2015-10-20 08:00:00,64.17,13.54000000000002,0.0
2015-10-20 09:00:00,65.54,16.160000000000025,0.0
2015-10-20 10:00:00,64.85,17.189999999999998,0.0
2015-10-20 11:00:00,63.19,17.140000000000043,0.0
2015-10-20 12:00:00,60.52,19.420000000000016,0.0
2015-10-20 13:00:00,58.79,19.410000000000025,0.0
2015-10-20 14:00:00,57.85,20.0,0.0
2015-10-20 15:00:00,58.62,19.0,0.0
2015-10-20 16:00:00,57.35,20.0,0.0
2015-10-20 17:00:00,61.59,18.960000000000036,0.0
2015-10-20 18:00:00,67.57,16.710000000000036,0.0
2015-10-20 19:00:00,62.17,15.300000000000011,0.0
2015-10-20 20:00:00,58.73,13.230000000000018,0.0
2015-10-20 21:00:00,51.13,12.189999999999998,0.0
2015-10-20 22:00:00,49.93,11.520000000000039,0.0
2015-10-20 23:00:00,48.98,10.990000000000009,0.0
2015-10-21 00:00:00,48.38,10.300000000000011,0.0
2015-10-21 01:00:00,47.29,9.629999999999995,0.0
2015-10-21 02:00:00,47.08,8.960000000000036,0.0
2015-10-21 03:00:00,48.79,6.830000000000041,0.0
2015-10-21 04:00:00,53.21,6.460000000000036,0.0
2015-10-21 05:00:00,58.43,5.850000000000023,0.0
2015-10-21 06:00:00,63.75,5.850000000000023,0.0
2015-10-21 07:00:00,64.72,5.670000000000016,0.0
2015-10-21 08:00:00,64.72,5.300000000000011,0.0
2015-10-21 09:00:00,64.71,9.830000000000041,0.0
2015-10-21 10:00:00,63.62,11.890000000000043,0.0
2015-10-21 11:00:00,62.35,14.460000000000036,0.0
2015-10-21 12:00:00,60.12,16.220000000000027,0.0
2015-10-21 13:00:00,59.01,17.260000000000048,0.0
2015-10-21 14:00:00,58.75,17.930000000000007,0.0
2015-10-21 15:00:00,58.75,17.930000000000007,0.0
2015-10-21 16:00:00,63.79,18.29000000000002,0.0
2015-10-21 17:00:00,66.05,18.660000000000025,0.0
2015-10-21 18:00:00,68.99,15.730000000000018,0.0
2015-10-21 19:00:00,65.66,14.390000000000043,0.0
2015-10-21 20:00:00,59.87,13.230000000000018,0.0
2015-10-21 21:00:00,58.29,12.189999999999998,0.0
2015-10-21 22:00:00,53.31,10.240000000000009,0.0
2015-10-21 23:00:00,50.93,8.53000000000003,0.0
2015-10-22 00:00:00,49.44,7.5,0.0
2015-10-22 01:00:00,49.08,6.850000000000023,0.0
2015-10-22 02:00:00,48.74,6.150000000000034,0.0
2015-10-22 03:00:00,49.31,5.670000000000016,0.0
2015-10-22 04:00:00,55.18,5.300000000000011,0.0
2015-10-22 05:00:00,63.99,4.260000000000048,0.0
2015-10-22 06:00:00,64.52,4.270000000000039,0.0
2015-10-22 07:00:00,64.76,4.270000000000039,0.0
2015-10-22 08:00:00,64.46,5.430000000000007,0.0
2015-10-22 09:00:00,65.6,6.460000000000036,0.0
2015-10-22 10:00:00,64.41,9.879999999999995,0.0
2015-10-22 11:00:00,63.3,12.189999999999998,0.0
2015-10-22 12:00:00,60.37,15.860000000000014,0.0
2015-10-22 13:00:00,59.07,17.930000000000007,0.0
2015-10-22 14:00:00,60.29,19.640000000000043,0.0
2015-10-22 15:00:00,63.92,20.0,0.0
2015-10-22 16:00:00,66.16,20.310000000000002,0.0
2015-10-22 17:00:00,75.72,20.310000000000002,0.0
2015-10-22 18:00:00,75.96,20.0,0.0
2015-10-22 19:00:00,74.75,16.950000000000045,0.0
2015-10-22 20:00:00,66.19,14.270000000000039,0.0
2015-10-22 21:00:00,63.77,12.870000000000005,0.0
2015-10-22 22:00:00,59.22,12.129999999999995,0.0
2015-10-22 23:00:00,56.43,11.150000000000034,0.0
2015-10-23 00:00:00,55.13,10.310000000000002,0.0
2015-10-23 01:00:00,56.31,10.300000000000011,0.0
2015-10-23 02:00:00,54.62,9.629999999999995,0.0
2015-10-23 03:00:00,56.33,9.57000000000005,0.0
2015-10-23 04:00:00,64.23,8.230000000000018,0.0
2015-10-23 05:00:00,67.69,7.930000000000007,0.0
2015-10-23 06:00:00,73.59,7.930000000000007,0.0
2015-10-23 07:00:00,71.52,7.2000000000000455,0.0
2015-10-23 08:00:00,70.85,7.189999999999998,0.0
2015-10-23 09:00:00,71.57,9.560000000000002,0.0
2015-10-23 10:00:00,70.27,10.930000000000007,0.0
2015-10-23 11:00:00,68.79,14.830000000000041,0.0
2015-10-23 12:00:00,69.08,17.0,0.0
2015-10-23 13:00:00,67.63,19.0,0.0
2015-10-23 14:00:00,67.26,19.58000000000004,0.0
2015-10-23 15:00:00,68.69,20.0,0.0
2015-10-23 16:00:00,68.91,20.0,0.0
2015-10-23 17:00:00,72.16,19.0,0.0
2015-10-23 18:00:00,75.74,17.590000000000032,0.0
2015-10-23 19:00:00,70.99,16.0,0.0
2015-10-23 20:00:00,66.91,16.410000000000025,0.0
2015-10-23 21:00:00,59.99,14.0,0.0
2015-10-23 22:00:00,60.18,14.0,0.0
2015-10-23 23:00:00,55.49,13.410000000000025,0.0
2015-10-24 00:00:00,51.7,12.0,0.0
2015-10-24 01:00:00,52.33,11.0,0.0
2015-10-24 02:00:00,50.79,11.410000000000025,0.0
2015-10-24 03:00:00,51.91,11.0,0.0
2015-10-24 04:00:00,53.32,10.0,0.0
2015-10-24 05:00:00,57.2,10.410000000000025,0.0
2015-10-24 06:00:00,60.73,10.0,0.0
2015-10-24 07:00:00,66.01,10.0,0.0
2015-10-24 08:00:00,64.73,10.0,0.0
2015-10-24 09:00:00,66.23,11.410000000000025,0.0
2015-10-24 10:00:00,65.76,13.410000000000025,0.0
2015-10-24 11:00:00,65.45,16.410000000000025,0.0
2015-10-24 12:00:00,64.57,18.410000000000025,0.0
2015-10-24 13:00:00,63.06,20.0,0.0
2015-10-24 14:00:00,60.47,20.0,0.0
2015-10-24 15:00:00,60.04,21.0,0.0
2015-10-24 16:00:00,62.11,21.0,0.0
2015-10-24 17:00:00,65.23,20.590000000000032,0.0
2015-10-24 18:00:00,66.87,19.180000000000007,0.0
2015-10-24 19:00:00,64.96,17.0,0.0
2015-10-24 20:00:00,60.61,17.0,0.0
2015-10-24 21:00:00,55.91,16.0,0.0
2015-10-24 22:00:00,57.77,15.590000000000032,0.0
2015-10-24 23:00:00,51.9,15.0,0.0
2015-10-25 00:00:00,50.14,13.0,0.0
2015-10-25 01:00:00,50.54,13.0,0.0
2015-10-25 02:00:00,48.07,12.490000000000009,0.0
2015-10-25 03:00:00,47.2,12.0,0.0
2015-10-25 04:00:00,46.92,12.0,0.0
2015-10-25 05:00:00,47.01,11.0,0.0
2015-10-25 06:00:00,46.73,11.0,0.0
2015-10-25 07:00:00,50.15,10.510000000000048,0.0
2015-10-25 08:00:00,51.17,12.490000000000009,0.0
2015-10-25 09:00:00,56.63,13.230000000000018,0.0
2015-10-25 10:00:00,56.27,16.0,0.0
2015-10-25 11:00:00,56.44,18.0,0.0
2015-10-25 12:00:00,56.69,19.0,0.0
2015-10-25 13:00:00,56.45,20.0,0.0
2015-10-25 14:00:00,57.17,20.0,0.0
2015-10-25 15:00:00,57.48,20.410000000000025,0.0
2015-10-25 16:00:00,57.54,21.0,0.0
2015-10-25 17:00:00,65.34,20.0,0.0
2015-10-25 18:00:00,64.51,19.590000000000032,0.0
2015-10-25 19:00:00,67.36,18.0,0.0
2015-10-25 20:00:00,66.64,18.0,0.0
2015-10-25 21:00:00,60.06,17.0,0.0
2015-10-25 22:00:00,56.79,17.0,0.0
2015-10-25 23:00:00,53.1,16.0,0.0
2015-10-26 00:00:00,49.57,16.0,0.0
2015-10-26 01:00:00,47.16,15.590000000000032,0.0
2015-10-26 02:00:00,46.71,14.0,0.0
2015-10-26 03:00:00,45.7,14.0,0.0
2015-10-26 04:00:00,46.98,12.980000000000018,0.0
2015-10-26 05:00:00,54.89,12.82000000000005,0.0
2015-10-26 06:00:00,62.13,13.490000000000009,0.0
2015-10-26 07:00:00,63.75,13.410000000000025,0.0
2015-10-26 08:00:00,65.39,14.0,0.0
2015-10-26 09:00:00,64.91,14.410000000000025,0.0
2015-10-26 10:00:00,65.59,15.410000000000025,0.0
2015-10-26 11:00:00,64.77,17.0,0.0
2015-10-26 12:00:00,63.01,17.0,0.0
2015-10-26 13:00:00,59.51,18.0,0.0
2015-10-26 14:00:00,57.58,18.0,0.0
2015-10-26 15:00:00,57.35,17.180000000000007,0.0
2015-10-26 16:00:00,62.91,15.0,0.0
2015-10-26 17:00:00,71.18,14.470000000000027,0.0
2015-10-26 18:00:00,72.14,15.0,0.0
2015-10-26 19:00:00,72.34,14.490000000000009,0.0
2015-10-26 20:00:00,67.32,14.0,0.0
2015-10-26 21:00:00,62.62,14.0,0.0
2015-10-26 22:00:00,53.96,14.0,0.0
2015-10-26 23:00:00,51.54,14.0,0.0
2015-10-27 00:00:00,46.94,14.0,0.0
2015-10-27 01:00:00,43.69,14.490000000000009,0.0
2015-10-27 02:00:00,40.15,14.0,0.0
2015-10-27 03:00:00,40.59,14.0,0.0
2015-10-27 04:00:00,41.61,13.410000000000025,0.0
2015-10-27 05:00:00,49.93,14.0,0.0
2015-10-27 06:00:00,54.94,14.0,0.0
2015-10-27 07:00:00,59.54,14.0,0.0
2015-10-27 08:00:00,62.54,14.0,0.0
2015-10-27 09:00:00,63.54,14.370000000000005,0.0
2015-10-27 10:00:00,63.01,14.410000000000025,0.0
2015-10-27 11:00:00,63.78,16.0,0.0
2015-10-27 12:00:00,61.52,15.0,0.0
2015-10-27 13:00:00,61.2,16.0,0.0
2015-10-27 14:00:00,60.66,16.0,0.0
2015-10-27 15:00:00,57.82,16.0,0.0
2015-10-27 16:00:00,62.45,16.0,0.0
2015-10-27 17:00:00,68.38,13.353499999999997,0.0
2015-10-27 18:00:00,68.34,14.410000000000025,0.0
2015-10-27 19:00:00,68.03,13.490000000000009,0.0
2015-10-27 20:00:00,64.12,12.745000000000005,0.0
2015-10-27 21:00:00,57.46,12.0,0.0
2015-10-27 22:00:00,50.8,11.245000000000005,0.0
2015-10-27 23:00:00,46.25,10.490000000000009,0.0
2015-10-28 00:00:00,42.17,9.990000000000009,0.0
2015-10-28 01:00:00,39.77,9.490000000000009,0.0
2015-10-28 02:00:00,37.32,9.490000000000009,0.0
2015-10-28 03:00:00,34.55,9.490000000000009,0.0
2015-10-28 04:00:00,38.34,9.745000000000005,0.0
2015-10-28 05:00:00,45.92,10.0,0.0
2015-10-28 06:00:00,51.38,10.0,0.0
2015-10-28 07:00:00,55.36,10.5,0.0
2015-10-28 08:00:00,57.92,11.0,0.0
2015-10-28 09:00:00,58.27,11.5,0.0
2015-10-28 10:00:00,57.77,12.0,0.0
2015-10-28 11:00:00,57.32,13.245000000000005,0.0
2015-10-28 12:00:00,55.16,14.490000000000009,0.0
2015-10-28 13:00:00,53.23,15.245000000000005,0.0
2015-10-28 14:00:00,52.24,16.0,0.0
2015-10-28 15:00:00,55.16,16.0,0.0
2015-10-28 16:00:00,58.27,16.0,0.0
2015-10-28 17:00:00,66.49,15.5,0.0
2015-10-28 18:00:00,68.59,15.0,0.0
2015-10-28 19:00:00,68.29,14.0,0.0
2015-10-28 20:00:00,61.61,12.643500000000017,0.0
2015-10-28 21:00:00,59.85,12.980000000000018,0.0
2015-10-28 22:00:00,55.34,12.643500000000017,0.0
2015-10-28 23:00:00,50.28,14.0,0.0
2015-10-29 00:00:00,49.23,13.245000000000005,0.0
2015-10-29 01:00:00,48.03,12.490000000000009,0.0
2015-10-29 02:00:00,45.78,10.908500000000004,0.0
2015-10-29 03:00:00,44.79,12.0,0.0
2015-10-29 04:00:00,48.33,10.908500000000004,0.0
2015-10-29 05:00:00,54.58,12.490000000000009,0.0
2015-10-29 06:00:00,61.53,12.235000000000014,0.0
2015-10-29 07:00:00,64.06,11.980000000000018,0.0
2015-10-29 08:00:00,65.29,12.490000000000009,0.0
2015-10-29 09:00:00,64.17,13.490000000000009,0.0
2015-10-29 10:00:00,63.38,14.490000000000009,0.0
2015-10-29 11:00:00,62.24,14.990000000000009,0.0
2015-10-29 12:00:00,62.21,15.490000000000009,0.0
2015-10-29 13:00:00,63.32,15.745000000000005,0.0
2015-10-29 14:00:00,63.66,16.0,0.0
2015-10-29 15:00:00,63.13,16.245000000000005,0.0
2015-10-29 16:00:00,64.93,16.49000000000001,0.0
2015-10-29 17:00:00,71.23,15.745000000000005,0.0
2015-10-29 18:00:00,74.13,15.0,0.0
2015-10-29 19:00:00,72.1,15.0,0.0
2015-10-29 20:00:00,66.54,15.0,0.0
2015-10-29 21:00:00,62.92,15.0,0.0
2015-10-29 22:00:00,55.69,13.745000000000005,0.0
2015-10-29 23:00:00,56.53,12.490000000000009,0.0
2015-10-30 00:00:00,50.96,11.490000000000009,0.0
2015-10-30 01:00:00,49.2,10.490000000000009,0.0
2015-10-30 02:00:00,46.25,9.990000000000009,0.0
2015-10-30 03:00:00,45.69,9.490000000000009,0.0
2015-10-30 04:00:00,47.35,9.245000000000005,0.0
2015-10-30 05:00:00,53.08,9.0,0.0
2015-10-30 06:00:00,60.11,8.490000000000009,0.0
2015-10-30 07:00:00,62.81,8.611500000000035,0.0
2015-10-30 08:00:00,63.8,10.980000000000018,0.0
2015-10-30 09:00:00,62.46,13.490000000000009,0.0
2015-10-30 10:00:00,60.62,16.0,0.0
2015-10-30 11:00:00,60.84,17.5,0.0
2015-10-30 12:00:00,56.95,19.0,0.0
2015-10-30 13:00:00,56.0,20.254999999999995,0.0
2015-10-30 14:00:00,55.3,21.510000000000048,0.0
2015-10-30 15:00:00,56.33,21.754999999999995,0.0
2015-10-30 16:00:00,61.13,22.0,0.0
2015-10-30 17:00:00,64.86,19.56850000000003,0.0
2015-10-30 18:00:00,64.27,19.590000000000032,0.0
2015-10-30 19:00:00,60.39,16.0,0.0
2015-10-30 20:00:00,57.98,15.822000000000003,0.0
2015-10-30 21:00:00,54.28,16.04000000000002,0.0
2015-10-30 22:00:00,47.36,15.577000000000112,0.0
2015-10-30 23:00:00,46.95,15.510000000000048,0.0
2015-10-31 00:00:00,43.98,15.0,0.0
2015-10-31 01:00:00,40.66,14.490000000000009,0.0
2015-10-31 02:00:00,40.81,14.254999999999995,0.0
2015-10-31 03:00:00,40.42,14.020000000000039,0.0
2015-10-31 04:00:00,41.37,14.010000000000048,0.0
2015-10-31 05:00:00,43.01,14.0,0.0
2015-10-31 06:00:00,46.35,13.0,0.0
2015-10-31 07:00:00,49.38,12.0,0.0
2015-10-31 08:00:00,55.56,13.25,0.0
2015-10-31 09:00:00,58.54,16.0,0.0
2015-10-31 10:00:00,61.62,16.504999999999995,0.0
2015-10-31 11:00:00,63.85,18.510000000000048,0.0
2015-10-31 12:00:00,62.01,19.254999999999995,0.0
2015-10-31 13:00:00,61.41,20.0,0.0
2015-10-31 14:00:00,59.42,20.0,0.0
2015-10-31 15:00:00,57.93,20.0,0.0
2015-10-31 16:00:00,61.54,19.0,0.0
2015-10-31 17:00:00,63.83,18.0,0.0
2015-10-31 18:00:00,65.85,17.0,0.0
2015-10-31 19:00:00,67.08,16.0,0.0
2015-10-31 20:00:00,66.27,15.337500000000034,0.0
2015-10-31 21:00:00,63.7,13.510000000000048,0.0
2015-10-31 22:00:00,63.49,14.09250000000003,0.0
2015-10-31 23:00:00,63.39,13.510000000000048,0.0
2015-11-01 00:00:00,49.82,13.754999999999995,0.0
2015-11-01 01:00:00,48.55,14.0,0.0
2015-11-01 02:00:00,46.99,12.621000000000038,0.0
2015-11-01 03:00:00,41.21,14.0,0.0
2015-11-01 04:00:00,41.39,12.621000000000038,0.0
2015-11-01 05:00:00,41.6,14.0,0.0
2015-11-01 06:00:00,41.39,14.0,0.0
2015-11-01 07:00:00,42.71,14.0,0.0
2015-11-01 08:00:00,44.26,15.490000000000009,0.0
2015-11-01 09:00:00,42.47,16.745000000000005,0.0
2015-11-01 10:00:00,40.9,18.0,0.0
2015-11-01 11:00:00,43.3,18.111500000000035,0.0
2015-11-01 12:00:00,41.76,19.0,0.0
2015-11-01 13:00:00,41.07,18.86650000000003,0.0
2015-11-01 14:00:00,37.97,19.510000000000048,0.0
2015-11-01 15:00:00,40.35,19.254999999999995,0.0
2015-11-01 16:00:00,44.38,19.0,0.0
2015-11-01 17:00:00,53.72,17.2765,0.0
2015-11-01 18:00:00,61.9,17.510000000000048,0.0
2015-11-01 19:00:00,56.18,16.2765,0.0
2015-11-01 20:00:00,51.26,17.0,0.0
2015-11-01 21:00:00,47.76,16.49000000000001,0.0
2015-11-01 22:00:00,42.81,15.980000000000018,0.0
2015-11-01 23:00:00,42.89,15.490000000000009,0.0
2015-11-02 00:00:00,38.25,15.0,0.0
2015-11-02 01:00:00,33.89,15.245000000000005,0.0
2015-11-02 02:00:00,32.54,15.490000000000009,0.0
2015-11-02 03:00:00,34.99,14.5,0.0
2015-11-02 04:00:00,41.83,13.510000000000048,0.0
2015-11-02 05:00:00,43.75,13.254999999999995,0.0
2015-11-02 06:00:00,57.07,13.0,0.0
2015-11-02 07:00:00,57.09,13.0,0.0
2015-11-02 08:00:00,57.0,12.678500000000042,0.0
2015-11-02 09:00:00,59.15,12.0,0.0
2015-11-02 10:00:00,58.79,12.678500000000042,0.0
2015-11-02 11:00:00,59.96,13.0,0.0
2015-11-02 12:00:00,61.92,13.745000000000005,0.0
2015-11-02 13:00:00,60.85,14.490000000000009,0.0
2015-11-02 14:00:00,62.68,14.235000000000014,0.0
2015-11-02 15:00:00,64.52,13.980000000000018,0.0
2015-11-02 16:00:00,67.47,12.990000000000009,0.0
2015-11-02 17:00:00,80.5,12.0,0.0
2015-11-02 18:00:00,76.16,11.5,0.0
2015-11-02 19:00:00,75.75,11.0,0.0
2015-11-02 20:00:00,70.0,11.0,0.0
2015-11-02 21:00:00,64.76,11.0,0.0
2015-11-02 22:00:00,58.07,11.0,0.0
2015-11-02 23:00:00,50.83,10.072000000000003,0.0
2015-11-03 00:00:00,45.52,11.0,0.0
2015-11-03 01:00:00,44.01,9.827000000000112,0.0
2015-11-03 02:00:00,42.2,10.510000000000048,0.0
2015-11-03 03:00:00,42.75,10.254999999999995,0.0
2015-11-03 04:00:00,44.0,10.0,0.0
2015-11-03 05:00:00,53.36,9.747000000000014,0.0
2015-11-03 06:00:00,58.57,10.0,0.0
2015-11-03 07:00:00,60.06,10.0,0.0
2015-11-03 08:00:00,63.23,10.0,0.0
2015-11-03 09:00:00,63.5,11.0,0.0
2015-11-03 10:00:00,63.01,11.745000000000005,0.0
2015-11-03 11:00:00,61.47,12.490000000000009,0.0
2015-11-03 12:00:00,61.75,13.245000000000005,0.0
2015-11-03 13:00:00,59.74,14.0,0.0
2015-11-03 14:00:00,59.18,14.254000000000019,0.0
2015-11-03 15:00:00,62.29,14.490000000000009,0.0
2015-11-03 16:00:00,69.16,14.499000000000024,0.0
2015-11-03 17:00:00,79.11,14.490000000000009,0.0
2015-11-03 18:00:00,72.34,13.745000000000005,0.0
2015-11-03 19:00:00,72.91,13.0,0.0
2015-11-03 20:00:00,67.81,12.007000000000005,0.0
2015-11-03 21:00:00,58.67,12.0,0.0
2015-11-03 22:00:00,57.01,11.507000000000005,0.0
2015-11-03 23:00:00,55.06,12.0,0.0
2015-11-04 00:00:00,50.05,11.745000000000005,0.0
2015-11-04 01:00:00,45.06,11.490000000000009,0.0
2015-11-04 02:00:00,44.24,8.569000000000017,0.0
2015-11-04 03:00:00,41.54,11.0,0.0
2015-11-04 04:00:00,44.87,8.824000000000012,0.0
2015-11-04 05:00:00,54.4,12.0,0.0
2015-11-04 06:00:00,57.5,11.0,0.0
2015-11-04 07:00:00,59.18,11.5,0.0
2015-11-04 08:00:00,62.73,12.0,0.0
2015-11-04 09:00:00,65.18,12.754999999999995,0.0
2015-11-04 10:00:00,63.76,13.510000000000048,0.0
2015-11-04 11:00:00,62.73,13.293499999999995,0.0
2015-11-04 12:00:00,61.89,15.0,0.0
2015-11-04 13:00:00,61.52,14.293499999999995,0.0
2015-11-04 14:00:00,64.06,15.510000000000048,0.0
2015-11-04 15:00:00,65.79,15.010000000000048,0.0
2015-11-04 16:00:00,72.8,14.510000000000048,0.0
2015-11-04 17:00:00,76.19,13.828000000000031,0.0
2015-11-04 18:00:00,72.52,14.590000000000032,0.0
2015-11-04 19:00:00,71.77,14.0,0.0
2015-11-04 20:00:00,69.35,13.5,0.0
2015-11-04 21:00:00,66.9,13.0,0.0
2015-11-04 22:00:00,60.3,12.745000000000005,0.0
2015-11-04 23:00:00,56.43,12.490000000000009,0.0
2015-11-05 00:00:00,49.48,12.245000000000005,0.0
2015-11-05 01:00:00,48.01,12.0,0.0
2015-11-05 02:00:00,43.78,11.501500000000021,0.0
2015-11-05 03:00:00,42.55,12.0,0.0
2015-11-05 04:00:00,44.7,12.001500000000021,0.0
2015-11-05 05:00:00,52.16,13.0,0.0
2015-11-05 06:00:00,61.2,13.0,0.0
2015-11-05 07:00:00,63.68,12.288000000000011,0.0
2015-11-05 08:00:00,63.68,13.490000000000009,0.0
2015-11-05 09:00:00,64.14,13.990000000000009,0.0
2015-11-05 10:00:00,62.52,14.490000000000009,0.0
2015-11-05 11:00:00,62.45,14.40400000000011,0.0
2015-11-05 12:00:00,60.85,17.0,0.0
2015-11-05 13:00:00,60.49,15.90400000000011,0.0
2015-11-05 14:00:00,63.78,17.49000000000001,0.0
2015-11-05 15:00:00,63.49,17.49000000000001,0.0
2015-11-05 16:00:00,66.28,17.49000000000001,0.0
2015-11-05 17:00:00,74.36,16.745000000000005,0.0
2015-11-05 18:00:00,70.55,16.0,0.0
2015-11-05 19:00:00,69.35,14.490000000000009,0.0
2015-11-05 20:00:00,66.71,13.990000000000009,0.0
2015-11-05 21:00:00,59.57,13.490000000000009,0.0
2015-11-05 22:00:00,58.75,12.990000000000009,0.0
2015-11-05 23:00:00,59.56,12.490000000000009,0.0
2015-11-06 00:00:00,54.27,11.990000000000009,0.0
2015-11-06 01:00:00,50.69,11.490000000000009,0.0
2015-11-06 02:00:00,50.26,9.378000000000043,0.0
2015-11-06 03:00:00,50.19,10.490000000000009,0.0
2015-11-06 04:00:00,50.28,8.633000000000038,0.0
2015-11-06 05:00:00,56.93,10.0,0.0
2015-11-06 06:00:00,64.48,9.5,0.0
2015-11-06 07:00:00,65.26,9.0,0.0
2015-11-06 08:00:00,65.64,10.0,0.0
2015-11-06 09:00:00,65.04,12.754999999999995,0.0
2015-11-06 10:00:00,64.98,15.510000000000048,0.0
2015-11-06 11:00:00,64.22,17.02900000000011,0.0
2015-11-06 12:00:00,62.4,19.510000000000048,0.0
2015-11-06 13:00:00,63.17,19.52900000000011,0.0
2015-11-06 14:00:00,64.84,20.510000000000048,0.0
2015-11-06 15:00:00,65.53,21.0,0.0
2015-11-06 16:00:00,66.0,21.49000000000001,0.0
2015-11-06 17:00:00,71.33,20.129999999999995,0.0
2015-11-06 18:00:00,74.23,18.77000000000004,0.0
2015-11-06 19:00:00,73.89,15.490000000000009,0.0
2015-11-06 20:00:00,70.66,14.490000000000009,0.0
2015-11-06 21:00:00,66.98,13.490000000000009,0.0
2015-11-06 22:00:00,64.49,12.490000000000009,0.0
2015-11-06 23:00:00,64.79,11.990000000000009,0.0
2015-11-07 00:00:00,57.32,11.490000000000009,0.0
2015-11-07 01:00:00,53.26,10.990000000000009,0.0
2015-11-07 02:00:00,52.19,10.490000000000009,0.0
2015-11-07 03:00:00,52.32,9.990000000000009,0.0
2015-11-07 04:00:00,51.93,9.490000000000009,0.0
2015-11-07 05:00:00,52.99,9.245000000000005,0.0
2015-11-07 06:00:00,55.64,9.0,0.0
2015-11-07 07:00:00,60.34,9.0,0.0
2015-11-07 08:00:00,62.05,10.5,0.0
2015-11-07 09:00:00,61.18,12.0,0.0
2015-11-07 10:00:00,60.27,15.254999999999995,0.0
2015-11-07 11:00:00,60.47,18.510000000000048,0.0
2015-11-07 12:00:00,62.35,20.254999999999995,0.0
2015-11-07 13:00:00,60.74,22.0,0.0
2015-11-07 14:00:00,60.86,22.148000000000025,0.0
2015-11-07 15:00:00,63.8,23.510000000000048,0.0
2015-11-07 16:00:00,64.71,21.648000000000025,0.0
2015-11-07 17:00:00,66.82,21.0,0.0
2015-11-07 18:00:00,66.2,18.745000000000005,0.0
2015-11-07 19:00:00,65.49,16.49000000000001,0.0
2015-11-07 20:00:00,65.26,15.490000000000009,0.0
2015-11-07 21:00:00,64.12,14.490000000000009,0.0
2015-11-07 22:00:00,55.35,13.745000000000005,0.0
2015-11-07 23:00:00,53.4,13.0,0.0
2015-11-08 00:00:00,49.83,12.5,0.0
2015-11-08 01:00:00,47.65,12.0,0.0
2015-11-08 02:00:00,46.24,10.504500000000007,0.0
2015-11-08 03:00:00,44.49,10.490000000000009,0.0
2015-11-08 04:00:00,44.76,9.504500000000007,0.0
2015-11-08 05:00:00,43.99,10.0,0.0
2015-11-08 06:00:00,43.65,9.5,0.0
2015-11-08 07:00:00,45.25,9.0,0.0
2015-11-08 08:00:00,50.55,9.420000000000016,0.0
2015-11-08 09:00:00,50.05,13.0,0.0
2015-11-08 10:00:00,50.12,16.83050000000003,0.0
2015-11-08 11:00:00,51.07,19.510000000000048,0.0
2015-11-08 12:00:00,51.18,21.010000000000048,0.0
2015-11-08 13:00:00,51.51,22.510000000000048,0.0
2015-11-08 14:00:00,50.01,21.586000000000013,0.0
2015-11-08 15:00:00,50.15,23.0,0.0
2015-11-08 16:00:00,56.02,20.331000000000017,0.0
2015-11-08 17:00:00,65.77,20.0,0.0
2015-11-08 18:00:00,69.54,17.245000000000005,0.0
2015-11-08 19:00:00,71.85,14.490000000000009,0.0
2015-11-08 20:00:00,73.81,12.980000000000018,0.0
2015-11-08 21:00:00,67.84,12.235000000000014,0.0
2015-11-08 22:00:00,65.13,11.490000000000009,0.0
2015-11-08 23:00:00,67.92,10.490000000000009,0.0
2015-11-09 00:00:00,66.96,9.490000000000009,0.0
2015-11-09 01:00:00,63.71,8.990000000000009,0.0
2015-11-09 02:00:00,60.88,8.490000000000009,0.0
2015-11-09 03:00:00,60.1,7.990000000000009,0.0
2015-11-09 04:00:00,61.09,7.490000000000009,0.0
2015-11-09 05:00:00,68.86,7.2450000000000045,0.0
2015-11-09 06:00:00,68.0,7.0,0.0
2015-11-09 07:00:00,68.45,6.0,0.0
2015-11-09 08:00:00,70.69,8.490000000000009,0.0
2015-11-09 09:00:00,69.4,11.245000000000005,0.0
2015-11-09 10:00:00,67.5,14.0,0.0
2015-11-09 11:00:00,67.89,16.235000000000014,0.0
2015-11-09 12:00:00,67.4,19.510000000000048,0.0
2015-11-09 13:00:00,66.63,19.99000000000001,0.0
2015-11-09 14:00:00,65.89,21.510000000000048,0.0
2015-11-09 15:00:00,66.93,21.754999999999995,0.0
2015-11-09 16:00:00,69.57,22.0,0.0
2015-11-09 17:00:00,76.38,17.240499999999997,0.0
2015-11-09 18:00:00,78.5,17.960000000000036,0.0
2015-11-09 19:00:00,78.17,14.490000000000009,0.0
2015-11-09 20:00:00,74.41,11.02800000000002,0.0
2015-11-09 21:00:00,68.11,12.490000000000009,0.0
2015-11-09 22:00:00,65.4,9.02800000000002,0.0
2015-11-09 23:00:00,67.05,10.490000000000009,0.0
2015-11-10 00:00:00,63.61,9.490000000000009,0.0
2015-11-10 01:00:00,60.21,8.490000000000009,0.0
2015-11-10 02:00:00,59.54,8.245000000000005,0.0
2015-11-10 03:00:00,59.09,8.0,0.0
2015-11-10 04:00:00,59.11,7.2450000000000045,0.0
2015-11-10 05:00:00,65.19,6.490000000000009,0.0
2015-11-10 06:00:00,67.83,6.0,0.0
2015-11-10 07:00:00,69.55,6.0,0.0
2015-11-10 08:00:00,70.75,7.490000000000009,0.0
2015-11-10 09:00:00,69.82,10.245000000000005,0.0
2015-11-10 10:00:00,67.97,13.0,0.0
2015-11-10 11:00:00,68.41,15.754999999999995,0.0
2015-11-10 12:00:00,67.66,18.510000000000048,0.0
2015-11-10 13:00:00,67.4,20.254999999999995,0.0
2015-11-10 14:00:00,66.69,22.0,0.0
2015-11-10 15:00:00,67.68,22.0,0.0
2015-11-10 16:00:00,69.99,22.0,0.0
2015-11-10 17:00:00,77.88,20.595000000000027,0.0
2015-11-10 18:00:00,81.01,19.189999999999998,0.0
2015-11-10 19:00:00,80.92,12.980000000000018,0.0
2015-11-10 20:00:00,76.57,9.954000000000121,0.0
2015-11-10 21:00:00,70.85,10.0,0.0
2015-11-10 22:00:00,67.67,7.70900000000006,0.0
2015-11-10 23:00:00,67.43,8.490000000000009,0.0
2015-11-11 00:00:00,63.87,7.7450000000000045,0.0
2015-11-11 01:00:00,61.12,7.0,0.0
2015-11-11 02:00:00,58.04,5.471500000000049,0.0
2015-11-11 03:00:00,57.8,6.0,0.0
2015-11-11 04:00:00,58.66,4.216499999999996,0.0
2015-11-11 05:00:00,64.26,4.490000000000009,0.0
2015-11-11 06:00:00,68.3,4.490000000000009,0.0
2015-11-11 07:00:00,69.73,4.490000000000009,0.0
2015-11-11 08:00:00,71.63,6.7450000000000045,0.0
2015-11-11 09:00:00,70.62,9.0,0.0
2015-11-11 10:00:00,69.08,12.5,0.0
2015-11-11 11:00:00,68.35,16.0,0.0
2015-11-11 12:00:00,68.49,17.754999999999995,0.0
2015-11-11 13:00:00,66.71,19.510000000000048,0.0
2015-11-11 14:00:00,66.45,19.607500000000016,0.0
2015-11-11 15:00:00,67.4,22.0,0.0
2015-11-11 16:00:00,70.85,18.607500000000016,0.0
2015-11-11 17:00:00,77.78,17.510000000000048,0.0
2015-11-11 18:00:00,79.85,14.990000000000009,0.0
2015-11-11 19:00:00,79.82,12.470000000000027,0.0
2015-11-11 20:00:00,75.66,9.720500000000015,0.0
2015-11-11 21:00:00,70.18,9.490000000000009,0.0
2015-11-11 22:00:00,65.89,7.485500000000002,0.0
2015-11-11 23:00:00,67.58,8.0,0.0
2015-11-12 00:00:00,65.33,7.2450000000000045,0.0
2015-11-12 01:00:00,63.88,6.490000000000009,0.0
2015-11-12 02:00:00,61.85,5.990000000000009,0.0
2015-11-12 03:00:00,61.11,5.490000000000009,0.0
2015-11-12 04:00:00,62.78,4.990000000000009,0.0
2015-11-12 05:00:00,65.07,4.490000000000009,0.0
2015-11-12 06:00:00,67.25,4.2450000000000045,0.0
2015-11-12 07:00:00,67.59,4.0,0.0
2015-11-12 08:00:00,69.82,4.420000000000016,0.0
2015-11-12 09:00:00,68.19,9.0,0.0
2015-11-12 10:00:00,67.97,13.204499999999996,0.0
2015-11-12 11:00:00,68.37,16.510000000000048,0.0
2015-11-12 12:00:00,67.47,18.254999999999995,0.0
2015-11-12 13:00:00,66.58,20.0,0.0
2015-11-12 14:00:00,66.18,20.754999999999995,0.0
2015-11-12 15:00:00,67.46,21.510000000000048,0.0
2015-11-12 16:00:00,72.1,19.754999999999995,0.0
2015-11-12 17:00:00,80.66,18.0,0.0
2015-11-12 18:00:00,79.17,15.245000000000005,0.0
2015-11-12 19:00:00,79.09,12.490000000000009,0.0
2015-11-12 20:00:00,74.81,9.200000000000045,0.0
2015-11-12 21:00:00,70.31,10.490000000000009,0.0
2015-11-12 22:00:00,66.89,6.955000000000041,0.0
2015-11-12 23:00:00,65.2,8.0,0.0
2015-11-13 00:00:00,64.8,7.2450000000000045,0.0
2015-11-13 01:00:00,62.09,6.490000000000009,0.0
2015-11-13 02:00:00,58.31,5.990000000000009,0.0
2015-11-13 03:00:00,57.71,5.490000000000009,0.0
2015-11-13 04:00:00,58.31,4.7450000000000045,0.0
2015-11-13 05:00:00,63.35,4.0,0.0
2015-11-13 06:00:00,63.77,4.0,0.0
2015-11-13 07:00:00,64.54,4.0,0.0
2015-11-13 08:00:00,66.77,6.0,0.0
2015-11-13 09:00:00,65.82,8.0,0.0
2015-11-13 10:00:00,64.77,11.5,0.0
2015-11-13 11:00:00,64.83,15.0,0.0
2015-11-13 12:00:00,66.47,17.254999999999995,0.0
2015-11-13 13:00:00,65.04,19.510000000000048,0.0
2015-11-13 14:00:00,64.62,20.254999999999995,0.0
2015-11-13 15:00:00,64.41,21.0,0.0
2015-11-13 16:00:00,62.31,19.245000000000005,0.0
2015-11-13 17:00:00,67.47,17.49000000000001,0.0
2015-11-13 18:00:00,69.05,15.490000000000009,0.0
2015-11-13 19:00:00,66.92,13.490000000000009,0.0
2015-11-13 20:00:00,67.86,13.745000000000005,0.0
2015-11-13 21:00:00,62.62,14.0,0.0
2015-11-13 22:00:00,54.96,13.245000000000005,0.0
2015-11-13 23:00:00,55.23,12.490000000000009,0.0
2015-11-14 00:00:00,52.52,11.990000000000009,0.0
2015-11-14 01:00:00,50.14,11.490000000000009,0.0
2015-11-14 02:00:00,49.63,9.338000000000022,0.0
2015-11-14 03:00:00,49.52,9.490000000000009,0.0
2015-11-14 04:00:00,50.2,7.338000000000022,0.0
2015-11-14 05:00:00,51.06,7.490000000000009,0.0
2015-11-14 06:00:00,53.35,5.490000000000009,0.0
2015-11-14 07:00:00,56.25,6.2450000000000045,0.0
2015-11-14 08:00:00,60.74,7.0,0.0
2015-11-14 09:00:00,63.4,8.670000000000016,0.0
2015-11-14 10:00:00,62.92,12.510000000000048,0.0
2015-11-14 11:00:00,64.09,14.0,0.0
2015-11-14 12:00:00,64.35,15.245000000000005,0.0
2015-11-14 13:00:00,63.54,16.49000000000001,0.0
2015-11-14 14:00:00,58.53,16.885000000000048,0.0
2015-11-14 15:00:00,58.46,18.0,0.0
2015-11-14 16:00:00,62.55,16.39500000000004,0.0
2015-11-14 17:00:00,66.89,15.510000000000048,0.0
2015-11-14 18:00:00,68.75,13.660000000000025,0.0
2015-11-14 19:00:00,68.2,11.810000000000002,0.0
2015-11-14 20:00:00,67.85,10.410000000000025,0.0
2015-11-14 21:00:00,64.4,9.0,0.0
2015-11-14 22:00:00,63.59,6.478000000000009,0.0
2015-11-14 23:00:00,59.67,7.490000000000009,0.0
2015-11-15 00:00:00,57.1,6.990000000000009,0.0
2015-11-15 01:00:00,55.41,6.490000000000009,0.0
2015-11-15 02:00:00,54.51,5.990000000000009,0.0
2015-11-15 03:00:00,53.25,5.490000000000009,0.0
2015-11-15 04:00:00,52.8,4.990000000000009,0.0
2015-11-15 05:00:00,53.82,4.490000000000009,0.0
2015-11-15 06:00:00,54.38,4.2450000000000045,0.0
2015-11-15 07:00:00,54.33,4.0,0.0
2015-11-15 08:00:00,56.01,6.0,0.0
2015-11-15 09:00:00,57.82,8.0,0.0
2015-11-15 10:00:00,55.87,8.420000000000016,0.0
2015-11-15 11:00:00,57.18,13.510000000000048,0.0
2015-11-15 12:00:00,58.23,16.510000000000048,0.0
2015-11-15 13:00:00,58.39,16.58000000000004,0.0
2015-11-15 14:00:00,55.84,18.0,0.0
2015-11-15 15:00:00,56.83,18.420000000000016,0.0
2015-11-15 16:00:00,59.47,19.0,0.0
2015-11-15 17:00:00,67.24,17.70500000000004,0.0
2015-11-15 18:00:00,69.2,16.410000000000025,0.0
2015-11-15 19:00:00,69.55,11.980000000000018,0.0
2015-11-15 20:00:00,69.42,8.695500000000038,0.0
2015-11-15 21:00:00,66.31,8.490000000000009,0.0
2015-11-15 22:00:00,63.94,5.950500000000034,0.0
2015-11-15 23:00:00,63.66,6.490000000000009,0.0
2015-11-16 00:00:00,58.69,5.990000000000009,0.0
2015-11-16 01:00:00,56.73,5.490000000000009,0.0
2015-11-16 02:00:00,56.47,4.117000000000019,0.0
2015-11-16 03:00:00,56.45,4.490000000000009,0.0
2015-11-16 04:00:00,56.86,3.1170000000000186,0.0
2015-11-16 05:00:00,59.24,3.490000000000009,0.0
2015-11-16 06:00:00,66.01,3.2450000000000045,0.0
2015-11-16 07:00:00,68.44,3.0,0.0
2015-11-16 08:00:00,69.3,5.031000000000006,0.0
2015-11-16 09:00:00,69.04,6.510000000000048,0.0
2015-11-16 10:00:00,67.94,7.410000000000025,0.0
2015-11-16 11:00:00,67.95,11.0,0.0
2015-11-16 12:00:00,68.4,14.490000000000009,0.0
2015-11-16 13:00:00,66.9,16.121000000000038,0.0
2015-11-16 14:00:00,67.03,17.49000000000001,0.0
2015-11-16 15:00:00,68.08,17.49000000000001,0.0
2015-11-16 16:00:00,69.26,17.49000000000001,0.0
2015-11-16 17:00:00,73.18,13.025000000000034,0.0
2015-11-16 18:00:00,75.38,12.960000000000036,0.0
2015-11-16 19:00:00,74.7,6.854343749999998,0.0
2015-11-16 20:00:00,72.3,5.148687500000051,0.0
2015-11-16 21:00:00,68.69,7.00750000000005,0.0
2015-11-16 22:00:00,64.16,6.490000000000009,0.0
2015-11-16 23:00:00,63.59,3.900000000000034,0.0
2015-11-17 00:00:00,57.64,5.496656250000001,0.0
2015-11-17 01:00:00,55.66,5.0,0.0
2015-11-17 02:00:00,54.2,4.490000000000009,0.0
2015-11-17 03:00:00,53.82,3.990000000000009,0.0
2015-11-17 04:00:00,54.53,3.490000000000009,0.0
2015-11-17 05:00:00,57.64,3.44500000000005,0.0
2015-11-17 06:00:00,65.53,3.400000000000034,0.0
2015-11-17 07:00:00,67.27,2.490000000000009,0.0
2015-11-17 08:00:00,67.86,3.7740000000000578,0.0
2015-11-17 09:00:00,67.86,6.510000000000048,0.0
2015-11-17 10:00:00,67.07,8.539000000000044,0.0
2015-11-17 11:00:00,66.7,12.020000000000039,0.0
2015-11-17 12:00:00,66.49,14.265000000000043,0.0
2015-11-17 13:00:00,65.22,16.510000000000048,0.0
2015-11-17 14:00:00,64.22,17.010000000000048,0.0
2015-11-17 15:00:00,64.59,17.510000000000048,0.0
2015-11-17 16:00:00,67.6,17.58000000000004,0.0
2015-11-17 17:00:00,72.92,14.490000000000009,0.0
2015-11-17 18:00:00,73.25,12.235000000000014,0.0
2015-11-17 19:00:00,73.26,9.980000000000018,0.0
2015-11-17 20:00:00,71.55,6.156000000000006,0.0
2015-11-17 21:00:00,67.55,7.490000000000009,0.0
2015-11-17 22:00:00,63.83,3.9110000000000014,0.0
2015-11-17 23:00:00,65.09,5.490000000000009,0.0
2015-11-18 00:00:00,57.91,4.990000000000009,0.0
2015-11-18 01:00:00,55.3,4.490000000000009,0.0
2015-11-18 02:00:00,55.02,3.7450000000000045,0.0
2015-11-18 03:00:00,55.61,3.0,0.0
2015-11-18 04:00:00,56.33,3.0,0.0
2015-11-18 05:00:00,64.43,3.0,0.0
2015-11-18 06:00:00,68.61,3.0,0.0
2015-11-18 07:00:00,68.52,3.0,0.0
2015-11-18 08:00:00,69.03,3.6899999999999977,0.0
2015-11-18 09:00:00,69.04,7.510000000000048,0.0
2015-11-18 10:00:00,68.75,8.94500000000005,0.0
2015-11-18 11:00:00,68.34,13.510000000000048,0.0
2015-11-18 12:00:00,68.49,16.254999999999995,0.0
2015-11-18 13:00:00,68.15,19.0,0.0
2015-11-18 14:00:00,67.69,19.245000000000005,0.0
2015-11-18 15:00:00,68.06,19.49000000000001,0.0
2015-11-18 16:00:00,69.13,18.49000000000001,0.0
2015-11-18 17:00:00,75.8,17.49000000000001,0.0
2015-11-18 18:00:00,76.68,14.980000000000018,0.0
2015-11-18 19:00:00,76.77,12.470000000000027,0.0
2015-11-18 20:00:00,73.23,8.629500000000007,0.0
2015-11-18 21:00:00,68.91,10.490000000000009,0.0
2015-11-18 22:00:00,66.36,6.3945000000000505,0.0
2015-11-18 23:00:00,66.19,8.0,0.0
2015-11-19 00:00:00,58.95,7.5,0.0
2015-11-19 01:00:00,57.03,7.0,0.0
2015-11-19 02:00:00,55.93,5.086000000000013,0.0
2015-11-19 03:00:00,55.9,6.490000000000009,0.0
2015-11-19 04:00:00,55.77,4.086000000000013,0.0
2015-11-19 05:00:00,63.47,5.0,0.0
2015-11-19 06:00:00,67.94,5.0,0.0
2015-11-19 07:00:00,68.11,5.0,0.0
2015-11-19 08:00:00,68.75,6.350999999999999,0.0
2015-11-19 09:00:00,68.93,9.0,0.0
2015-11-19 10:00:00,68.5,11.605999999999995,0.0
2015-11-19 11:00:00,68.68,15.510000000000048,0.0
2015-11-19 12:00:00,68.34,17.754999999999995,0.0
2015-11-19 13:00:00,68.23,20.0,0.0
2015-11-19 14:00:00,68.18,19.36650000000003,0.0
2015-11-19 15:00:00,68.5,21.0,0.0
2015-11-19 16:00:00,68.94,18.111500000000035,0.0
2015-11-19 17:00:00,72.84,17.49000000000001,0.0
2015-11-19 18:00:00,73.2,15.480000000000018,0.0
2015-11-19 19:00:00,73.0,13.470000000000027,0.0
2015-11-19 20:00:00,71.77,12.225000000000023,0.0
2015-11-19 21:00:00,67.95,10.980000000000018,0.0
2015-11-19 22:00:00,64.94,9.490000000000009,0.0
2015-11-19 23:00:00,64.81,8.0,0.0
2015-11-20 00:00:00,57.48,7.7450000000000045,0.0
2015-11-20 01:00:00,56.36,7.490000000000009,0.0
2015-11-20 02:00:00,55.21,5.927999999999997,0.0
2015-11-20 03:00:00,52.24,6.490000000000009,0.0
2015-11-20 04:00:00,53.07,4.938000000000045,0.0
2015-11-20 05:00:00,57.76,5.510000000000048,0.0
2015-11-20 06:00:00,63.73,5.0,0.0
2015-11-20 07:00:00,65.43,4.483000000000004,0.0
2015-11-20 08:00:00,66.03,6.0,0.0
2015-11-20 09:00:00,64.95,6.840000000000032,0.0
2015-11-20 10:00:00,63.7,12.0,0.0
2015-11-20 11:00:00,63.77,12.420000000000016,0.0
2015-11-20 12:00:00,62.91,15.490000000000009,0.0
2015-11-20 13:00:00,56.56,17.78000000000003,0.0
2015-11-20 14:00:00,53.3,18.980000000000018,0.0
2015-11-20 15:00:00,53.62,18.980000000000018,0.0
2015-11-20 16:00:00,58.34,18.980000000000018,0.0
2015-11-20 17:00:00,62.38,15.161500000000046,0.0
2015-11-20 18:00:00,60.32,16.980000000000018,0.0
2015-11-20 19:00:00,58.44,13.916500000000042,0.0
2015-11-20 20:00:00,53.55,16.49000000000001,0.0
2015-11-20 21:00:00,47.08,15.735000000000014,0.0
2015-11-20 22:00:00,42.61,14.980000000000018,0.0
2015-11-20 23:00:00,40.71,14.990000000000009,0.0
2015-11-21 00:00:00,34.39,15.0,0.0
2015-11-21 01:00:00,25.66,14.220000000000027,0.0
2015-11-21 02:00:00,20.85,13.439999999999998,0.0
2015-11-21 03:00:00,18.2,12.710000000000036,0.0
2015-11-21 04:00:00,18.19,11.980000000000018,0.0
2015-11-21 05:00:00,19.55,9.924000000000035,0.0
2015-11-21 06:00:00,23.04,12.0,0.0
2015-11-21 07:00:00,35.57,12.490000000000009,0.0
2015-11-21 08:00:00,43.25,13.765000000000043,0.0
2015-11-21 09:00:00,44.52,15.04000000000002,0.0
2015-11-21 10:00:00,43.11,14.510000000000048,0.0
2015-11-21 11:00:00,44.19,13.980000000000018,0.0
2015-11-21 12:00:00,41.49,13.245000000000005,0.0
2015-11-21 13:00:00,36.74,12.510000000000048,0.0
2015-11-21 14:00:00,35.38,11.5,0.0
2015-11-21 15:00:00,35.93,10.490000000000009,0.0
2015-11-21 16:00:00,45.36,9.490000000000009,0.0
2015-11-21 17:00:00,53.1,8.490000000000009,0.0
2015-11-21 18:00:00,52.78,7.7450000000000045,0.0
2015-11-21 19:00:00,54.12,7.0,0.0
2015-11-21 20:00:00,49.89,6.0,0.0
2015-11-21 21:00:00,48.69,5.490000000000009,0.0
2015-11-21 22:00:00,45.44,4.1340000000000146,0.0
2015-11-21 23:00:00,47.09,5.0,0.0
2015-11-22 00:00:00,42.23,3.7549999999999955,0.0
2015-11-22 01:00:00,38.65,2.5100000000000477,0.0
2015-11-22 02:00:00,35.42,0.7524999999999977,0.0
2015-11-22 03:00:00,34.34,2.5100000000000477,0.0
2015-11-22 04:00:00,34.37,1.2425000000000068,0.0
2015-11-22 05:00:00,35.9,3.490000000000009,0.0
2015-11-22 06:00:00,38.31,2.7450000000000045,0.0
2015-11-22 07:00:00,48.69,2.0,0.0
2015-11-22 08:00:00,50.72,2.420000000000016,0.0
2015-11-22 09:00:00,50.13,5.490000000000009,0.0
2015-11-22 10:00:00,49.51,6.7450000000000045,0.0
2015-11-22 11:00:00,49.5,8.0,0.0
2015-11-22 12:00:00,49.83,8.5,0.0
2015-11-22 13:00:00,49.25,9.0,0.0
2015-11-22 14:00:00,45.46,9.0,0.0
2015-11-22 15:00:00,45.54,9.0,0.0
2015-11-22 16:00:00,50.32,8.745000000000005,0.0
2015-11-22 17:00:00,64.85,8.490000000000009,0.0
2015-11-22 18:00:00,68.93,7.735000000000014,0.0
2015-11-22 19:00:00,69.08,6.980000000000018,0.0
2015-11-22 20:00:00,67.76,6.980000000000018,0.0
2015-11-22 21:00:00,55.93,6.490000000000009,0.0
2015-11-22 22:00:00,50.91,6.0,0.0
2015-11-22 23:00:00,58.48,4.7450000000000045,0.0
2015-11-23 00:00:00,52.14,3.490000000000009,0.0
2015-11-23 01:00:00,48.07,3.2450000000000045,0.0
2015-11-23 02:00:00,44.83,3.0,0.0
2015-11-23 03:00:00,43.91,2.990000000000009,0.0
2015-11-23 04:00:00,50.65,2.980000000000018,0.0
2015-11-23 05:00:00,59.75,1.8950000000000387,0.0
2015-11-23 06:00:00,67.05,0.8100000000000023,0.0
2015-11-23 07:00:00,70.49,0.5390000000000441,0.0
2015-11-23 08:00:00,74.41,0.5930000000000177,0.0
2015-11-23 09:00:00,74.45,0.5390000000000441,0.0
2015-11-23 10:00:00,73.41,4.823500000000024,0.0
2015-11-23 11:00:00,70.46,9.0,0.0
2015-11-23 12:00:00,70.0,9.5,0.0
2015-11-23 13:00:00,68.3,10.0,0.0
2015-11-23 14:00:00,68.37,10.0,0.0
2015-11-23 15:00:00,68.91,10.0,0.0
2015-11-23 16:00:00,78.64,8.745000000000005,0.0
2015-11-23 17:00:00,91.35,7.490000000000009,0.0
2015-11-23 18:00:00,99.32,5.990000000000009,0.0
2015-11-23 19:00:00,91.9,4.490000000000009,0.0
2015-11-23 20:00:00,76.69,4.490000000000009,0.0
2015-11-23 21:00:00,68.73,3.990000000000009,0.0
2015-11-23 22:00:00,65.78,3.490000000000009,0.0
2015-11-23 23:00:00,58.72,3.0,0.0
2015-11-24 00:00:00,56.4,2.5100000000000477,0.0
2015-11-24 01:00:00,54.25,1.5100000000000477,0.0
2015-11-24 02:00:00,52.28,0.5100000000000477,0.0
2015-11-24 03:00:00,51.63,0.010000000000047748,0.0
2015-11-24 04:00:00,54.04,-0.48999999999995225,0.0
2015-11-24 05:00:00,63.85,-0.44999999999998863,0.0
2015-11-24 06:00:00,70.85,-0.40999999999996817,0.0
2015-11-24 07:00:00,75.03,-0.48999999999995225,0.0
2015-11-24 08:00:00,75.91,0.0,0.0
2015-11-24 09:00:00,74.26,3.0,0.0
2015-11-24 10:00:00,72.76,6.0,0.0
2015-11-24 11:00:00,72.1,8.115499999999997,0.0
2015-11-24 12:00:00,71.24,11.510000000000048,0.0
2015-11-24 13:00:00,70.88,11.115499999999997,0.0
2015-11-24 14:00:00,70.37,12.0,0.0
2015-11-24 15:00:00,69.23,11.5,0.0
2015-11-24 16:00:00,79.71,11.0,0.0
2015-11-24 17:00:00,85.27,8.457500000000039,0.0
2015-11-24 18:00:00,86.73,9.0,0.0
2015-11-24 19:00:00,78.72,9.0,0.0
2015-11-24 20:00:00,71.46,7.2450000000000045,0.0
2015-11-24 21:00:00,63.13,5.490000000000009,0.0
2015-11-24 22:00:00,57.88,4.990000000000009,0.0
2015-11-24 23:00:00,51.7,4.490000000000009,0.0
2015-11-25 00:00:00,49.97,4.7450000000000045,0.0
2015-11-25 01:00:00,47.4,5.0,0.0
2015-11-25 02:00:00,43.93,5.0,0.0
2015-11-25 03:00:00,38.65,5.0,0.0
2015-11-25 04:00:00,46.61,5.0,0.0
2015-11-25 05:00:00,52.91,5.0,0.0
2015-11-25 06:00:00,61.29,5.5,0.0
2015-11-25 07:00:00,67.72,6.0,0.0
2015-11-25 08:00:00,71.0,6.0,0.0
2015-11-25 09:00:00,70.44,8.0,0.0
2015-11-25 10:00:00,66.65,10.5,0.0
2015-11-25 11:00:00,65.66,13.0,0.0
2015-11-25 12:00:00,64.44,14.245000000000005,0.0
2015-11-25 13:00:00,56.52,15.490000000000009,0.0
2015-11-25 14:00:00,55.63,14.173500000000047,0.0
2015-11-25 15:00:00,56.29,15.980000000000018,0.0
2015-11-25 16:00:00,61.86,13.673500000000047,0.0
2015-11-25 17:00:00,71.21,14.490000000000009,0.0
2015-11-25 18:00:00,72.85,13.0,0.0
2015-11-25 19:00:00,69.63,11.510000000000048,0.0
2015-11-25 20:00:00,65.24,11.525000000000034,0.0
2015-11-25 21:00:00,57.46,11.54000000000002,0.0
2015-11-25 22:00:00,52.76,11.025000000000034,0.0
2015-11-25 23:00:00,48.31,10.510000000000048,0.0
2015-11-26 00:00:00,45.03,8.754999999999995,0.0
2015-11-26 01:00:00,40.41,7.0,0.0
2015-11-26 02:00:00,38.24,4.725000000000023,0.0
2015-11-26 03:00:00,39.86,5.53000000000003,0.0
2015-11-26 04:00:00,42.78,5.480000000000018,0.0
2015-11-26 05:00:00,49.85,8.510000000000048,0.0
2015-11-26 06:00:00,55.3,8.010000000000048,0.0
2015-11-26 07:00:00,64.78,7.510000000000048,0.0
2015-11-26 08:00:00,65.39,8.754999999999995,0.0
2015-11-26 09:00:00,65.35,10.0,0.0
2015-11-26 10:00:00,64.64,12.5,0.0
2015-11-26 11:00:00,64.36,15.0,0.0
2015-11-26 12:00:00,63.8,15.245000000000005,0.0
2015-11-26 13:00:00,59.55,15.490000000000009,0.0
2015-11-26 14:00:00,56.29,15.490000000000009,0.0
2015-11-26 15:00:00,58.45,15.490000000000009,0.0
2015-11-26 16:00:00,65.14,14.490000000000009,0.0
2015-11-26 17:00:00,72.52,13.490000000000009,0.0
2015-11-26 18:00:00,73.52,13.245000000000005,0.0
2015-11-26 19:00:00,71.29,13.0,0.0
2015-11-26 20:00:00,66.57,12.590000000000032,0.0
2015-11-26 21:00:00,60.77,12.0,0.0
2015-11-26 22:00:00,56.33,11.745000000000005,0.0
2015-11-26 23:00:00,48.49,11.490000000000009,0.0
2015-11-27 00:00:00,50.13,11.745000000000005,0.0
2015-11-27 01:00:00,48.66,12.0,0.0
2015-11-27 02:00:00,43.16,8.906000000000006,0.0
2015-11-27 03:00:00,41.12,10.470000000000027,0.0
2015-11-27 04:00:00,46.59,7.6510000000000105,0.0
2015-11-27 05:00:00,54.0,9.490000000000009,0.0
2015-11-27 06:00:00,66.87,10.254999999999995,0.0
2015-11-27 07:00:00,70.65,11.020000000000039,0.0
2015-11-27 08:00:00,71.84,10.53000000000003,0.0
2015-11-27 09:00:00,71.28,12.510000000000048,0.0
2015-11-27 10:00:00,69.05,14.490000000000009,0.0
2015-11-27 11:00:00,69.15,14.990000000000009,0.0
2015-11-27 12:00:00,68.99,15.490000000000009,0.0
2015-11-27 13:00:00,66.81,15.990000000000009,0.0
2015-11-27 14:00:00,63.89,16.49000000000001,0.0
2015-11-27 15:00:00,64.04,15.490000000000009,0.0
2015-11-27 16:00:00,74.74,14.490000000000009,0.0
2015-11-27 17:00:00,78.93,13.450000000000045,0.0
2015-11-27 18:00:00,76.74,12.410000000000025,0.0
2015-11-27 19:00:00,72.01,11.980000000000018,0.0
2015-11-27 20:00:00,70.56,7.968500000000006,0.0
2015-11-27 21:00:00,60.27,10.490000000000009,0.0
2015-11-27 22:00:00,54.16,5.723500000000001,0.0
2015-11-27 23:00:00,54.87,7.490000000000009,0.0
2015-11-28 00:00:00,51.91,6.490000000000009,0.0
2015-11-28 01:00:00,47.69,5.490000000000009,0.0
2015-11-28 02:00:00,41.02,4.7450000000000045,0.0
2015-11-28 03:00:00,38.83,4.0,0.0
2015-11-28 04:00:00,39.23,3.2450000000000045,0.0
2015-11-28 05:00:00,44.49,2.490000000000009,0.0
2015-11-28 06:00:00,48.34,1.990000000000009,0.0
2015-11-28 07:00:00,50.14,1.490000000000009,0.0
2015-11-28 08:00:00,52.82,1.420000000000016,0.0
2015-11-28 09:00:00,56.32,6.0,0.0
2015-11-28 10:00:00,53.52,9.245000000000005,0.0
2015-11-28 11:00:00,53.52,12.490000000000009,0.0
2015-11-28 12:00:00,54.85,14.245000000000005,0.0
2015-11-28 13:00:00,54.37,16.0,0.0
2015-11-28 14:00:00,52.53,14.865000000000009,0.0
2015-11-28 15:00:00,52.41,16.49000000000001,0.0
2015-11-28 16:00:00,59.07,13.110000000000014,0.0
2015-11-28 17:00:00,69.44,12.490000000000009,0.0
2015-11-28 18:00:00,71.52,10.480000000000018,0.0
2015-11-28 19:00:00,71.49,8.470000000000027,0.0
2015-11-28 20:00:00,71.44,7.82000000000005,0.0
2015-11-28 21:00:00,68.89,6.0,0.0
2015-11-28 22:00:00,66.48,5.235000000000014,0.0
2015-11-28 23:00:00,58.31,4.470000000000027,0.0
2015-11-29 00:00:00,54.07,3.2250000000000227,0.0
2015-11-29 01:00:00,52.02,1.9800000000000182,0.0
2015-11-29 02:00:00,51.48,0.04150000000004184,0.0
2015-11-29 03:00:00,49.99,0.4900000000000091,0.0
2015-11-29 04:00:00,50.73,-1.7034999999999627,0.0
2015-11-29 05:00:00,52.73,-1.509999999999991,0.0
2015-11-29 06:00:00,52.97,-1.509999999999991,0.0
2015-11-29 07:00:00,52.59,-1.509999999999991,0.0
2015-11-29 08:00:00,54.82,-1.579999999999984,0.0
2015-11-29 09:00:00,55.23,1.5100000000000477,0.0
2015-11-29 10:00:00,54.48,4.510000000000048,0.0
2015-11-29 11:00:00,54.64,7.510000000000048,0.0
2015-11-29 12:00:00,55.96,9.765000000000043,0.0
2015-11-29 13:00:00,55.58,12.020000000000039,0.0
2015-11-29 14:00:00,54.19,12.214000000000112,0.0
2015-11-29 15:00:00,54.85,13.510000000000048,0.0
2015-11-29 16:00:00,62.54,10.449000000000012,0.0
2015-11-29 17:00:00,73.27,8.490000000000009,0.0
2015-11-29 18:00:00,75.7,6.980000000000018,0.0
2015-11-29 19:00:00,75.77,5.470000000000027,0.0
2015-11-29 20:00:00,75.56,4.410000000000025,0.0
2015-11-29 21:00:00,71.69,2.980000000000018,0.0
2015-11-29 22:00:00,66.91,1.7350000000000136,0.0
2015-11-29 23:00:00,63.75,0.4900000000000091,0.0
2015-11-30 00:00:00,54.71,0.24500000000000455,0.0
2015-11-30 01:00:00,52.72,0.0,0.0
2015-11-30 02:00:00,52.61,-1.4279999999999973,0.0
2015-11-30 03:00:00,52.85,-1.509999999999991,0.0
2015-11-30 04:00:00,53.84,-2.4279999999999973,0.0
2015-11-30 05:00:00,59.08,-2.0,0.0
2015-11-30 06:00:00,69.93,-2.5,0.0
2015-11-30 07:00:00,71.43,-3.0,0.0
2015-11-30 08:00:00,72.18,-1.0,0.0
2015-11-30 09:00:00,72.17,1.0,0.0
2015-11-30 10:00:00,70.78,5.265000000000043,0.0
2015-11-30 11:00:00,70.97,9.53000000000003,0.0
2015-11-30 12:00:00,71.12,12.275000000000034,0.0
2015-11-30 13:00:00,69.85,15.020000000000039,0.0
2015-11-30 14:00:00,70.75,15.765000000000043,0.0
2015-11-30 15:00:00,71.46,16.510000000000048,0.0
2015-11-30 16:00:00,75.73,13.490000000000009,0.0
2015-11-30 17:00:00,83.89,10.470000000000027,0.0
2015-11-30 18:00:00,85.82,8.225000000000023,0.0
2015-11-30 19:00:00,85.21,5.980000000000018,0.0
2015-11-30 20:00:00,82.16,2.962000000000046,0.0
2015-11-30 21:00:00,74.58,2.490000000000009,0.0
2015-11-30 22:00:00,71.66,-0.027999999999963165,0.0
2015-11-30 23:00:00,72.63,0.0,0.0
2015-12-01 00:00:00,68.21,-0.7549999999999955,0.0
2015-12-01 01:00:00,63.75,-1.509999999999991,0.0
2015-12-01 02:00:00,61.69,-1.9224999999999568,0.0
2015-12-01 03:00:00,61.42,-3.0,0.0
2015-12-01 04:00:00,63.59,-2.6674999999999613,0.0
2015-12-01 05:00:00,69.25,-3.0,0.0
2015-12-01 06:00:00,75.32,-3.2549999999999955,0.0
2015-12-01 07:00:00,77.19,-3.509999999999991,0.0
2015-12-01 08:00:00,78.24,-1.7549999999999955,0.0
2015-12-01 09:00:00,80.11,0.0,0.0
2015-12-01 10:00:00,78.18,3.7549999999999955,0.0
2015-12-01 11:00:00,77.0,7.510000000000048,0.0
2015-12-01 12:00:00,74.37,10.765000000000043,0.0
2015-12-01 13:00:00,72.74,14.020000000000039,0.0
2015-12-01 14:00:00,72.57,15.254999999999995,0.0
2015-12-01 15:00:00,73.03,16.49000000000001,0.0
2015-12-01 16:00:00,75.33,13.980000000000018,0.0
2015-12-01 17:00:00,82.87,11.470000000000027,0.0
2015-12-01 18:00:00,84.8,8.970000000000027,0.0
2015-12-01 19:00:00,84.23,6.470000000000027,0.0
2015-12-01 20:00:00,79.11,5.480000000000018,0.0
2015-12-01 21:00:00,74.3,4.490000000000009,0.0
2015-12-01 22:00:00,72.41,3.5,0.0
2015-12-01 23:00:00,74.59,2.5100000000000477,0.0
2015-12-02 00:00:00,68.41,2.2549999999999955,0.0
2015-12-02 01:00:00,60.95,2.0,0.0
2015-12-02 02:00:00,56.28,1.5,0.0
2015-12-02 03:00:00,55.92,1.0,0.0
2015-12-02 04:00:00,56.02,0.25499999999999545,0.0
2015-12-02 05:00:00,66.73,-0.48999999999995225,0.0
2015-12-02 06:00:00,73.19,-0.7450000000000045,0.0
2015-12-02 07:00:00,77.87,-1.0,0.0
2015-12-02 08:00:00,80.44,0.5,0.0
2015-12-02 09:00:00,81.56,2.0,0.0
2015-12-02 10:00:00,80.07,5.2549999999999955,0.0
2015-12-02 11:00:00,79.59,8.510000000000048,0.0
2015-12-02 12:00:00,76.17,10.754999999999995,0.0
2015-12-02 13:00:00,74.53,13.0,0.0
2015-12-02 14:00:00,74.26,14.0,0.0
2015-12-02 15:00:00,74.88,15.0,0.0
2015-12-02 16:00:00,81.86,13.0,0.0
2015-12-02 17:00:00,92.0,11.0,0.0
2015-12-02 18:00:00,90.21,8.245000000000005,0.0
2015-12-02 19:00:00,89.85,5.490000000000009,0.0
2015-12-02 20:00:00,83.9,3.549000000000035,0.0
2015-12-02 21:00:00,76.27,4.0,0.0
2015-12-02 22:00:00,74.32,2.049000000000035,0.0
2015-12-02 23:00:00,69.7,2.490000000000009,0.0
2015-12-03 00:00:00,59.61,1.7450000000000045,0.0
2015-12-03 01:00:00,57.05,1.0,0.0
2015-12-03 02:00:00,54.92,0.3160000000000309,0.0
2015-12-03 03:00:00,55.18,0.4900000000000091,0.0
2015-12-03 04:00:00,55.06,-0.43899999999996453,0.0
2015-12-03 05:00:00,58.89,-0.5099999999999909,0.0
2015-12-03 06:00:00,70.39,-0.5099999999999909,0.0
2015-12-03 07:00:00,73.98,-0.5874999999999773,0.0
2015-12-03 08:00:00,73.77,0.0,0.0
2015-12-03 09:00:00,75.44,3.2549999999999955,0.0
2015-12-03 10:00:00,73.5,6.510000000000048,0.0
2015-12-03 11:00:00,73.59,9.765000000000043,0.0
2015-12-03 12:00:00,70.26,13.020000000000039,0.0
2015-12-03 13:00:00,68.46,13.480687500000045,0.0
2015-12-03 14:00:00,68.67,13.941343750000044,0.0
2015-12-03 15:00:00,70.18,16.0,0.0
2015-12-03 16:00:00,74.87,16.0,0.0
2015-12-03 17:00:00,82.44,13.140000000000043,0.0
2015-12-03 18:00:00,84.16,10.28000000000003,0.0
2015-12-03 19:00:00,84.78,8.629999999999995,0.0
2015-12-03 20:00:00,80.34,6.980000000000018,0.0
2015-12-03 21:00:00,74.0,5.98665625000001,0.0
2015-12-03 22:00:00,71.35,3.0640000000000214,0.0
2015-12-03 23:00:00,69.04,4.0,0.0
2015-12-04 00:00:00,61.93,3.490000000000009,0.0
2015-12-04 01:00:00,59.44,1.22950000000003,0.0
2015-12-04 02:00:00,59.33,2.0,0.0
2015-12-04 03:00:00,58.64,2.0,0.0
2015-12-04 04:00:00,59.6,2.0,0.0
2015-12-04 05:00:00,63.91,1.0290000000000532,0.0
2015-12-04 06:00:00,71.01,1.5900000000000318,0.0
2015-12-04 07:00:00,73.93,1.0,0.0
2015-12-04 08:00:00,76.64,2.500500000000045,0.0
2015-12-04 09:00:00,78.05,4.510000000000048,0.0
2015-12-04 10:00:00,75.42,7.2555000000000405,0.0
2015-12-04 11:00:00,74.75,10.510000000000048,0.0
2015-12-04 12:00:00,72.89,13.010000000000048,0.0
2015-12-04 13:00:00,71.59,15.510000000000048,0.0
2015-12-04 14:00:00,73.01,15.51900000000012,0.0
2015-12-04 15:00:00,73.75,17.0,0.0
2015-12-04 16:00:00,76.94,13.76400000000001,0.0
2015-12-04 17:00:00,85.72,12.0,0.0
2015-12-04 18:00:00,86.87,11.245000000000005,0.0
2015-12-04 19:00:00,86.8,10.490000000000009,0.0
2015-12-04 20:00:00,80.57,9.490000000000009,0.0
2015-12-04 21:00:00,76.24,8.990000000000009,0.0
2015-12-04 22:00:00,72.82,8.490000000000009,0.0
2015-12-04 23:00:00,73.04,7.177000000000021,0.0
2015-12-05 00:00:00,68.56,7.0,0.0
2015-12-05 01:00:00,64.28,5.432000000000016,0.0
2015-12-05 02:00:00,60.62,5.0,0.0
2015-12-05 03:00:00,57.81,4.7549999999999955,0.0
2015-12-05 04:00:00,57.48,4.510000000000048,0.0
2015-12-05 05:00:00,57.68,3.867500000000007,0.0
2015-12-05 06:00:00,62.96,3.0,0.0
2015-12-05 07:00:00,65.68,2.0,0.0
2015-12-05 08:00:00,68.78,3.9190000000000396,0.0
2015-12-05 09:00:00,68.39,5.510000000000048,0.0
2015-12-05 10:00:00,67.84,9.174000000000035,0.0
2015-12-05 11:00:00,67.9,12.510000000000048,0.0
2015-12-05 12:00:00,67.52,14.254999999999995,0.0
2015-12-05 13:00:00,65.33,16.0,0.0
2015-12-05 14:00:00,63.47,17.0,0.0
2015-12-05 15:00:00,65.01,18.0,0.0
2015-12-05 16:00:00,68.78,15.235000000000014,0.0
2015-12-05 17:00:00,75.19,12.470000000000027,0.0
2015-12-05 18:00:00,81.6,10.725000000000023,0.0
2015-12-05 19:00:00,81.83,8.980000000000018,0.0
2015-12-05 20:00:00,79.8,7.735000000000014,0.0
2015-12-05 21:00:00,69.39,6.490000000000009,0.0
2015-12-05 22:00:00,67.64,5.490000000000009,0.0
2015-12-05 23:00:00,58.84,4.490000000000009,0.0
2015-12-06 00:00:00,57.0,3.990000000000009,0.0
2015-12-06 01:00:00,53.58,3.490000000000009,0.0
2015-12-06 02:00:00,53.22,3.8125,0.0
2015-12-06 03:00:00,53.2,3.0,0.0
2015-12-06 04:00:00,53.64,3.0674999999999955,0.0
2015-12-06 05:00:00,53.67,2.0,0.0
2015-12-06 06:00:00,56.23,1.0,0.0
2015-12-06 07:00:00,57.42,1.2450000000000045,0.0
2015-12-06 08:00:00,58.27,1.490000000000009,0.0
2015-12-06 09:00:00,57.42,4.5,0.0
2015-12-06 10:00:00,56.7,7.510000000000048,0.0
2015-12-06 11:00:00,56.24,10.661000000000001,0.0
2015-12-06 12:00:00,56.19,14.510000000000048,0.0
2015-12-06 13:00:00,56.07,15.661000000000001,0.0
2015-12-06 14:00:00,55.87,17.510000000000048,0.0
2015-12-06 15:00:00,55.65,17.010000000000048,0.0
2015-12-06 16:00:00,57.37,16.510000000000048,0.0
2015-12-06 17:00:00,69.93,13.0,0.0
2015-12-06 18:00:00,71.29,9.490000000000009,0.0
2015-12-06 19:00:00,71.81,7.990000000000009,0.0
2015-12-06 20:00:00,70.87,6.490000000000009,0.0
2015-12-06 21:00:00,65.5,5.990000000000009,0.0
2015-12-06 22:00:00,56.28,5.490000000000009,0.0
2015-12-06 23:00:00,52.7,4.490000000000009,0.0
2015-12-07 00:00:00,48.31,3.490000000000009,0.0
2015-12-07 01:00:00,39.7,3.2450000000000045,0.0
2015-12-07 02:00:00,37.55,3.0,0.0
2015-12-07 03:00:00,37.21,2.5,0.0
2015-12-07 04:00:00,38.04,2.0,0.0
2015-12-07 05:00:00,50.26,2.410000000000025,0.0
2015-12-07 06:00:00,57.26,2.82000000000005,0.0
2015-12-07 07:00:00,61.02,3.0,0.0
2015-12-07 08:00:00,60.6,3.0,0.0
2015-12-07 09:00:00,64.78,4.5,0.0
2015-12-07 10:00:00,60.41,6.0,0.0
2015-12-07 11:00:00,60.27,7.335000000000036,0.0
2015-12-07 12:00:00,58.84,8.670000000000016,0.0
2015-12-07 13:00:00,58.33,9.835000000000036,0.0
2015-12-07 14:00:00,57.91,11.0,0.0
2015-12-07 15:00:00,58.21,11.0,0.0
2015-12-07 16:00:00,62.93,11.0,0.0
2015-12-07 17:00:00,71.9,10.0,0.0
2015-12-07 18:00:00,74.17,9.0,0.0
2015-12-07 19:00:00,73.94,8.745000000000005,0.0
2015-12-07 20:00:00,71.81,8.490000000000009,0.0
2015-12-07 21:00:00,64.26,8.490000000000009,0.0
2015-12-07 22:00:00,57.4,8.490000000000009,0.0
2015-12-07 23:00:00,56.21,6.4495000000000005,0.0
2015-12-08 00:00:00,51.4,6.490000000000009,0.0
2015-12-08 01:00:00,49.94,4.9495000000000005,0.0
2015-12-08 02:00:00,50.36,5.490000000000009,0.0
2015-12-08 03:00:00,50.13,5.235000000000014,0.0
2015-12-08 04:00:00,51.67,4.980000000000018,0.0
2015-12-08 05:00:00,55.2,3.004000000000019,0.0
2015-12-08 06:00:00,58.25,4.490000000000009,0.0
2015-12-08 07:00:00,58.92,5.0,0.0
2015-12-08 08:00:00,62.53,4.643000000000029,0.0
2015-12-08 09:00:00,66.58,6.0,0.0
2015-12-08 10:00:00,67.18,7.388000000000034,0.0
2015-12-08 11:00:00,65.37,10.490000000000009,0.0
2015-12-08 12:00:00,67.06,12.0,0.0
2015-12-08 13:00:00,64.21,13.510000000000048,0.0
2015-12-08 14:00:00,61.1,13.5,0.0
2015-12-08 15:00:00,60.32,13.490000000000009,0.0
2015-12-08 16:00:00,68.21,12.245000000000005,0.0
2015-12-08 17:00:00,74.66,11.0,0.0
2015-12-08 18:00:00,75.67,10.245000000000005,0.0
2015-12-08 19:00:00,76.94,9.490000000000009,0.0
2015-12-08 20:00:00,75.05,9.490000000000009,0.0
2015-12-08 21:00:00,71.28,9.490000000000009,0.0
2015-12-08 22:00:00,68.11,8.245000000000005,0.0
2015-12-08 23:00:00,64.68,7.0,0.0
2015-12-09 00:00:00,56.83,6.2450000000000045,0.0
2015-12-09 01:00:00,54.06,5.490000000000009,0.0
2015-12-09 02:00:00,51.34,4.094000000000051,0.0
2015-12-09 03:00:00,50.09,4.490000000000009,0.0
2015-12-09 04:00:00,50.69,3.604000000000042,0.0
2015-12-09 05:00:00,55.92,4.510000000000048,0.0
2015-12-09 06:00:00,69.79,3.765000000000043,0.0
2015-12-09 07:00:00,73.27,3.0200000000000387,0.0
2015-12-09 08:00:00,74.13,3.590000000000032,0.0
2015-12-09 09:00:00,75.62,6.020000000000039,0.0
2015-12-09 10:00:00,75.09,8.640000000000043,0.0
2015-12-09 11:00:00,74.81,12.0,0.0
2015-12-09 12:00:00,72.55,13.5,0.0
2015-12-09 13:00:00,71.52,15.0,0.0
2015-12-09 14:00:00,71.19,15.254999999999995,0.0
2015-12-09 15:00:00,72.61,15.510000000000048,0.0
2015-12-09 16:00:00,76.44,13.0,0.0
2015-12-09 17:00:00,85.65,10.490000000000009,0.0
2015-12-09 18:00:00,81.6,9.245000000000005,0.0
2015-12-09 19:00:00,81.56,8.0,0.0
2015-12-09 20:00:00,76.65,8.448000000000036,0.0
2015-12-09 21:00:00,70.91,7.0,0.0
2015-12-09 22:00:00,67.32,7.979656250000005,0.0
2015-12-09 23:00:00,69.02,7.063343750000001,0.0
2015-12-10 00:00:00,60.68,6.0,0.0
2015-12-10 01:00:00,56.36,6.490000000000009,0.0
2015-12-10 02:00:00,55.7,5.144000000000062,0.0
2015-12-10 03:00:00,55.17,6.0,0.0
2015-12-10 04:00:00,55.41,4.144000000000062,0.0
2015-12-10 05:00:00,63.07,4.490000000000009,0.0
2015-12-10 06:00:00,74.04,3.990000000000009,0.0
2015-12-10 07:00:00,77.99,3.490000000000009,0.0
2015-12-10 08:00:00,76.21,4.8770000000000095,0.0
2015-12-10 09:00:00,78.83,5.490000000000009,0.0
2015-12-10 10:00:00,78.03,8.887000000000114,0.0
2015-12-10 11:00:00,77.03,11.510000000000048,0.0
2015-12-10 12:00:00,74.38,12.754999999999995,0.0
2015-12-10 13:00:00,73.29,14.0,0.0
2015-12-10 14:00:00,73.22,13.254500000000007,0.0
2015-12-10 15:00:00,74.16,14.0,0.0
2015-12-10 16:00:00,76.74,11.254500000000007,0.0
2015-12-10 17:00:00,84.17,10.0,0.0
2015-12-10 18:00:00,83.54,8.990000000000009,0.0
2015-12-10 19:00:00,83.21,7.980000000000018,0.0
2015-12-10 20:00:00,79.26,8.747000000000014,0.0
2015-12-10 21:00:00,74.4,5.490000000000009,0.0
2015-12-10 22:00:00,69.86,7.257000000000005,0.0
2015-12-10 23:00:00,68.95,5.0,0.0
2015-12-11 00:00:00,59.87,5.0,0.0
2015-12-11 01:00:00,55.54,5.0,0.0
2015-12-11 02:00:00,55.03,4.7450000000000045,0.0
2015-12-11 03:00:00,54.59,4.490000000000009,0.0
2015-12-11 04:00:00,55.21,4.7450000000000045,0.0
2015-12-11 05:00:00,60.33,5.0,0.0
2015-12-11 06:00:00,70.5,5.5,0.0
2015-12-11 07:00:00,77.52,6.0,0.0
2015-12-11 08:00:00,77.22,5.468500000000006,0.0
2015-12-11 09:00:00,79.09,5.490000000000009,0.0
2015-12-11 10:00:00,77.58,7.968500000000006,0.0
2015-12-11 11:00:00,76.26,11.0,0.0
2015-12-11 12:00:00,74.27,12.5,0.0
2015-12-11 13:00:00,72.25,14.0,0.0
2015-12-11 14:00:00,70.85,14.0,0.0
2015-12-11 15:00:00,72.34,14.0,0.0
2015-12-11 16:00:00,75.96,13.5,0.0
2015-12-11 17:00:00,81.48,13.0,0.0
2015-12-11 18:00:00,81.34,12.245000000000005,0.0
2015-12-11 19:00:00,80.76,11.490000000000009,0.0
2015-12-11 20:00:00,77.71,11.0,0.0
2015-12-11 21:00:00,71.62,10.0,0.0
2015-12-11 22:00:00,65.78,10.0,0.0
2015-12-11 23:00:00,70.16,10.0,0.0
2015-12-12 00:00:00,67.21,9.5,0.0
2015-12-12 01:00:00,57.07,9.0,0.0
2015-12-12 02:00:00,56.32,8.754999999999995,0.0
2015-12-12 03:00:00,55.85,8.510000000000048,0.0
2015-12-12 04:00:00,55.57,8.265000000000043,0.0
2015-12-12 05:00:00,55.72,8.020000000000039,0.0
2015-12-12 06:00:00,57.7,8.510000000000048,0.0
2015-12-12 07:00:00,66.22,8.510000000000048,0.0
2015-12-12 08:00:00,68.43,8.510000000000048,0.0
2015-12-12 09:00:00,71.44,9.510000000000048,0.0
2015-12-12 10:00:00,71.61,10.510000000000048,0.0
2015-12-12 11:00:00,71.42,9.628500000000031,0.0
2015-12-12 12:00:00,69.99,11.0,0.0
2015-12-12 13:00:00,70.12,10.373500000000035,0.0
2015-12-12 14:00:00,69.03,12.0,0.0
2015-12-12 15:00:00,68.69,12.0,0.0
2015-12-12 16:00:00,70.55,12.0,0.0
2015-12-12 17:00:00,77.08,8.69500000000005,0.0
2015-12-12 18:00:00,77.33,10.0,0.0
2015-12-12 19:00:00,77.09,10.0,0.0
2015-12-12 20:00:00,76.02,9.745000000000005,0.0
2015-12-12 21:00:00,69.24,9.490000000000009,0.0
2015-12-12 22:00:00,66.59,8.745000000000005,0.0
2015-12-12 23:00:00,65.67,8.0,0.0
2015-12-13 00:00:00,56.33,7.7450000000000045,0.0
2015-12-13 01:00:00,54.62,7.490000000000009,0.0
2015-12-13 02:00:00,54.2,4.794500000000028,0.0
2015-12-13 03:00:00,53.26,5.0,0.0
2015-12-13 04:00:00,52.99,3.049500000000023,0.0
2015-12-13 05:00:00,52.62,4.0,0.0
2015-12-13 06:00:00,52.59,3.0,0.0
2015-12-13 07:00:00,53.47,2.0,0.0
2015-12-13 08:00:00,54.79,2.0,0.0
2015-12-13 09:00:00,57.49,4.0,0.0
2015-12-13 10:00:00,57.85,6.311500000000024,0.0
2015-12-13 11:00:00,56.27,7.510000000000048,0.0
2015-12-13 12:00:00,56.01,9.510000000000048,0.0
2015-12-13 13:00:00,55.17,11.510000000000048,0.0
2015-12-13 14:00:00,53.12,12.254999999999995,0.0
2015-12-13 15:00:00,53.11,13.0,0.0
2015-12-13 16:00:00,53.28,12.0,0.0
2015-12-13 17:00:00,62.02,11.0,0.0
2015-12-13 18:00:00,64.89,10.0,0.0
2015-12-13 19:00:00,64.92,6.980000000000018,0.0
2015-12-13 20:00:00,64.7,6.830000000000041,0.0
2015-12-13 21:00:00,53.87,6.980000000000018,0.0
2015-12-13 22:00:00,50.62,6.6270000000000095,0.0
2015-12-13 23:00:00,47.59,7.0,0.0
2015-12-14 00:00:00,41.41,7.2450000000000045,0.0
2015-12-14 01:00:00,39.66,7.490000000000009,0.0
2015-12-14 02:00:00,37.98,6.842000000000041,0.0
2015-12-14 03:00:00,36.96,7.0,0.0
2015-12-14 04:00:00,39.2,6.597000000000037,0.0
2015-12-14 05:00:00,50.68,7.0,0.0
2015-12-14 06:00:00,60.39,7.0,0.0
2015-12-14 07:00:00,64.96,5.977000000000032,0.0
2015-12-14 08:00:00,67.91,6.980000000000018,0.0
2015-12-14 09:00:00,72.51,7.990000000000009,0.0
2015-12-14 10:00:00,70.81,9.0,0.0
2015-12-14 11:00:00,69.95,10.245000000000005,0.0
2015-12-14 12:00:00,67.68,11.490000000000009,0.0
2015-12-14 13:00:00,65.0,12.990000000000009,0.0
2015-12-14 14:00:00,64.69,14.490000000000009,0.0
2015-12-14 15:00:00,66.68,13.990000000000009,0.0
2015-12-14 16:00:00,72.47,13.490000000000009,0.0
2015-12-14 17:00:00,81.78,12.474000000000046,0.0
2015-12-14 18:00:00,80.75,10.460000000000036,0.0
2015-12-14 19:00:00,80.33,10.709000000000117,0.0
2015-12-14 20:00:00,73.68,9.960000000000036,0.0
2015-12-14 21:00:00,64.74,9.640000000000043,0.0
2015-12-14 22:00:00,55.18,9.960000000000036,0.0
2015-12-14 23:00:00,49.99,8.409500000000037,0.0
2015-12-15 00:00:00,47.48,9.490000000000009,0.0
2015-12-15 01:00:00,43.86,8.174500000000023,0.0
2015-12-15 02:00:00,38.82,9.490000000000009,0.0
2015-12-15 03:00:00,37.26,8.990000000000009,0.0
2015-12-15 04:00:00,42.41,8.490000000000009,0.0
2015-12-15 05:00:00,49.37,5.711000000000013,0.0
2015-12-15 06:00:00,56.71,7.82000000000005,0.0
2015-12-15 07:00:00,63.55,7.0,0.0
2015-12-15 08:00:00,66.34,7.2450000000000045,0.0
2015-12-15 09:00:00,68.71,7.490000000000009,0.0
2015-12-15 10:00:00,66.44,9.745000000000005,0.0
2015-12-15 11:00:00,66.61,12.0,0.0
2015-12-15 12:00:00,61.09,13.0,0.0
2015-12-15 13:00:00,58.2,14.0,0.0
2015-12-15 14:00:00,58.5,15.0,0.0
2015-12-15 15:00:00,59.63,16.0,0.0
2015-12-15 16:00:00,66.05,14.52665625000003,0.0
2015-12-15 17:00:00,74.23,13.05334375000001,0.0
2015-12-15 18:00:00,74.5,11.580000000000041,0.0
2015-12-15 19:00:00,75.06,10.490000000000009,0.0
2015-12-15 20:00:00,72.84,9.400000000000034,0.0
2015-12-15 21:00:00,65.43,8.0,0.0
2015-12-15 22:00:00,55.66,6.490000000000009,0.0
2015-12-15 23:00:00,52.54,5.7450000000000045,0.0
2015-12-16 00:00:00,49.36,5.0,0.0
2015-12-16 01:00:00,46.61,4.5,0.0
2015-12-16 02:00:00,46.92,4.0,0.0
2015-12-16 03:00:00,47.64,3.5,0.0
2015-12-16 04:00:00,47.82,3.0,0.0
2015-12-16 05:00:00,49.79,2.7450000000000045,0.0
2015-12-16 06:00:00,63.68,2.490000000000009,0.0
2015-12-16 07:00:00,70.45,2.490000000000009,0.0
2015-12-16 08:00:00,71.6,2.9435000000000286,0.0
2015-12-16 09:00:00,74.62,4.510000000000048,0.0
2015-12-16 10:00:00,72.92,6.698500000000024,0.0
2015-12-16 11:00:00,71.9,10.0,0.0
2015-12-16 12:00:00,69.9,12.5,0.0
2015-12-16 13:00:00,68.44,15.0,0.0
2015-12-16 14:00:00,69.49,15.20700000000005,0.0
2015-12-16 15:00:00,70.64,15.510000000000048,0.0
2015-12-16 16:00:00,72.27,12.942000000000007,0.0
2015-12-16 17:00:00,77.94,10.470000000000027,0.0
2015-12-16 18:00:00,77.94,9.725000000000023,0.0
2015-12-16 19:00:00,77.78,8.980000000000018,0.0
2015-12-16 20:00:00,73.32,8.410000000000025,0.0
2015-12-16 21:00:00,67.02,6.980000000000018,0.0
2015-12-16 22:00:00,61.33,6.235000000000014,0.0
2015-12-16 23:00:00,54.89,5.490000000000009,0.0
2015-12-17 00:00:00,51.03,5.2450000000000045,0.0
2015-12-17 01:00:00,46.95,5.0,0.0
2015-12-17 02:00:00,45.73,3.614500000000021,0.0
2015-12-17 03:00:00,46.14,4.0,0.0
2015-12-17 04:00:00,46.28,2.3595000000000255,0.0
2015-12-17 05:00:00,50.46,2.490000000000009,0.0
2015-12-17 06:00:00,62.03,1.990000000000009,0.0
2015-12-17 07:00:00,68.86,1.490000000000009,0.0
2015-12-17 08:00:00,71.48,2.2450000000000045,0.0
2015-12-17 09:00:00,73.25,3.0,0.0
2015-12-17 10:00:00,72.37,5.7549999999999955,0.0
2015-12-17 11:00:00,70.65,8.510000000000048,0.0
2015-12-17 12:00:00,68.81,11.010000000000048,0.0
2015-12-17 13:00:00,68.13,13.510000000000048,0.0
2015-12-17 14:00:00,68.31,14.754999999999995,0.0
2015-12-17 15:00:00,69.67,16.0,0.0
2015-12-17 16:00:00,71.57,16.0,0.0
2015-12-17 17:00:00,77.13,10.490000000000009,0.0
2015-12-17 18:00:00,77.58,8.980000000000018,0.0
2015-12-17 19:00:00,78.72,8.235000000000014,0.0
2015-12-17 20:00:00,74.28,7.490000000000009,0.0
2015-12-17 21:00:00,68.8,6.490000000000009,0.0
2015-12-17 22:00:00,61.45,5.490000000000009,0.0
2015-12-17 23:00:00,55.09,3.4915000000000305,0.0
2015-12-18 00:00:00,51.56,4.490000000000009,0.0
2015-12-18 01:00:00,47.42,2.4915000000000305,0.0
2015-12-18 02:00:00,47.55,3.490000000000009,0.0
2015-12-18 03:00:00,47.56,3.2450000000000045,0.0
2015-12-18 04:00:00,48.6,3.0,0.0
2015-12-18 05:00:00,51.94,1.5620000000000118,0.0
2015-12-18 06:00:00,65.37,3.0,0.0
2015-12-18 07:00:00,70.92,3.5100000000000477,0.0
2015-12-18 08:00:00,71.78,4.2549999999999955,0.0
2015-12-18 09:00:00,74.09,5.0,0.0
2015-12-18 10:00:00,73.27,7.5,0.0
2015-12-18 11:00:00,72.58,10.0,0.0
2015-12-18 12:00:00,70.33,12.510000000000048,0.0
2015-12-18 13:00:00,68.66,15.020000000000039,0.0
2015-12-18 14:00:00,67.74,15.275000000000034,0.0
2015-12-18 15:00:00,68.57,15.53000000000003,0.0
2015-12-18 16:00:00,71.72,13.705000000000041,0.0
2015-12-18 17:00:00,75.03,11.879999999999995,0.0
2015-12-18 18:00:00,74.51,11.100000000000023,0.0
2015-12-18 19:00:00,74.17,10.32000000000005,0.0
2015-12-18 20:00:00,71.49,8.960000000000036,0.0
2015-12-18 21:00:00,64.81,7.560000000000002,0.0
2015-12-18 22:00:00,56.02,6.160000000000025,0.0
2015-12-18 23:00:00,55.29,5.580000000000041,0.0
2015-12-19 00:00:00,53.28,5.0,0.0
2015-12-19 01:00:00,51.64,4.480000000000018,0.0
2015-12-19 02:00:00,50.22,3.9600000000000364,0.0
2015-12-19 03:00:00,47.96,3.080000000000041,0.0
2015-12-19 04:00:00,47.78,2.2000000000000455,0.0
2015-12-19 05:00:00,48.86,1.8700000000000045,0.0
2015-12-19 06:00:00,50.82,1.5400000000000205,0.0
2015-12-19 07:00:00,53.11,1.160000000000025,0.0
2015-12-19 08:00:00,55.94,1.160000000000025,0.0
2015-12-19 09:00:00,63.08,2.920000000000016,0.0
2015-12-19 10:00:00,56.35,6.300000000000011,0.0
2015-12-19 11:00:00,54.26,9.680000000000007,0.0
2015-12-19 12:00:00,53.86,12.270000000000039,0.0
2015-12-19 13:00:00,52.71,14.860000000000014,0.0
2015-12-19 14:00:00,51.64,15.015500000000031,0.0
2015-12-19 15:00:00,51.51,16.02000000000004,0.0
2015-12-19 16:00:00,54.33,16.05000000000001,0.0
2015-12-19 17:00:00,65.99,11.100000000000023,0.0
2015-12-19 18:00:00,68.6,9.760000000000048,0.0
2015-12-19 19:00:00,68.51,6.85450000000003,0.0
2015-12-19 20:00:00,68.75,7.2000000000000455,0.0
2015-12-19 21:00:00,61.76,6.260000000000048,0.0
2015-12-19 22:00:00,54.02,5.32000000000005,0.0
2015-12-19 23:00:00,48.47,4.640000000000043,0.0
2015-12-20 00:00:00,43.53,3.9600000000000364,0.0
2015-12-20 01:00:00,31.67,3.6000000000000227,0.0
2015-12-20 02:00:00,27.84,3.240000000000009,0.0
2015-12-20 03:00:00,27.45,2.400000000000034,0.0
2015-12-20 04:00:00,30.05,1.5600000000000023,0.0
2015-12-20 05:00:00,42.79,0.7845000000000368,0.0
2015-12-20 06:00:00,44.74,1.5300000000000296,0.0
2015-12-20 07:00:00,49.11,1.8799999999999955,0.0
2015-12-20 08:00:00,55.85,1.8799999999999955,0.0
2015-12-20 09:00:00,61.8,4.740000000000009,0.0
2015-12-20 10:00:00,63.96,7.600000000000023,0.0
2015-12-20 11:00:00,63.28,7.930000000000007,0.0
2015-12-20 12:00:00,63.32,14.360000000000014,0.0
2015-12-20 13:00:00,63.5,15.0,0.0
2015-12-20 14:00:00,55.93,15.840000000000032,0.0
2015-12-20 15:00:00,57.82,14.900000000000034,0.0
2015-12-20 16:00:00,65.36,13.960000000000036,0.0
2015-12-20 17:00:00,74.1,13.660000000000025,0.0
2015-12-20 18:00:00,74.64,11.54000000000002,0.0
2015-12-20 19:00:00,78.19,11.140000000000043,0.0
2015-12-20 20:00:00,78.94,7.736500000000035,0.0
2015-12-20 21:00:00,73.83,7.520000000000039,0.0
2015-12-20 22:00:00,70.64,5.766500000000008,0.0
2015-12-20 23:00:00,56.0,7.2000000000000455,0.0
2015-12-21 00:00:00,54.6,7.2000000000000455,0.0
2015-12-21 01:00:00,52.77,7.2000000000000455,0.0
2015-12-21 02:00:00,50.45,3.6020000000000323,0.0
2015-12-21 03:00:00,50.44,5.840000000000032,0.0
2015-12-21 04:00:00,51.43,1.622000000000014,0.0
2015-12-21 05:00:00,56.43,3.240000000000009,0.0
2015-12-21 06:00:00,67.15,2.920000000000016,0.0
2015-12-21 07:00:00,71.33,0.6355000000000359,0.0
2015-12-21 08:00:00,72.46,1.4800000000000182,0.0
2015-12-21 09:00:00,74.86,3.82000000000005,0.0
2015-12-21 10:00:00,74.46,6.160000000000025,0.0
2015-12-21 11:00:00,72.47,7.207500000000039,0.0
2015-12-21 12:00:00,69.29,11.560000000000002,0.0
2015-12-21 13:00:00,67.08,11.107500000000016,0.0
2015-12-21 14:00:00,64.41,13.960000000000036,0.0
2015-12-21 15:00:00,66.87,14.32000000000005,0.0
2015-12-21 16:00:00,70.93,14.680000000000007,0.0
2015-12-21 17:00:00,77.35,11.625,0.0
2015-12-21 18:00:00,77.53,8.57000000000005,0.0
2015-12-21 19:00:00,76.86,6.160000000000025,0.0
2015-12-21 20:00:00,72.88,3.513500000000022,0.0
2015-12-21 21:00:00,67.29,4.600000000000023,0.0
2015-12-21 22:00:00,60.12,1.8935000000000173,0.0
2015-12-21 23:00:00,55.19,2.920000000000016,0.0
2015-12-22 00:00:00,52.73,2.400000000000034,0.0
2015-12-22 01:00:00,48.06,1.8799999999999955,0.0
2015-12-22 02:00:00,46.8,1.5200000000000387,0.0
2015-12-22 03:00:00,45.76,1.160000000000025,0.0
2015-12-22 04:00:00,46.48,0.5800000000000409,0.0
2015-12-22 05:00:00,52.42,0.0,0.0
2015-12-22 06:00:00,62.74,0.0,0.0
2015-12-22 07:00:00,67.97,0.0,0.0
2015-12-22 08:00:00,69.26,0.4965000000000259,0.0
2015-12-22 09:00:00,72.04,1.8799999999999955,0.0
2015-12-22 10:00:00,70.92,4.816500000000019,0.0
2015-12-22 11:00:00,69.63,8.640000000000043,0.0
2015-12-22 12:00:00,67.51,11.140000000000043,0.0
2015-12-22 13:00:00,64.79,13.640000000000043,0.0
2015-12-22 14:00:00,61.37,14.740000000000009,0.0
2015-12-22 15:00:00,65.07,15.840000000000032,0.0
2015-12-22 16:00:00,69.82,13.189999999999998,0.0
2015-12-22 17:00:00,76.3,10.54000000000002,0.0
2015-12-22 18:00:00,77.83,8.510000000000048,0.0
2015-12-22 19:00:00,77.99,6.480000000000018,0.0
2015-12-22 20:00:00,75.99,6.060000000000002,0.0
2015-12-22 21:00:00,69.44,5.640000000000043,0.0
2015-12-22 22:00:00,66.98,4.600000000000023,0.0
2015-12-22 23:00:00,56.44,3.5600000000000023,0.0
2015-12-23 00:00:00,54.29,2.8799999999999955,0.0
2015-12-23 01:00:00,52.54,2.2000000000000455,0.0
2015-12-23 02:00:00,52.46,0.5800000000000409,0.0
2015-12-23 03:00:00,53.34,0.8500000000000227,0.0
2015-12-23 04:00:00,54.76,-0.5199999999999818,0.0
2015-12-23 05:00:00,63.19,0.0,0.0
2015-12-23 06:00:00,68.3,-0.3599999999999568,0.0
2015-12-23 07:00:00,71.56,-0.7199999999999704,0.0
2015-12-23 08:00:00,71.72,0.16300000000001091,0.0
2015-12-23 09:00:00,74.1,1.8799999999999955,0.0
2015-12-23 10:00:00,72.57,5.163000000000011,0.0
2015-12-23 11:00:00,71.6,9.28000000000003,0.0
2015-12-23 12:00:00,68.99,11.460000000000036,0.0
2015-12-23 13:00:00,68.14,13.640000000000043,0.0
2015-12-23 14:00:00,67.65,14.585000000000036,0.0
2015-12-23 15:00:00,67.84,15.53000000000003,0.0
2015-12-23 16:00:00,69.52,12.925000000000011,0.0
2015-12-23 17:00:00,75.22,10.32000000000005,0.0
2015-12-23 18:00:00,74.69,8.980000000000018,0.0
2015-12-23 19:00:00,74.06,7.640000000000043,0.0
2015-12-23 20:00:00,71.06,4.635000000000048,0.0
2015-12-23 21:00:00,65.23,6.160000000000025,0.0
2015-12-23 22:00:00,56.48,3.0400000000000205,0.0
2015-12-23 23:00:00,54.94,4.4500000000000455,0.0
2015-12-24 00:00:00,49.73,4.055000000000007,0.0
2015-12-24 01:00:00,47.91,3.660000000000025,0.0
2015-12-24 02:00:00,45.51,3.1750000000000114,0.0
2015-12-24 03:00:00,43.13,2.6899999999999977,0.0
2015-12-24 04:00:00,44.28,1.955000000000041,0.0
2015-12-24 05:00:00,47.98,1.2200000000000273,0.0
2015-12-24 06:00:00,53.54,1.0600000000000023,0.0
2015-12-24 07:00:00,57.49,0.9000000000000341,0.0
2015-12-24 08:00:00,64.49,0.46050000000002456,0.0
2015-12-24 09:00:00,66.88,2.660000000000025,0.0
2015-12-24 10:00:00,63.91,3.3705000000000496,0.0
2015-12-24 11:00:00,60.79,6.720000000000027,0.0
2015-12-24 12:00:00,59.48,8.270000000000039,0.0
2015-12-24 13:00:00,55.98,9.82000000000005,0.0
2015-12-24 14:00:00,55.97,9.622000000000014,0.0
2015-12-24 15:00:00,55.85,10.390000000000043,0.0
2015-12-24 16:00:00,65.01,9.217000000000041,0.0
2015-12-24 17:00:00,70.86,9.010000000000048,0.0
2015-12-24 18:00:00,71.34,7.135000000000048,0.0
2015-12-24 19:00:00,72.33,5.260000000000048,0.0
2015-12-24 20:00:00,71.67,4.160000000000025,0.0
2015-12-24 21:00:00,67.84,3.5950000000000273,0.0
2015-12-24 22:00:00,55.75,3.0300000000000296,0.0
2015-12-24 23:00:00,55.94,2.4250000000000114,0.0
2015-12-25 00:00:00,53.09,1.82000000000005,0.0
2015-12-25 01:00:00,52.6,1.3500000000000227,0.0
2015-12-25 02:00:00,51.33,0.8799999999999955,0.0
2015-12-25 03:00:00,50.99,0.9200000000000159,0.0
2015-12-25 04:00:00,51.12,0.09000000000003183,0.0
2015-12-25 05:00:00,51.75,1.2145000000000437,0.0
2015-12-25 06:00:00,51.68,-0.23999999999995225,0.0
2015-12-25 07:00:00,52.01,-0.7599999999999909,0.0
2015-12-25 08:00:00,53.54,-0.7799999999999727,0.0
2015-12-25 09:00:00,56.57,1.420000000000016,0.0
2015-12-25 10:00:00,58.02,1.650000000000034,0.0
2015-12-25 11:00:00,57.61,7.6299999999999955,0.0
2015-12-25 12:00:00,57.57,8.379999999999995,0.0
2015-12-25 13:00:00,58.48,11.660000000000025,0.0
2015-12-25 14:00:00,54.23,12.19500000000005,0.0
2015-12-25 15:00:00,55.9,12.730000000000018,0.0
2015-12-25 16:00:00,62.04,12.210000000000036,0.0
2015-12-25 17:00:00,67.01,9.07000000000005,0.0
2015-12-25 18:00:00,67.93,7.715000000000032,0.0
2015-12-25 19:00:00,69.63,6.360000000000014,0.0
2015-12-25 20:00:00,69.4,4.8700000000000045,0.0
2015-12-25 21:00:00,64.28,3.900000000000034,0.0
2015-12-25 22:00:00,56.63,2.930000000000007,0.0
2015-12-25 23:00:00,51.92,2.8600000000000136,0.0
2015-12-26 00:00:00,49.57,1.740000000000009,0.0
2015-12-26 01:00:00,45.03,-1.061999999999955,0.0
2015-12-26 02:00:00,42.83,0.4800000000000182,0.0
2015-12-26 03:00:00,40.83,0.30000000000001137,0.0
2015-12-26 04:00:00,40.19,0.12000000000000455,0.0
2015-12-26 05:00:00,42.17,0.060000000000002274,0.0
2015-12-26 06:00:00,43.69,-0.17999999999994998,0.0
2015-12-26 07:00:00,48.89,-0.42999999999995,0.0
2015-12-26 08:00:00,53.12,0.26000000000004775,0.0
2015-12-26 09:00:00,61.22,2.3799999999999955,0.0
2015-12-26 10:00:00,58.23,2.7100000000000364,0.0
2015-12-26 11:00:00,57.83,6.25,0.0
2015-12-26 12:00:00,58.25,7.150000000000034,0.0
2015-12-26 13:00:00,58.78,9.760000000000048,0.0
2015-12-26 14:00:00,55.91,10.0,0.0
2015-12-26 15:00:00,56.08,11.020000000000039,0.0
2015-12-26 16:00:00,59.76,10.260000000000048,0.0
2015-12-26 17:00:00,61.99,6.970000000000027,0.0
2015-12-26 18:00:00,61.68,5.855000000000018,0.0
2015-12-26 19:00:00,61.64,4.740000000000009,0.0
2015-12-26 20:00:00,61.28,3.930000000000007,0.0
2015-12-26 21:00:00,58.06,3.0300000000000296,0.0
2015-12-26 22:00:00,50.62,2.1299999999999955,0.0
2015-12-26 23:00:00,45.65,1.7350000000000136,0.0
2015-12-27 00:00:00,41.61,1.3400000000000318,0.0
2015-12-27 01:00:00,38.64,1.1000000000000227,0.0
2015-12-27 02:00:00,34.32,0.8600000000000136,0.0
2015-12-27 03:00:00,31.69,0.8050000000000068,0.0
2015-12-27 04:00:00,29.84,0.75,0.0
2015-12-27 05:00:00,32.92,0.75,0.0
2015-12-27 06:00:00,32.79,0.26000000000004775,0.0
2015-12-27 07:00:00,34.87,0.6299999999999955,0.0
2015-12-27 08:00:00,40.87,1.2000000000000455,0.0
2015-12-27 09:00:00,45.66,1.400000000000034,0.0
2015-12-27 10:00:00,46.39,4.110000000000014,0.0
2015-12-27 11:00:00,44.45,4.930000000000007,0.0
2015-12-27 12:00:00,44.7,11.050000000000011,0.0
2015-12-27 13:00:00,43.85,11.300000000000011,0.0
2015-12-27 14:00:00,41.56,14.330000000000041,0.0
2015-12-27 15:00:00,38.59,13.450000000000045,0.0
2015-12-27 16:00:00,42.57,12.57000000000005,0.0
2015-12-27 17:00:00,47.69,12.340000000000032,0.0
2015-12-27 18:00:00,47.03,10.980000000000018,0.0
2015-12-27 19:00:00,44.83,9.82000000000005,0.0
2015-12-27 20:00:00,44.65,9.760000000000048,0.0
2015-12-27 21:00:00,42.4,9.53000000000003,0.0
2015-12-27 22:00:00,38.44,9.400000000000034,0.0
2015-12-27 23:00:00,40.91,8.470000000000027,0.0
2015-12-28 00:00:00,42.58,6.935000000000002,0.0
2015-12-28 01:00:00,31.52,5.400000000000034,0.0
2015-12-28 02:00:00,29.98,5.306500000000028,0.0
2015-12-28 03:00:00,28.54,3.57000000000005,0.0
2015-12-28 04:00:00,35.9,4.32650000000001,0.0
2015-12-28 05:00:00,39.55,3.4399999999999977,0.0
2015-12-28 06:00:00,46.03,3.3100000000000023,0.0
2015-12-28 07:00:00,50.38,3.180000000000007,0.0
2015-12-28 08:00:00,53.01,3.150000000000034,0.0
2015-12-28 09:00:00,57.28,5.110000000000014,0.0
2015-12-28 10:00:00,53.49,5.590000000000032,0.0
2015-12-28 11:00:00,51.53,11.270000000000039,0.0
2015-12-28 12:00:00,49.26,12.400000000000034,0.0
2015-12-28 13:00:00,46.29,14.110000000000014,0.0
2015-12-28 14:00:00,44.96,13.620000000000005,0.0
2015-12-28 15:00:00,47.73,13.129999999999995,0.0
2015-12-28 16:00:00,54.14,11.450000000000045,0.0
2015-12-28 17:00:00,58.69,10.890000000000043,0.0
2015-12-28 18:00:00,60.76,10.740000000000009,0.0
2015-12-28 19:00:00,63.39,10.590000000000032,0.0
2015-12-28 20:00:00,61.43,11.910000000000025,0.0
2015-12-28 21:00:00,55.05,11.775000000000034,0.0
2015-12-28 22:00:00,52.85,11.640000000000043,0.0
2015-12-28 23:00:00,47.01,10.955000000000041,0.0
2015-12-29 00:00:00,42.78,10.270000000000039,0.0
2015-12-29 01:00:00,43.34,10.075000000000045,0.0
2015-12-29 02:00:00,43.57,9.879999999999995,0.0
2015-12-29 03:00:00,46.39,9.225000000000023,0.0
2015-12-29 04:00:00,43.43,8.57000000000005,0.0
2015-12-29 05:00:00,48.08,8.220000000000027,0.0
2015-12-29 06:00:00,55.3,6.800000000000011,0.0
2015-12-29 07:00:00,60.59,6.470000000000027,0.0
2015-12-29 08:00:00,65.47,6.050000000000011,0.0
2015-12-29 09:00:00,66.85,6.560000000000002,0.0
2015-12-29 10:00:00,62.68,7.07000000000005,0.0
2015-12-29 11:00:00,61.24,7.310000000000002,0.0
2015-12-29 12:00:00,59.27,8.950000000000045,0.0
2015-12-29 13:00:00,58.23,9.170000000000016,0.0
2015-12-29 14:00:00,57.21,9.870000000000005,0.0
2015-12-29 15:00:00,57.81,10.28000000000003,0.0
2015-12-29 16:00:00,62.31,10.120000000000005,0.0
2015-12-29 17:00:00,68.69,8.278500000000008,0.0
2015-12-29 18:00:00,69.77,8.350000000000023,0.0
2015-12-29 19:00:00,70.14,7.510000000000048,0.0
2015-12-29 20:00:00,67.36,6.017500000000041,0.0
2015-12-29 21:00:00,59.38,7.360000000000014,0.0
2015-12-29 22:00:00,56.8,5.84250000000003,0.0
2015-12-29 23:00:00,48.4,7.160000000000025,0.0
2015-12-30 00:00:00,43.61,7.060000000000002,0.0
2015-12-30 01:00:00,39.28,6.960000000000036,0.0
2015-12-30 02:00:00,38.33,3.0610000000000355,0.0
2015-12-30 03:00:00,37.5,6.810000000000002,0.0
2015-12-30 04:00:00,37.4,2.9610000000000127,0.0
2015-12-30 05:00:00,42.42,6.760000000000048,0.0
2015-12-30 06:00:00,49.36,6.715000000000032,0.0
2015-12-30 07:00:00,56.03,6.670000000000016,0.0
2015-12-30 08:00:00,58.21,7.010000000000048,0.0
2015-12-30 09:00:00,60.7,7.240000000000009,0.0
2015-12-30 10:00:00,58.1,7.715000000000032,0.0
2015-12-30 11:00:00,56.56,8.189999999999998,0.0
2015-12-30 12:00:00,54.28,8.379999999999995,0.0
2015-12-30 13:00:00,46.55,9.07000000000005,0.0
2015-12-30 14:00:00,45.67,9.07000000000005,0.0
2015-12-30 15:00:00,46.73,9.129999999999995,0.0
2015-12-30 16:00:00,55.22,9.189999999999998,0.0
2015-12-30 17:00:00,61.21,8.870000000000005,0.0
2015-12-30 18:00:00,62.65,8.564999999999998,0.0
2015-12-30 19:00:00,65.28,8.260000000000048,0.0
2015-12-30 20:00:00,61.28,8.260000000000048,0.0
2015-12-30 21:00:00,56.86,7.920000000000016,0.0
2015-12-30 22:00:00,55.74,8.210000000000036,0.0
2015-12-30 23:00:00,45.93,8.5,0.0
2015-12-31 00:00:00,43.26,8.100000000000023,0.0
2015-12-31 01:00:00,39.55,7.7000000000000455,0.0
2015-12-31 02:00:00,38.33,8.075000000000045,0.0
2015-12-31 03:00:00,37.28,8.450000000000045,0.0
2015-12-31 04:00:00,39.74,8.439999999999998,0.0
2015-12-31 05:00:00,44.27,8.430000000000007,0.0
2015-12-31 06:00:00,53.98,7.920000000000016,0.0
2015-12-31 07:00:00,59.66,7.939999999999998,0.0
2015-12-31 08:00:00,61.89,8.550000000000011,0.0
2015-12-31 09:00:00,66.28,8.660000000000025,0.0
2015-12-31 10:00:00,66.11,9.120000000000005,0.0
2015-12-31 11:00:00,64.38,10.129999999999995,0.0
2015-12-31 12:00:00,61.86,11.140000000000043,0.0
2015-12-31 13:00:00,60.94,11.560000000000002,0.0
2015-12-31 14:00:00,60.28,12.180000000000007,0.0
2015-12-31 15:00:00,62.11,12.150000000000034,0.0
2015-12-31 16:00:00,65.97,11.660000000000025,0.0
2015-12-31 17:00:00,74.94,9.733000000000004,0.0
2015-12-31 18:00:00,75.87,10.78000000000003,0.0
2015-12-31 19:00:00,75.53,9.680000000000007,0.0
2015-12-31 20:00:00,72.27,9.410000000000025,0.0
2015-12-31 21:00:00,65.52,8.925000000000011,0.0
2015-12-31 22:00:00,59.53,8.439999999999998,0.0
2015-12-31 23:00:00,57.85,6.230500000000006,0.0
